id,assignment_id,student_id,score,released_at
grd_1,asg_0001,stu_1249,113,2026-10-01 02:42:11
grd_2,asg_0001,stu_0233,141,2026-09-30 02:18:21
grd_3,asg_0001,stu_0755,135,2026-10-09 15:26:24
grd_4,asg_0001,stu_0632,126,2026-10-01 09:18:38
grd_5,asg_0001,stu_0154,112,2026-09-28 11:22:37
grd_6,asg_0001,stu_0174,135,2026-10-10 01:12:46
grd_7,asg_0001,stu_0945,83,2026-10-01 22:50:36
grd_8,asg_0001,stu_0383,97,2026-10-03 04:28:52
grd_9,asg_0001,stu_0200,105,2026-10-02 02:10:29
grd_10,asg_0001,stu_0760,89,2026-10-03 03:37:14
grd_11,asg_0001,stu_1397,132,2026-10-01 14:35:53
grd_12,asg_0001,stu_0754,132,2026-09-30 15:56:17
grd_13,asg_0001,stu_1185,124,2026-10-01 06:00:15
grd_14,asg_0001,stu_1306,119,2026-10-01 15:12:32
grd_15,asg_0001,stu_0817,139,2026-10-01 13:58:59
grd_16,asg_0001,stu_0567,100,2026-10-05 06:01:30
grd_17,asg_0001,stu_1202,87,2026-09-29 10:26:32
grd_18,asg_0001,stu_0688,118,2026-10-08 11:27:29
grd_19,asg_0001,stu_1057,117,2026-10-09 03:49:21
grd_20,asg_0001,stu_1385,90,2026-10-04 21:55:49
grd_21,asg_0001,stu_1231,117,2026-10-09 07:32:29
grd_22,asg_0001,stu_0188,111,2026-10-11 10:52:54
grd_23,asg_0001,stu_1336,132,2026-10-03 06:22:38
grd_24,asg_0001,stu_1107,104,2026-10-06 12:51:07
grd_25,asg_0001,stu_1366,127,2026-09-28 16:39:21
grd_26,asg_0001,stu_0408,111,2026-10-05 01:08:45
grd_27,asg_0001,stu_0115,100,2026-10-03 18:05:33
grd_28,asg_0001,stu_1036,128,2026-09-30 07:22:38
grd_29,asg_0001,stu_0069,109,2026-10-07 04:31:35
grd_30,asg_0001,stu_1383,126,2026-10-08 21:37:19
grd_31,asg_0001,stu_0694,93,2026-10-02 19:48:50
grd_32,asg_0001,stu_1146,120,2026-10-05 00:49:18
grd_33,asg_0001,stu_1396,91,2026-10-10 04:23:42
grd_34,asg_0002,stu_0755,40,2026-10-15 22:51:27
grd_35,asg_0002,stu_0632,36,2026-10-18 18:59:20
grd_36,asg_0002,stu_0154,33,2026-10-14 22:59:33
grd_37,asg_0002,stu_0174,28,2026-10-07 18:24:22
grd_38,asg_0002,stu_0945,37,2026-10-12 15:58:58
grd_39,asg_0002,stu_0383,44,2026-10-13 15:39:45
grd_40,asg_0002,stu_0200,42,2026-10-09 22:46:33
grd_41,asg_0002,stu_1397,39,2026-10-11 19:46:02
grd_42,asg_0002,stu_0754,37,2026-10-13 15:24:16
grd_43,asg_0002,stu_0171,44,2026-10-11 17:38:24
grd_44,asg_0002,stu_1306,28,2026-10-14 20:14:41
grd_45,asg_0002,stu_0817,34,2026-10-14 05:30:51
grd_46,asg_0002,stu_1202,37,2026-10-06 22:41:54
grd_47,asg_0002,stu_1314,30,2026-10-07 17:20:10
grd_48,asg_0002,stu_0688,29,2026-10-06 11:53:23
grd_49,asg_0002,stu_1385,43,2026-10-17 15:53:40
grd_50,asg_0002,stu_1231,38,2026-10-08 09:44:42
grd_51,asg_0002,stu_0188,34,2026-10-14 00:13:25
grd_52,asg_0002,stu_0408,30,2026-10-16 20:33:19
grd_53,asg_0002,stu_0115,45,2026-10-05 18:03:57
grd_54,asg_0002,stu_1036,46,2026-10-10 18:08:31
grd_55,asg_0002,stu_0069,48,2026-10-14 06:29:29
grd_56,asg_0002,stu_0694,35,2026-10-08 06:02:17
grd_57,asg_0002,stu_1146,38,2026-10-10 19:16:36
grd_58,asg_0003,stu_1249,63,2026-11-04 01:29:59
grd_59,asg_0003,stu_0233,96,2026-10-27 16:11:17
grd_60,asg_0003,stu_0632,77,2026-11-01 23:35:18
grd_61,asg_0003,stu_0154,65,2026-10-27 20:59:19
grd_62,asg_0003,stu_0174,81,2026-10-23 12:37:53
grd_63,asg_0003,stu_0945,93,2026-11-05 08:33:57
grd_64,asg_0003,stu_0383,65,2026-10-31 21:24:26
grd_65,asg_0003,stu_1397,69,2026-10-31 21:47:19
grd_66,asg_0003,stu_0754,86,2026-10-29 00:07:15
grd_67,asg_0003,stu_1185,64,2026-11-01 06:35:56
grd_68,asg_0003,stu_0171,70,2026-10-31 05:31:43
grd_69,asg_0003,stu_1306,75,2026-11-05 04:33:02
grd_70,asg_0003,stu_0817,83,2026-11-05 23:07:41
grd_71,asg_0003,stu_0567,74,2026-11-01 16:58:44
grd_72,asg_0003,stu_1202,63,2026-10-30 22:48:29
grd_73,asg_0003,stu_1314,93,2026-11-01 03:47:11
grd_74,asg_0003,stu_0688,95,2026-10-28 01:27:32
grd_75,asg_0003,stu_1057,91,2026-11-04 09:40:45
grd_76,asg_0003,stu_1385,85,2026-10-28 17:02:38
grd_77,asg_0003,stu_1336,93,2026-11-06 17:10:08
grd_78,asg_0003,stu_1366,60,2026-10-26 13:21:26
grd_79,asg_0003,stu_0408,78,2026-11-03 14:36:30
grd_80,asg_0003,stu_0115,78,2026-10-26 19:34:46
grd_81,asg_0003,stu_1036,89,2026-10-28 01:35:33
grd_82,asg_0003,stu_0069,77,2026-10-29 09:57:45
grd_83,asg_0003,stu_1383,86,2026-11-01 00:27:49
grd_84,asg_0003,stu_0694,70,2026-11-02 05:10:10
grd_85,asg_0004,stu_1249,190,2026-11-04 09:23:03
grd_86,asg_0004,stu_0233,128,2026-11-06 06:36:13
grd_87,asg_0004,stu_0755,127,2026-11-06 07:36:18
grd_88,asg_0004,stu_0632,166,2026-11-08 05:44:46
grd_89,asg_0004,stu_0154,146,2026-10-31 11:01:40
grd_90,asg_0004,stu_0200,192,2026-11-03 17:17:45
grd_91,asg_0004,stu_0760,140,2026-11-07 02:14:02
grd_92,asg_0004,stu_1397,181,2026-11-04 05:11:50
grd_93,asg_0004,stu_0171,110,2026-11-05 17:11:52
grd_94,asg_0004,stu_1306,149,2026-11-08 06:47:41
grd_95,asg_0004,stu_1202,152,2026-11-08 10:59:03
grd_96,asg_0004,stu_1314,148,2026-11-07 09:05:29
grd_97,asg_0004,stu_1385,136,2026-10-30 15:21:02
grd_98,asg_0004,stu_1231,166,2026-11-03 15:44:19
grd_99,asg_0004,stu_1336,149,2026-11-03 17:58:26
grd_100,asg_0004,stu_1366,138,2026-11-01 11:27:47
grd_101,asg_0004,stu_0408,135,2026-11-05 12:09:20
grd_102,asg_0004,stu_1036,121,2026-11-09 13:16:58
grd_103,asg_0004,stu_0069,144,2026-11-07 17:22:49
grd_104,asg_0004,stu_1383,159,2026-11-04 10:39:47
grd_105,asg_0004,stu_1146,119,2026-11-08 10:34:18
grd_106,asg_0005,stu_0233,73,2026-11-30 14:27:43
grd_107,asg_0005,stu_0755,77,2026-11-23 19:03:10
grd_108,asg_0005,stu_0154,59,2026-11-27 15:21:27
grd_109,asg_0005,stu_0945,83,2026-12-03 17:28:53
grd_110,asg_0005,stu_0383,88,2026-11-28 22:47:27
grd_111,asg_0005,stu_0200,92,2026-11-29 17:25:06
grd_112,asg_0005,stu_1397,57,2026-12-03 05:50:30
grd_113,asg_0005,stu_1185,94,2026-11-28 22:49:34
grd_114,asg_0005,stu_1306,72,2026-11-27 02:40:30
grd_115,asg_0005,stu_0817,56,2026-11-25 04:35:11
grd_116,asg_0005,stu_0567,56,2026-11-25 09:02:42
grd_117,asg_0005,stu_1202,72,2026-11-30 17:59:49
grd_118,asg_0005,stu_1314,84,2026-11-27 15:32:27
grd_119,asg_0005,stu_0688,68,2026-11-28 13:01:42
grd_120,asg_0005,stu_1057,68,2026-11-28 22:16:17
grd_121,asg_0005,stu_1385,75,2026-12-01 11:28:37
grd_122,asg_0005,stu_1231,60,2026-12-05 04:40:10
grd_123,asg_0005,stu_0188,97,2026-11-30 08:13:58
grd_124,asg_0005,stu_1336,66,2026-12-04 18:02:25
grd_125,asg_0005,stu_1107,83,2026-12-04 09:30:44
grd_126,asg_0005,stu_1366,56,2026-11-25 23:05:13
grd_127,asg_0005,stu_0115,69,2026-11-29 14:59:33
grd_128,asg_0005,stu_1036,74,2026-12-02 23:29:33
grd_129,asg_0005,stu_0069,65,2026-11-28 10:23:15
grd_130,asg_0005,stu_1383,64,2026-12-02 11:39:38
grd_131,asg_0005,stu_0694,92,2026-11-29 13:59:51
grd_132,asg_0005,stu_1146,89,2026-12-04 17:41:28
grd_133,asg_0005,stu_1396,95,2026-11-25 21:03:38
grd_134,asg_0006,stu_1249,83,2026-12-04 10:36:02
grd_135,asg_0006,stu_0233,87,2026-12-03 09:40:43
grd_136,asg_0006,stu_0154,56,2026-11-30 09:15:35
grd_137,asg_0006,stu_0174,94,2026-12-03 14:36:02
grd_138,asg_0006,stu_0945,55,2026-12-03 11:38:58
grd_139,asg_0006,stu_0200,71,2026-11-27 10:59:00
grd_140,asg_0006,stu_0760,96,2026-11-27 07:05:24
grd_141,asg_0006,stu_0754,85,2026-11-29 17:07:28
grd_142,asg_0006,stu_1185,56,2026-12-01 10:02:46
grd_143,asg_0006,stu_0567,75,2026-12-05 09:48:56
grd_144,asg_0006,stu_1202,55,2026-12-02 05:43:07
grd_145,asg_0006,stu_1314,64,2026-11-30 17:53:31
grd_146,asg_0006,stu_0688,78,2026-12-02 11:24:51
grd_147,asg_0006,stu_1057,62,2026-12-05 12:37:18
grd_148,asg_0006,stu_1231,84,2026-11-29 15:11:30
grd_149,asg_0006,stu_0188,92,2026-12-05 15:52:19
grd_150,asg_0006,stu_1336,95,2026-11-30 09:17:42
grd_151,asg_0006,stu_0408,63,2026-12-07 13:01:46
grd_152,asg_0006,stu_1036,65,2026-11-29 17:05:48
grd_153,asg_0006,stu_0069,64,2026-12-05 13:30:58
grd_154,asg_0006,stu_0694,71,2026-12-07 05:46:18
grd_155,asg_0006,stu_1146,64,2026-11-28 09:23:22
grd_156,asg_0007,stu_0729,123,2026-10-05 12:32:30
grd_157,asg_0007,stu_1004,130,2026-10-05 20:36:02
grd_158,asg_0007,stu_0402,113,2026-10-03 00:15:52
grd_159,asg_0007,stu_1294,177,2026-09-29 23:40:41
grd_160,asg_0007,stu_1219,190,2026-09-27 10:55:11
grd_161,asg_0007,stu_1394,175,2026-10-05 04:19:57
grd_162,asg_0007,stu_0789,151,2026-09-25 23:35:43
grd_163,asg_0007,stu_1287,183,2026-09-29 19:25:35
grd_164,asg_0007,stu_1115,115,2026-09-30 21:50:21
grd_165,asg_0007,stu_0978,172,2026-10-10 04:08:03
grd_166,asg_0007,stu_1097,157,2026-09-30 16:28:12
grd_167,asg_0007,stu_1148,176,2026-09-30 08:26:09
grd_168,asg_0007,stu_1370,173,2026-10-01 06:40:25
grd_169,asg_0007,stu_1059,120,2026-09-28 15:05:05
grd_170,asg_0007,stu_0913,155,2026-10-05 17:16:52
grd_171,asg_0007,stu_0323,144,2026-10-01 11:58:10
grd_172,asg_0007,stu_1221,154,2026-09-24 19:58:10
grd_173,asg_0007,stu_1256,136,2026-09-29 16:16:13
grd_174,asg_0007,stu_0423,141,2026-09-28 12:22:23
grd_175,asg_0007,stu_0012,142,2026-09-24 01:00:00
grd_176,asg_0007,stu_1012,128,2026-10-04 08:43:41
grd_177,asg_0007,stu_0174,165,2026-10-09 08:54:53
grd_178,asg_0007,stu_0072,178,2026-10-04 22:05:34
grd_179,asg_0008,stu_1339,114,2026-10-13 04:00:12
grd_180,asg_0008,stu_1004,119,2026-10-13 06:14:02
grd_181,asg_0008,stu_1269,125,2026-10-20 09:51:13
grd_182,asg_0008,stu_1258,131,2026-10-12 22:25:14
grd_183,asg_0008,stu_1294,142,2026-10-08 15:26:26
grd_184,asg_0008,stu_0864,111,2026-10-15 02:59:23
grd_185,asg_0008,stu_1394,103,2026-10-13 03:17:28
grd_186,asg_0008,stu_0789,143,2026-10-10 18:36:45
grd_187,asg_0008,stu_1287,129,2026-10-14 03:37:54
grd_188,asg_0008,stu_1115,95,2026-10-16 12:03:17
grd_189,asg_0008,stu_0978,135,2026-10-21 03:23:05
grd_190,asg_0008,stu_1148,86,2026-10-10 12:33:46
grd_191,asg_0008,stu_1370,140,2026-10-20 00:14:19
grd_192,asg_0008,stu_1059,91,2026-10-11 04:14:47
grd_193,asg_0008,stu_0913,111,2026-10-15 23:22:31
grd_194,asg_0008,stu_0323,111,2026-10-18 06:09:32
grd_195,asg_0008,stu_1221,86,2026-10-19 21:45:00
grd_196,asg_0008,stu_0559,94,2026-10-15 07:27:19
grd_197,asg_0008,stu_0130,112,2026-10-11 13:43:36
grd_198,asg_0008,stu_1256,105,2026-10-18 14:37:19
grd_199,asg_0008,stu_0423,95,2026-10-09 04:15:18
grd_200,asg_0008,stu_1012,102,2026-10-15 11:01:43
grd_201,asg_0008,stu_1140,111,2026-10-19 01:58:27
grd_202,asg_0008,stu_0174,137,2026-10-21 05:40:10
grd_203,asg_0008,stu_0072,144,2026-10-17 21:42:45
grd_204,asg_0009,stu_0729,89,2026-10-22 15:36:16
grd_205,asg_0009,stu_1339,96,2026-10-23 19:31:13
grd_206,asg_0009,stu_1004,97,2026-10-20 21:17:29
grd_207,asg_0009,stu_0402,66,2026-10-27 07:45:04
grd_208,asg_0009,stu_1258,60,2026-10-27 15:00:15
grd_209,asg_0009,stu_1294,97,2026-10-21 06:51:57
grd_210,asg_0009,stu_1219,69,2026-10-20 10:26:31
grd_211,asg_0009,stu_0864,93,2026-10-22 15:54:02
grd_212,asg_0009,stu_1394,95,2026-10-17 09:14:39
grd_213,asg_0009,stu_1115,59,2026-10-21 12:18:59
grd_214,asg_0009,stu_0978,82,2026-10-21 18:32:06
grd_215,asg_0009,stu_1148,86,2026-10-20 11:26:22
grd_216,asg_0009,stu_1370,71,2026-10-18 21:38:13
grd_217,asg_0009,stu_0913,67,2026-10-21 05:06:16
grd_218,asg_0009,stu_1256,89,2026-10-19 05:07:03
grd_219,asg_0009,stu_0423,77,2026-10-20 23:55:51
grd_220,asg_0009,stu_1140,96,2026-10-17 00:46:21
grd_221,asg_0010,stu_0729,61,2026-11-06 01:34:28
grd_222,asg_0010,stu_1339,92,2026-11-05 14:47:10
grd_223,asg_0010,stu_1004,84,2026-11-06 14:28:45
grd_224,asg_0010,stu_0402,88,2026-11-11 23:19:53
grd_225,asg_0010,stu_1258,75,2026-11-05 15:47:35
grd_226,asg_0010,stu_1219,77,2026-11-14 08:14:23
grd_227,asg_0010,stu_0864,90,2026-11-12 03:11:45
grd_228,asg_0010,stu_1394,95,2026-11-06 21:24:14
grd_229,asg_0010,stu_0789,56,2026-11-10 23:20:56
grd_230,asg_0010,stu_1287,92,2026-11-11 13:01:06
grd_231,asg_0010,stu_1115,69,2026-11-09 14:27:35
grd_232,asg_0010,stu_1097,86,2026-11-06 14:44:51
grd_233,asg_0010,stu_1148,74,2026-11-10 00:29:01
grd_234,asg_0010,stu_1370,93,2026-11-15 12:45:56
grd_235,asg_0010,stu_0913,65,2026-11-13 03:19:19
grd_236,asg_0010,stu_0323,81,2026-11-12 20:13:14
grd_237,asg_0010,stu_0559,60,2026-11-15 12:15:14
grd_238,asg_0010,stu_0130,60,2026-11-12 12:50:53
grd_239,asg_0010,stu_1256,76,2026-11-12 17:05:42
grd_240,asg_0010,stu_0012,69,2026-11-07 00:00:00
grd_241,asg_0010,stu_1012,88,2026-11-09 08:50:10
grd_242,asg_0010,stu_1140,68,2026-11-04 17:34:15
grd_243,asg_0010,stu_0072,85,2026-11-11 12:20:25
grd_244,asg_0011,stu_0729,115,2026-11-23 11:37:49
grd_245,asg_0011,stu_1004,111,2026-11-24 12:36:48
grd_246,asg_0011,stu_0402,120,2026-11-27 12:47:25
grd_247,asg_0011,stu_1269,151,2026-11-23 13:29:40
grd_248,asg_0011,stu_1258,184,2026-11-30 19:19:13
grd_249,asg_0011,stu_1294,151,2026-12-03 15:26:01
grd_250,asg_0011,stu_1219,131,2026-11-23 07:38:04
grd_251,asg_0011,stu_0864,172,2026-11-24 20:26:06
grd_252,asg_0011,stu_1394,186,2026-11-28 03:55:21
grd_253,asg_0011,stu_1287,180,2026-11-27 04:42:27
grd_254,asg_0011,stu_1115,189,2026-11-24 18:45:47
grd_255,asg_0011,stu_0978,180,2026-11-24 10:14:15
grd_256,asg_0011,stu_1097,171,2026-11-21 23:44:51
grd_257,asg_0011,stu_1148,181,2026-11-27 19:58:27
grd_258,asg_0011,stu_1370,157,2026-12-01 06:00:12
grd_259,asg_0011,stu_1059,136,2026-11-22 22:53:36
grd_260,asg_0011,stu_1221,114,2026-11-29 06:04:29
grd_261,asg_0011,stu_0559,122,2026-11-20 01:22:10
grd_262,asg_0011,stu_0130,128,2026-12-01 17:17:53
grd_263,asg_0011,stu_1256,166,2026-11-28 05:08:27
grd_264,asg_0011,stu_0423,127,2026-12-01 23:55:03
grd_265,asg_0011,stu_0012,112,2026-11-27 20:47:13
grd_266,asg_0011,stu_1012,146,2026-11-29 01:11:18
grd_267,asg_0011,stu_1140,128,2026-12-01 05:17:04
grd_268,asg_0011,stu_0174,193,2026-11-23 19:47:11
grd_269,asg_0012,stu_0729,62,2026-12-12 10:21:50
grd_270,asg_0012,stu_0402,64,2026-12-07 15:56:08
grd_271,asg_0012,stu_1258,57,2026-12-16 04:05:16
grd_272,asg_0012,stu_1219,60,2026-12-16 16:39:26
grd_273,asg_0012,stu_0864,89,2026-12-18 01:54:32
grd_274,asg_0012,stu_0789,65,2026-12-10 18:21:02
grd_275,asg_0012,stu_1287,68,2026-12-17 09:57:43
grd_276,asg_0012,stu_1115,66,2026-12-11 13:20:19
grd_277,asg_0012,stu_0978,59,2026-12-19 00:10:50
grd_278,asg_0012,stu_1097,57,2026-12-09 01:22:09
grd_279,asg_0012,stu_1148,59,2026-12-21 15:32:09
grd_280,asg_0012,stu_1370,92,2026-12-17 08:39:46
grd_281,asg_0012,stu_1059,60,2026-12-14 04:33:13
grd_282,asg_0012,stu_0913,88,2026-12-12 20:30:54
grd_283,asg_0012,stu_0323,80,2026-12-08 07:35:11
grd_284,asg_0012,stu_0559,66,2026-12-12 07:20:10
grd_285,asg_0012,stu_0130,97,2026-12-11 02:57:25
grd_286,asg_0012,stu_1256,94,2026-12-17 15:57:01
grd_287,asg_0012,stu_0012,66,2026-12-06 23:00:00
grd_288,asg_0012,stu_1012,59,2026-12-11 18:34:45
grd_289,asg_0012,stu_1140,83,2026-12-06 15:47:27
grd_290,asg_0012,stu_0174,73,2026-12-10 21:06:21
grd_291,asg_0012,stu_0072,85,2026-12-05 02:09:30
grd_292,asg_0013,stu_0295,118,2026-09-22 19:59:02
grd_293,asg_0013,stu_0400,145,2026-09-23 09:24:43
grd_294,asg_0013,stu_1142,108,2026-09-23 16:13:44
grd_295,asg_0013,stu_0115,93,2026-09-20 19:55:48
grd_296,asg_0013,stu_1269,109,2026-09-22 15:09:10
grd_297,asg_0013,stu_0478,130,2026-09-20 14:31:50
grd_298,asg_0013,stu_0102,131,2026-09-18 11:12:39
grd_299,asg_0013,stu_0411,113,2026-09-23 21:01:15
grd_300,asg_0013,stu_1247,95,2026-09-28 13:32:28
grd_301,asg_0013,stu_0122,136,2026-09-21 15:31:35
grd_302,asg_0013,stu_1265,106,2026-09-18 12:08:10
grd_303,asg_0013,stu_0234,106,2026-09-27 20:33:48
grd_304,asg_0013,stu_0281,132,2026-09-25 17:38:57
grd_305,asg_0013,stu_1399,117,2026-09-28 10:21:43
grd_306,asg_0013,stu_0940,140,2026-09-20 16:27:14
grd_307,asg_0013,stu_0211,137,2026-09-23 18:53:58
grd_308,asg_0013,stu_1306,123,2026-09-27 18:19:22
grd_309,asg_0013,stu_0796,86,2026-09-23 11:46:34
grd_310,asg_0013,stu_0580,135,2026-09-23 11:02:26
grd_311,asg_0013,stu_1299,121,2026-09-18 13:14:48
grd_312,asg_0013,stu_1333,94,2026-09-28 12:05:51
grd_313,asg_0013,stu_1227,145,2026-09-21 15:30:04
grd_314,asg_0014,stu_0163,138,2026-10-11 08:33:13
grd_315,asg_0014,stu_0295,103,2026-10-10 21:57:54
grd_316,asg_0014,stu_1108,120,2026-10-03 15:36:05
grd_317,asg_0014,stu_0495,89,2026-10-10 20:37:25
grd_318,asg_0014,stu_0115,96,2026-10-10 19:07:44
grd_319,asg_0014,stu_0478,128,2026-10-11 19:36:54
grd_320,asg_0014,stu_0102,107,2026-10-08 06:17:16
grd_321,asg_0014,stu_0411,129,2026-10-05 03:21:05
grd_322,asg_0014,stu_0122,123,2026-10-06 01:50:33
grd_323,asg_0014,stu_0281,128,2026-10-12 03:01:25
grd_324,asg_0014,stu_1399,126,2026-10-05 01:44:11
grd_325,asg_0014,stu_1306,138,2026-10-10 06:52:16
grd_326,asg_0014,stu_0580,131,2026-10-04 07:45:58
grd_327,asg_0014,stu_1299,101,2026-10-05 14:29:57
grd_328,asg_0014,stu_1227,142,2026-10-10 21:25:14
grd_329,asg_0015,stu_0163,39,2026-10-21 03:40:23
grd_330,asg_0015,stu_0400,47,2026-10-18 09:23:45
grd_331,asg_0015,stu_0036,46,2026-10-22 04:43:53
grd_332,asg_0015,stu_0478,28,2026-10-24 12:54:47
grd_333,asg_0015,stu_0102,42,2026-10-26 19:34:17
grd_334,asg_0015,stu_0743,28,2026-10-16 18:14:37
grd_335,asg_0015,stu_0411,28,2026-10-20 02:21:27
grd_336,asg_0015,stu_0880,34,2026-10-17 03:52:08
grd_337,asg_0015,stu_0234,45,2026-10-21 14:28:02
grd_338,asg_0015,stu_0281,28,2026-10-22 14:21:24
grd_339,asg_0015,stu_1399,38,2026-10-20 18:40:12
grd_340,asg_0015,stu_0846,39,2026-10-26 20:08:22
grd_341,asg_0015,stu_0940,34,2026-10-18 12:41:12
grd_342,asg_0015,stu_0211,34,2026-10-21 08:53:56
grd_343,asg_0015,stu_0006,48,2026-10-26 20:28:41
grd_344,asg_0015,stu_1306,36,2026-10-17 07:06:32
grd_345,asg_0015,stu_0796,42,2026-10-21 04:04:39
grd_346,asg_0015,stu_1086,45,2026-10-24 03:19:34
grd_347,asg_0015,stu_0580,40,2026-10-24 22:07:16
grd_348,asg_0015,stu_0355,34,2026-10-17 14:39:43
grd_349,asg_0015,stu_1333,41,2026-10-16 21:50:54
grd_350,asg_0015,stu_1227,44,2026-10-21 04:49:06
grd_351,asg_0016,stu_0163,39,2026-11-14 17:16:41
grd_352,asg_0016,stu_0295,48,2026-11-14 07:26:26
grd_353,asg_0016,stu_0400,31,2026-11-09 19:29:49
grd_354,asg_0016,stu_1108,32,2026-11-12 06:29:48
grd_355,asg_0016,stu_1142,45,2026-11-11 00:05:14
grd_356,asg_0016,stu_0115,46,2026-11-06 17:12:00
grd_357,asg_0016,stu_0036,39,2026-11-17 06:43:01
grd_358,asg_0016,stu_1269,33,2026-11-15 12:56:28
grd_359,asg_0016,stu_0478,47,2026-11-13 06:28:31
grd_360,asg_0016,stu_0743,45,2026-11-12 23:06:57
grd_361,asg_0016,stu_0411,28,2026-11-05 06:50:47
grd_362,asg_0016,stu_1247,39,2026-11-13 19:43:30
grd_363,asg_0016,stu_0122,34,2026-11-08 01:40:27
grd_364,asg_0016,stu_0880,31,2026-11-09 20:08:47
grd_365,asg_0016,stu_0234,33,2026-11-13 12:41:26
grd_366,asg_0016,stu_1399,41,2026-11-08 09:34:48
grd_367,asg_0016,stu_0846,31,2026-11-09 00:50:32
grd_368,asg_0016,stu_0940,42,2026-11-15 16:47:03
grd_369,asg_0016,stu_0006,32,2026-11-17 21:06:37
grd_370,asg_0016,stu_1306,48,2026-11-11 05:37:40
grd_371,asg_0016,stu_0580,42,2026-11-15 03:55:20
grd_372,asg_0016,stu_1299,42,2026-11-08 01:02:17
grd_373,asg_0016,stu_0355,30,2026-11-10 17:43:06
grd_374,asg_0016,stu_1333,44,2026-11-12 23:06:12
grd_375,asg_0016,stu_1227,42,2026-11-06 20:51:03
grd_376,asg_0017,stu_0163,30,2026-12-02 06:07:41
grd_377,asg_0017,stu_0400,47,2026-12-03 22:03:05
grd_378,asg_0017,stu_0495,41,2026-11-25 23:50:48
grd_379,asg_0017,stu_1142,45,2026-12-05 21:13:15
grd_380,asg_0017,stu_0115,34,2026-12-01 15:43:37
grd_381,asg_0017,stu_0036,41,2026-11-24 20:52:36
grd_382,asg_0017,stu_1269,32,2026-11-28 03:33:10
grd_383,asg_0017,stu_0478,32,2026-11-29 08:29:05
grd_384,asg_0017,stu_0102,29,2026-11-29 16:19:27
grd_385,asg_0017,stu_0743,28,2026-11-28 05:33:26
grd_386,asg_0017,stu_0411,32,2026-11-28 03:14:48
grd_387,asg_0017,stu_0880,44,2026-11-28 11:53:23
grd_388,asg_0017,stu_0234,48,2026-12-03 16:33:43
grd_389,asg_0017,stu_0281,37,2026-11-30 07:41:36
grd_390,asg_0017,stu_1399,34,2026-12-05 18:31:37
grd_391,asg_0017,stu_0846,39,2026-12-07 22:08:22
grd_392,asg_0017,stu_0940,41,2026-12-01 06:59:24
grd_393,asg_0017,stu_0211,29,2026-12-07 03:11:10
grd_394,asg_0017,stu_0006,28,2026-11-23 19:28:21
grd_395,asg_0017,stu_1306,43,2026-11-27 21:38:13
grd_396,asg_0017,stu_0580,40,2026-11-25 11:23:13
grd_397,asg_0017,stu_1299,31,2026-11-27 14:51:56
grd_398,asg_0017,stu_0355,48,2026-11-20 17:37:56
grd_399,asg_0017,stu_1333,28,2026-11-25 04:32:58
grd_400,asg_0017,stu_1227,47,2026-12-02 21:18:11
grd_401,asg_0018,stu_0295,139,2026-12-05 10:55:28
grd_402,asg_0018,stu_0400,152,2026-12-01 14:10:02
grd_403,asg_0018,stu_1108,143,2026-12-02 12:48:47
grd_404,asg_0018,stu_0495,142,2026-12-01 17:47:55
grd_405,asg_0018,stu_1142,151,2026-12-05 07:33:38
grd_406,asg_0018,stu_0707,130,2026-11-29 15:04:36
grd_407,asg_0018,stu_0115,136,2026-11-28 14:26:13
grd_408,asg_0018,stu_1269,158,2026-11-27 17:14:03
grd_409,asg_0018,stu_0478,123,2026-11-30 16:42:36
grd_410,asg_0018,stu_0102,153,2026-12-03 16:33:37
grd_411,asg_0018,stu_1247,118,2026-12-01 12:47:17
grd_412,asg_0018,stu_0281,140,2026-11-28 14:09:47
grd_413,asg_0018,stu_1399,137,2026-12-03 13:06:49
grd_414,asg_0018,stu_1306,183,2026-12-03 06:41:49
grd_415,asg_0018,stu_0796,136,2026-11-28 09:46:12
grd_416,asg_0018,stu_1086,171,2026-11-30 11:57:09
grd_417,asg_0018,stu_1227,153,2026-12-05 07:37:05
grd_418,asg_0019,stu_0440,87,2026-10-04 05:39:45
grd_419,asg_0019,stu_0302,64,2026-10-12 02:23:41
grd_420,asg_0019,stu_0741,64,2026-10-10 22:38:55
grd_421,asg_0019,stu_0225,93,2026-09-29 00:59:32
grd_422,asg_0019,stu_0746,76,2026-09-29 09:42:35
grd_423,asg_0019,stu_1033,56,2026-10-08 19:07:27
grd_424,asg_0019,stu_0595,74,2026-10-05 03:45:49
grd_425,asg_0019,stu_1289,79,2026-10-02 14:12:36
grd_426,asg_0019,stu_0499,65,2026-09-27 17:47:24
grd_427,asg_0019,stu_0383,91,2026-10-02 16:37:47
grd_428,asg_0019,stu_0217,60,2026-10-06 08:45:42
grd_429,asg_0019,stu_0691,63,2026-09-28 03:11:08
grd_430,asg_0019,stu_0536,95,2026-10-06 18:43:35
grd_431,asg_0019,stu_0809,71,2026-10-04 19:57:10
grd_432,asg_0019,stu_0841,86,2026-10-08 15:44:25
grd_433,asg_0019,stu_1047,69,2026-10-01 21:04:23
grd_434,asg_0019,stu_0494,94,2026-10-08 14:51:27
grd_435,asg_0019,stu_1101,60,2026-10-03 04:32:46
grd_436,asg_0019,stu_1203,65,2026-10-07 20:12:02
grd_437,asg_0019,stu_0014,93,2026-10-06 10:42:37
grd_438,asg_0019,stu_0286,81,2026-10-01 05:32:34
grd_439,asg_0019,stu_0223,90,2026-09-30 14:18:11
grd_440,asg_0019,stu_0028,85,2026-09-30 20:48:30
grd_441,asg_0019,stu_0887,66,2026-10-04 01:30:43
grd_442,asg_0019,stu_0197,68,2026-09-28 17:21:27
grd_443,asg_0019,stu_0775,86,2026-10-01 01:51:28
grd_444,asg_0019,stu_1282,55,2026-10-08 17:36:10
grd_445,asg_0020,stu_0302,70,2026-10-13 14:26:59
grd_446,asg_0020,stu_1149,62,2026-10-14 02:55:01
grd_447,asg_0020,stu_0225,65,2026-10-11 07:26:25
grd_448,asg_0020,stu_0746,81,2026-10-15 10:22:29
grd_449,asg_0020,stu_1033,66,2026-10-14 02:56:13
grd_450,asg_0020,stu_0595,67,2026-10-24 09:57:09
grd_451,asg_0020,stu_1168,79,2026-10-18 23:41:06
grd_452,asg_0020,stu_1289,88,2026-10-14 22:16:48
grd_453,asg_0020,stu_0499,69,2026-10-22 02:47:54
grd_454,asg_0020,stu_0383,88,2026-10-11 02:52:35
grd_455,asg_0020,stu_1074,62,2026-10-16 22:58:03
grd_456,asg_0020,stu_1214,92,2026-10-20 00:55:18
grd_457,asg_0020,stu_0691,74,2026-10-15 02:45:53
grd_458,asg_0020,stu_1057,58,2026-10-17 06:42:15
grd_459,asg_0020,stu_0809,91,2026-10-13 23:11:36
grd_460,asg_0020,stu_0841,62,2026-10-16 10:10:39
grd_461,asg_0020,stu_1047,84,2026-10-12 09:08:53
grd_462,asg_0020,stu_0494,84,2026-10-15 09:14:09
grd_463,asg_0020,stu_0583,59,2026-10-08 22:58:54
grd_464,asg_0020,stu_1169,55,2026-10-11 02:09:59
grd_465,asg_0020,stu_1203,59,2026-10-15 21:42:50
grd_466,asg_0020,stu_0014,58,2026-10-22 05:45:26
grd_467,asg_0020,stu_1381,63,2026-10-13 10:31:49
grd_468,asg_0020,stu_0223,83,2026-10-11 16:01:56
grd_469,asg_0020,stu_1239,62,2026-10-10 22:54:46
grd_470,asg_0020,stu_0887,81,2026-10-14 01:44:44
grd_471,asg_0020,stu_0197,96,2026-10-17 23:08:20
grd_472,asg_0020,stu_0457,67,2026-10-18 14:55:29
grd_473,asg_0020,stu_1282,93,2026-10-11 17:07:03
grd_474,asg_0020,stu_0357,60,2026-10-19 14:28:04
grd_475,asg_0021,stu_0440,62,2026-11-02 16:50:46
grd_476,asg_0021,stu_0741,86,2026-11-01 07:20:29
grd_477,asg_0021,stu_1149,72,2026-11-02 18:43:54
grd_478,asg_0021,stu_0225,82,2026-10-24 00:26:06
grd_479,asg_0021,stu_0746,72,2026-11-02 22:18:43
grd_480,asg_0021,stu_1033,74,2026-10-27 00:12:26
grd_481,asg_0021,stu_0595,89,2026-10-27 06:02:07
grd_482,asg_0021,stu_1168,63,2026-10-25 10:33:31
grd_483,asg_0021,stu_1289,95,2026-11-03 17:42:17
grd_484,asg_0021,stu_0499,95,2026-11-02 15:47:26
grd_485,asg_0021,stu_0383,96,2026-10-31 09:27:21
grd_486,asg_0021,stu_1284,62,2026-11-01 07:15:57
grd_487,asg_0021,stu_0217,88,2026-10-30 07:58:51
grd_488,asg_0021,stu_0691,70,2026-10-25 18:54:42
grd_489,asg_0021,stu_1057,86,2026-10-25 15:48:14
grd_490,asg_0021,stu_0536,94,2026-10-30 10:18:22
grd_491,asg_0021,stu_0809,82,2026-10-24 14:40:42
grd_492,asg_0021,stu_0841,65,2026-10-30 15:52:05
grd_493,asg_0021,stu_1047,75,2026-10-29 15:19:57
grd_494,asg_0021,stu_0494,95,2026-11-01 06:31:34
grd_495,asg_0021,stu_1101,67,2026-10-24 11:17:01
grd_496,asg_0021,stu_0583,62,2026-10-26 21:38:23
grd_497,asg_0021,stu_1169,60,2026-10-23 08:46:04
grd_498,asg_0021,stu_1203,72,2026-11-02 23:05:18
grd_499,asg_0021,stu_0014,56,2026-10-25 00:00:00
grd_500,asg_0021,stu_1381,92,2026-10-28 08:42:42
grd_501,asg_0021,stu_0223,57,2026-10-26 21:45:04
grd_502,asg_0021,stu_0028,72,2026-11-04 22:25:13
grd_503,asg_0021,stu_1239,87,2026-10-30 16:02:01
grd_504,asg_0021,stu_0887,89,2026-10-27 05:18:23
grd_505,asg_0021,stu_0775,75,2026-11-03 20:43:03
grd_506,asg_0021,stu_1282,97,2026-10-24 01:54:48
grd_507,asg_0021,stu_0357,76,2026-10-31 10:13:16
grd_508,asg_0022,stu_0440,38,2026-11-11 15:06:05
grd_509,asg_0022,stu_0302,36,2026-11-05 21:17:39
grd_510,asg_0022,stu_0741,31,2026-11-05 19:58:06
grd_511,asg_0022,stu_0225,29,2026-11-10 05:48:13
grd_512,asg_0022,stu_0746,30,2026-11-08 03:16:47
grd_513,asg_0022,stu_1033,43,2026-11-11 03:17:51
grd_514,asg_0022,stu_0595,41,2026-11-15 05:53:36
grd_515,asg_0022,stu_1168,35,2026-11-09 23:58:06
grd_516,asg_0022,stu_1289,47,2026-11-14 00:25:36
grd_517,asg_0022,stu_0499,32,2026-11-15 16:48:00
grd_518,asg_0022,stu_1214,37,2026-11-14 04:47:04
grd_519,asg_0022,stu_1284,48,2026-11-07 23:57:37
grd_520,asg_0022,stu_0217,28,2026-11-05 08:01:15
grd_521,asg_0022,stu_0691,42,2026-11-09 14:22:16
grd_522,asg_0022,stu_1057,37,2026-11-11 23:03:29
grd_523,asg_0022,stu_0809,46,2026-11-08 00:15:22
grd_524,asg_0022,stu_0841,43,2026-11-12 21:22:40
grd_525,asg_0022,stu_1047,34,2026-11-08 18:53:32
grd_526,asg_0022,stu_0494,33,2026-11-06 16:02:17
grd_527,asg_0022,stu_1101,36,2026-11-11 00:13:12
grd_528,asg_0022,stu_0583,32,2026-11-08 15:25:00
grd_529,asg_0022,stu_1169,42,2026-11-10 18:14:46
grd_530,asg_0022,stu_1203,37,2026-11-15 16:14:19
grd_531,asg_0022,stu_0014,38,2026-10-31 00:00:00
grd_532,asg_0022,stu_1381,40,2026-11-07 04:54:05
grd_533,asg_0022,stu_0028,36,2026-11-10 06:32:45
grd_534,asg_0022,stu_1239,34,2026-11-10 15:58:10
grd_535,asg_0022,stu_0887,33,2026-11-10 08:57:58
grd_536,asg_0022,stu_0457,29,2026-11-12 09:12:59
grd_537,asg_0022,stu_0775,28,2026-11-13 13:01:47
grd_538,asg_0022,stu_1282,48,2026-11-09 10:51:49
grd_539,asg_0023,stu_0440,136,2026-12-02 13:05:51
grd_540,asg_0023,stu_0302,184,2026-12-01 05:11:52
grd_541,asg_0023,stu_0741,169,2026-11-29 01:08:56
grd_542,asg_0023,stu_1149,164,2026-12-01 12:59:36
grd_543,asg_0023,stu_0225,128,2026-12-05 07:26:19
grd_544,asg_0023,stu_0746,122,2026-12-02 16:54:24
grd_545,asg_0023,stu_1033,162,2026-11-19 16:55:21
grd_546,asg_0023,stu_0595,126,2026-11-27 14:10:09
grd_547,asg_0023,stu_1168,176,2026-11-23 02:48:15
grd_548,asg_0023,stu_1289,140,2026-11-28 06:57:50
grd_549,asg_0023,stu_0383,144,2026-12-02 22:52:53
grd_550,asg_0023,stu_1074,187,2026-11-24 13:08:24
grd_551,asg_0023,stu_1214,181,2026-11-23 10:34:57
grd_552,asg_0023,stu_1284,129,2026-11-30 13:32:40
grd_553,asg_0023,stu_1057,133,2026-12-03 06:27:25
grd_554,asg_0023,stu_0536,153,2026-11-25 20:56:20
grd_555,asg_0023,stu_0809,134,2026-11-25 11:56:53
grd_556,asg_0023,stu_0841,136,2026-11-22 08:43:10
grd_557,asg_0023,stu_1047,158,2026-12-02 08:27:04
grd_558,asg_0023,stu_0494,140,2026-12-01 00:39:55
grd_559,asg_0023,stu_1203,157,2026-12-03 05:24:22
grd_560,asg_0023,stu_0014,167,2026-11-17 01:00:00
grd_561,asg_0023,stu_1381,113,2026-11-26 20:34:58
grd_562,asg_0023,stu_1239,121,2026-12-03 09:41:41
grd_563,asg_0023,stu_0197,178,2026-12-01 11:58:40
grd_564,asg_0023,stu_0457,185,2026-11-30 09:31:30
grd_565,asg_0023,stu_0775,149,2026-11-25 01:54:41
grd_566,asg_0023,stu_1282,119,2026-11-24 08:44:33
grd_567,asg_0023,stu_0357,185,2026-11-26 14:59:54
grd_568,asg_0024,stu_0440,77,2026-12-05 13:59:56
grd_569,asg_0024,stu_0302,65,2026-12-01 11:50:53
grd_570,asg_0024,stu_0741,56,2026-11-27 14:56:41
grd_571,asg_0024,stu_1149,56,2026-12-07 06:03:37
grd_572,asg_0024,stu_0225,67,2026-11-28 15:26:49
grd_573,asg_0024,stu_1033,68,2026-12-05 05:51:24
grd_574,asg_0024,stu_0595,87,2026-12-01 12:07:17
grd_575,asg_0024,stu_1168,78,2026-12-01 07:23:41
grd_576,asg_0024,stu_1289,80,2026-12-05 15:33:27
grd_577,asg_0024,stu_0499,88,2026-12-05 09:42:15
grd_578,asg_0024,stu_0383,56,2026-11-30 17:56:32
grd_579,asg_0024,stu_1214,84,2026-12-05 14:32:49
grd_580,asg_0024,stu_1284,88,2026-12-06 17:08:50
grd_581,asg_0024,stu_0809,90,2026-12-04 16:11:59
grd_582,asg_0024,stu_0841,80,2026-12-07 13:49:23
grd_583,asg_0024,stu_0494,66,2026-12-01 08:18:56
grd_584,asg_0024,stu_0583,76,2026-12-02 17:12:39
grd_585,asg_0024,stu_1169,63,2026-12-03 13:46:06
grd_586,asg_0024,stu_1203,90,2026-11-30 12:31:30
grd_587,asg_0024,stu_0014,87,2026-12-05 21:00:00
grd_588,asg_0024,stu_0286,67,2026-12-02 09:11:10
grd_589,asg_0024,stu_0028,59,2026-12-06 13:17:16
grd_590,asg_0024,stu_1239,91,2026-12-02 13:17:07
grd_591,asg_0024,stu_0887,66,2026-11-29 17:29:06
grd_592,asg_0024,stu_0457,61,2026-12-04 15:55:57
grd_593,asg_0024,stu_0775,57,2026-12-06 13:51:25
grd_594,asg_0024,stu_0357,82,2026-11-27 13:38:36
grd_595,asg_0025,stu_0557,46,2026-09-30 02:17:26
grd_596,asg_0025,stu_0138,32,2026-09-27 23:43:55
grd_597,asg_0025,stu_0092,33,2026-09-24 13:57:48
grd_598,asg_0025,stu_0072,44,2026-09-30 15:14:45
grd_599,asg_0025,stu_0308,30,2026-09-27 07:58:40
grd_600,asg_0025,stu_0070,39,2026-09-24 00:23:09
grd_601,asg_0025,stu_0293,48,2026-09-25 22:20:02
grd_602,asg_0025,stu_0824,42,2026-09-29 06:03:53
grd_603,asg_0025,stu_0100,29,2026-09-27 22:57:55
grd_604,asg_0025,stu_0090,47,2026-10-02 01:46:13
grd_605,asg_0025,stu_0277,32,2026-09-25 03:51:50
grd_606,asg_0025,stu_0530,45,2026-09-23 04:42:51
grd_607,asg_0025,stu_0494,48,2026-10-01 12:30:41
grd_608,asg_0025,stu_1379,28,2026-09-25 20:53:27
grd_609,asg_0025,stu_0099,48,2026-09-24 00:37:05
grd_610,asg_0025,stu_0763,43,2026-09-28 03:45:29
grd_611,asg_0025,stu_0577,46,2026-09-30 00:18:18
grd_612,asg_0025,stu_0675,47,2026-09-27 15:06:55
grd_613,asg_0025,stu_0027,34,2026-09-29 15:32:27
grd_614,asg_0025,stu_1088,48,2026-09-24 14:37:15
grd_615,asg_0025,stu_0264,38,2026-09-29 00:01:02
grd_616,asg_0025,stu_0370,45,2026-10-03 04:21:03
grd_617,asg_0025,stu_0477,34,2026-10-02 04:27:02
grd_618,asg_0025,stu_0711,48,2026-09-26 22:17:27
grd_619,asg_0025,stu_0870,44,2026-09-24 11:55:28
grd_620,asg_0026,stu_0406,62,2026-10-25 16:59:16
grd_621,asg_0026,stu_0557,90,2026-10-14 10:09:39
grd_622,asg_0026,stu_0138,82,2026-10-24 12:52:52
grd_623,asg_0026,stu_0092,91,2026-10-20 08:17:40
grd_624,asg_0026,stu_0308,67,2026-10-17 04:20:03
grd_625,asg_0026,stu_0070,90,2026-10-17 03:43:37
grd_626,asg_0026,stu_0293,61,2026-10-17 00:10:38
grd_627,asg_0026,stu_1224,58,2026-10-11 00:52:16
grd_628,asg_0026,stu_0824,61,2026-10-16 00:02:33
grd_629,asg_0026,stu_0942,83,2026-10-11 03:43:13
grd_630,asg_0026,stu_0100,79,2026-10-13 04:06:24
grd_631,asg_0026,stu_0090,70,2026-10-17 10:31:55
grd_632,asg_0026,stu_0277,58,2026-10-17 07:32:28
grd_633,asg_0026,stu_0530,76,2026-10-25 19:52:41
grd_634,asg_0026,stu_0963,56,2026-10-23 05:21:48
grd_635,asg_0026,stu_0494,95,2026-10-21 08:18:15
grd_636,asg_0026,stu_0598,91,2026-10-15 01:20:54
grd_637,asg_0026,stu_0099,82,2026-10-17 19:15:04
grd_638,asg_0026,stu_0763,94,2026-10-16 02:07:38
grd_639,asg_0026,stu_0577,87,2026-10-22 08:58:47
grd_640,asg_0026,stu_0675,93,2026-10-21 19:08:39
grd_641,asg_0026,stu_0027,68,2026-10-17 09:56:17
grd_642,asg_0026,stu_0264,64,2026-10-18 20:39:16
grd_643,asg_0026,stu_0370,77,2026-10-18 04:44:26
grd_644,asg_0026,stu_0627,58,2026-10-15 12:04:38
grd_645,asg_0026,stu_0477,75,2026-10-18 06:10:06
grd_646,asg_0026,stu_0711,82,2026-10-18 00:40:28
grd_647,asg_0026,stu_0930,59,2026-10-10 04:01:11
grd_648,asg_0026,stu_0870,90,2026-10-19 12:01:20
grd_649,asg_0027,stu_0406,73,2026-10-25 09:07:43
grd_650,asg_0027,stu_0557,76,2026-10-27 18:21:37
grd_651,asg_0027,stu_0138,63,2026-11-01 19:05:29
grd_652,asg_0027,stu_0092,61,2026-10-31 12:36:43
grd_653,asg_0027,stu_0308,97,2026-10-28 03:31:10
grd_654,asg_0027,stu_0293,78,2026-10-24 12:21:40
grd_655,asg_0027,stu_0908,78,2026-10-28 11:30:09
grd_656,asg_0027,stu_1224,60,2026-10-27 04:32:11
grd_657,asg_0027,stu_0824,90,2026-10-27 18:08:10
grd_658,asg_0027,stu_0942,95,2026-10-29 09:21:56
grd_659,asg_0027,stu_0100,82,2026-10-28 05:59:34
grd_660,asg_0027,stu_0090,92,2026-10-23 11:17:42
grd_661,asg_0027,stu_0277,62,2026-10-28 23:13:52
grd_662,asg_0027,stu_0530,94,2026-10-25 07:36:22
grd_663,asg_0027,stu_0963,96,2026-10-23 02:42:09
grd_664,asg_0027,stu_1379,62,2026-10-29 10:01:55
grd_665,asg_0027,stu_0598,60,2026-10-29 13:51:15
grd_666,asg_0027,stu_0099,59,2026-10-30 23:23:58
grd_667,asg_0027,stu_0763,91,2026-10-28 01:38:40
grd_668,asg_0027,stu_0577,59,2026-11-06 02:29:51
grd_669,asg_0027,stu_0675,76,2026-10-28 23:09:28
grd_670,asg_0027,stu_0027,79,2026-10-30 08:07:21
grd_671,asg_0027,stu_1088,72,2026-11-01 09:09:51
grd_672,asg_0027,stu_0264,91,2026-10-26 10:25:01
grd_673,asg_0027,stu_0370,61,2026-10-26 14:41:44
grd_674,asg_0027,stu_0627,73,2026-10-25 14:33:11
grd_675,asg_0027,stu_0477,83,2026-10-26 01:27:29
grd_676,asg_0027,stu_0711,71,2026-10-29 08:22:19
grd_677,asg_0027,stu_0930,63,2026-10-31 03:17:39
grd_678,asg_0027,stu_0870,70,2026-10-28 19:41:05
grd_679,asg_0028,stu_0406,165,2026-11-16 23:53:20
grd_680,asg_0028,stu_0557,189,2026-11-22 12:54:13
grd_681,asg_0028,stu_0092,167,2026-11-16 06:39:04
grd_682,asg_0028,stu_0072,164,2026-11-19 23:34:12
grd_683,asg_0028,stu_0293,188,2026-11-09 18:53:40
grd_684,asg_0028,stu_1224,129,2026-11-18 20:12:39
grd_685,asg_0028,stu_0100,112,2026-11-16 19:44:08
grd_686,asg_0028,stu_0090,182,2026-11-08 12:44:16
grd_687,asg_0028,stu_0277,151,2026-11-12 04:18:28
grd_688,asg_0028,stu_0530,155,2026-11-15 08:26:57
grd_689,asg_0028,stu_0963,120,2026-11-15 07:53:58
grd_690,asg_0028,stu_0494,158,2026-11-19 18:30:17
grd_691,asg_0028,stu_1379,159,2026-11-11 01:53:29
grd_692,asg_0028,stu_0598,141,2026-11-07 21:40:32
grd_693,asg_0028,stu_0099,172,2026-11-21 02:55:37
grd_694,asg_0028,stu_0763,189,2026-11-17 07:53:43
grd_695,asg_0028,stu_0577,112,2026-11-12 02:59:13
grd_696,asg_0028,stu_1321,120,2026-11-06 16:19:53
grd_697,asg_0028,stu_0675,157,2026-11-20 00:09:18
grd_698,asg_0028,stu_0264,157,2026-11-04 19:16:05
grd_699,asg_0028,stu_0627,139,2026-11-14 23:42:17
grd_700,asg_0028,stu_0477,135,2026-11-14 07:08:50
grd_701,asg_0028,stu_0711,113,2026-11-15 10:24:58
grd_702,asg_0029,stu_0406,154,2026-11-20 14:42:49
grd_703,asg_0029,stu_0072,136,2026-11-14 14:03:10
grd_704,asg_0029,stu_0908,140,2026-11-17 11:23:13
grd_705,asg_0029,stu_0824,129,2026-11-21 22:33:40
grd_706,asg_0029,stu_0090,171,2026-11-21 21:08:00
grd_707,asg_0029,stu_0277,112,2026-11-19 18:18:40
grd_708,asg_0029,stu_0530,151,2026-11-23 16:36:34
grd_709,asg_0029,stu_0494,162,2026-11-21 20:35:27
grd_710,asg_0029,stu_0598,158,2026-11-23 21:46:11
grd_711,asg_0029,stu_0099,192,2026-11-22 14:42:46
grd_712,asg_0029,stu_0577,186,2026-11-17 13:57:59
grd_713,asg_0029,stu_0027,166,2026-11-14 16:35:35
grd_714,asg_0029,stu_0370,166,2026-11-13 20:24:31
grd_715,asg_0029,stu_0477,141,2026-11-18 21:20:18
grd_716,asg_0029,stu_0711,173,2026-11-17 19:41:11
grd_717,asg_0029,stu_0930,146,2026-11-15 14:13:46
grd_718,asg_0029,stu_0870,186,2026-11-21 14:52:18
grd_719,asg_0030,stu_0293,131,2026-12-04 02:44:42
grd_720,asg_0030,stu_0942,138,2026-12-05 09:03:53
grd_721,asg_0030,stu_0100,138,2026-11-29 00:49:31
grd_722,asg_0030,stu_0090,132,2026-12-06 05:03:41
grd_723,asg_0030,stu_0530,86,2026-12-08 16:20:47
grd_724,asg_0030,stu_1379,112,2026-12-03 03:46:52
grd_725,asg_0030,stu_0027,98,2026-12-06 21:36:34
grd_726,asg_0030,stu_0264,87,2026-12-07 07:30:01
grd_727,asg_0030,stu_0711,131,2026-12-02 06:15:53
grd_728,asg_0030,stu_0930,129,2026-12-05 19:45:18
grd_729,asg_0030,stu_0870,115,2026-12-03 08:23:54
grd_730,asg_0031,stu_1203,85,2026-09-19 07:05:10
grd_731,asg_0031,stu_0262,64,2026-09-28 09:45:22
grd_732,asg_0031,stu_0624,68,2026-09-26 00:36:28
grd_733,asg_0031,stu_0124,83,2026-09-24 13:00:45
grd_734,asg_0031,stu_1198,97,2026-09-26 01:18:41
grd_735,asg_0031,stu_0437,82,2026-09-22 03:37:40
grd_736,asg_0031,stu_0921,77,2026-09-22 22:18:56
grd_737,asg_0031,stu_0857,65,2026-09-21 02:46:09
grd_738,asg_0031,stu_0263,64,2026-09-29 23:03:24
grd_739,asg_0031,stu_0580,70,2026-09-20 18:26:22
grd_740,asg_0031,stu_0831,79,2026-09-27 17:54:13
grd_741,asg_0031,stu_1055,73,2026-09-26 16:14:02
grd_742,asg_0031,stu_0321,84,2026-09-25 19:59:59
grd_743,asg_0031,stu_0944,73,2026-09-24 10:14:37
grd_744,asg_0032,stu_1335,41,2026-10-04 18:23:23
grd_745,asg_0032,stu_1203,42,2026-10-06 22:59:44
grd_746,asg_0032,stu_0710,34,2026-10-05 23:43:44
grd_747,asg_0032,stu_0905,29,2026-10-04 17:16:05
grd_748,asg_0032,stu_0262,34,2026-10-03 20:09:21
grd_749,asg_0032,stu_0624,30,2026-10-08 20:05:28
grd_750,asg_0032,stu_0124,44,2026-10-02 19:28:27
grd_751,asg_0032,stu_0313,42,2026-10-02 15:06:26
grd_752,asg_0032,stu_0437,47,2026-10-09 15:10:33
grd_753,asg_0032,stu_0921,47,2026-10-06 12:41:18
grd_754,asg_0032,stu_0857,35,2026-10-10 20:32:34
grd_755,asg_0032,stu_0550,34,2026-10-09 15:38:03
grd_756,asg_0032,stu_0580,40,2026-10-03 00:37:31
grd_757,asg_0032,stu_1055,47,2026-10-11 14:21:30
grd_758,asg_0032,stu_0412,38,2026-10-07 16:10:15
grd_759,asg_0033,stu_1335,98,2026-10-26 21:52:15
grd_760,asg_0033,stu_1203,85,2026-10-21 01:51:57
grd_761,asg_0033,stu_0448,115,2026-10-31 00:57:34
grd_762,asg_0033,stu_0710,140,2026-10-30 19:32:29
grd_763,asg_0033,stu_0262,129,2026-10-29 21:38:25
grd_764,asg_0033,stu_0624,118,2026-10-24 17:25:59
grd_765,asg_0033,stu_0124,127,2026-10-25 13:08:48
grd_766,asg_0033,stu_0313,117,2026-10-30 10:53:34
grd_767,asg_0033,stu_1201,93,2026-10-30 13:21:40
grd_768,asg_0033,stu_1198,120,2026-10-27 18:45:57
grd_769,asg_0033,stu_1299,121,2026-10-22 01:53:05
grd_770,asg_0033,stu_0921,118,2026-10-30 02:21:19
grd_771,asg_0033,stu_0857,136,2026-11-01 01:40:10
grd_772,asg_0033,stu_0550,95,2026-10-27 12:24:06
grd_773,asg_0033,stu_0831,110,2026-10-30 19:05:02
grd_774,asg_0033,stu_0137,123,2026-11-03 18:40:56
grd_775,asg_0033,stu_1055,138,2026-11-01 09:56:02
grd_776,asg_0033,stu_0944,145,2026-11-01 23:18:01
grd_777,asg_0033,stu_0412,131,2026-11-05 04:16:55
grd_778,asg_0034,stu_1203,75,2026-11-10 13:53:42
grd_779,asg_0034,stu_0448,78,2026-11-02 23:58:07
grd_780,asg_0034,stu_0710,60,2026-11-07 04:56:20
grd_781,asg_0034,stu_0905,93,2026-11-10 23:07:07
grd_782,asg_0034,stu_0262,94,2026-11-09 22:18:59
grd_783,asg_0034,stu_0124,64,2026-11-13 03:12:58
grd_784,asg_0034,stu_0313,85,2026-11-13 07:28:40
grd_785,asg_0034,stu_1201,70,2026-11-13 19:51:01
grd_786,asg_0034,stu_1198,93,2026-11-06 21:39:57
grd_787,asg_0034,stu_0437,76,2026-11-04 07:36:36
grd_788,asg_0034,stu_1299,85,2026-11-11 18:29:46
grd_789,asg_0034,stu_0921,59,2026-11-10 16:42:29
grd_790,asg_0034,stu_0857,82,2026-11-09 04:21:07
grd_791,asg_0034,stu_0263,82,2026-11-04 01:27:45
grd_792,asg_0034,stu_0580,83,2026-11-07 03:14:24
grd_793,asg_0034,stu_0831,64,2026-11-10 01:01:26
grd_794,asg_0034,stu_0137,76,2026-11-09 06:07:26
grd_795,asg_0034,stu_1055,84,2026-11-14 05:15:31
grd_796,asg_0034,stu_0944,57,2026-11-10 03:36:11
grd_797,asg_0034,stu_0412,83,2026-11-07 22:07:55
grd_798,asg_0035,stu_1335,90,2026-11-29 02:45:17
grd_799,asg_0035,stu_0448,92,2026-11-25 15:04:47
grd_800,asg_0035,stu_0905,93,2026-11-26 19:14:12
grd_801,asg_0035,stu_0624,62,2026-11-28 11:42:21
grd_802,asg_0035,stu_0124,92,2026-11-20 07:16:10
grd_803,asg_0035,stu_0313,86,2026-11-26 06:15:12
grd_804,asg_0035,stu_1201,74,2026-11-26 17:01:10
grd_805,asg_0035,stu_1198,66,2026-11-26 15:32:19
grd_806,asg_0035,stu_0437,83,2026-11-23 12:17:51
grd_807,asg_0035,stu_0921,59,2026-11-26 09:02:20
grd_808,asg_0035,stu_0857,73,2026-11-29 17:58:22
grd_809,asg_0035,stu_0550,75,2026-11-24 19:44:48
grd_810,asg_0035,stu_0580,81,2026-12-01 03:59:57
grd_811,asg_0035,stu_0831,94,2026-11-20 08:59:23
grd_812,asg_0035,stu_0137,88,2026-11-20 06:42:06
grd_813,asg_0035,stu_1055,87,2026-11-21 21:55:14
grd_814,asg_0035,stu_0321,97,2026-11-21 16:14:51
grd_815,asg_0035,stu_0944,88,2026-11-24 09:22:45
grd_816,asg_0036,stu_1335,91,2026-12-13 23:38:24
grd_817,asg_0036,stu_1203,87,2026-12-12 14:42:42
grd_818,asg_0036,stu_0448,97,2026-12-09 23:26:49
grd_819,asg_0036,stu_0710,70,2026-12-06 10:30:16
grd_820,asg_0036,stu_0905,83,2026-12-09 08:39:55
grd_821,asg_0036,stu_0262,96,2026-12-07 04:49:50
grd_822,asg_0036,stu_0624,72,2026-12-12 14:48:31
grd_823,asg_0036,stu_0124,88,2026-12-15 23:37:44
grd_824,asg_0036,stu_0313,92,2026-12-07 20:40:26
grd_825,asg_0036,stu_1201,82,2026-12-14 21:47:59
grd_826,asg_0036,stu_1198,78,2026-12-07 18:40:11
grd_827,asg_0036,stu_0437,92,2026-12-02 06:40:14
grd_828,asg_0036,stu_1299,74,2026-12-12 22:34:40
grd_829,asg_0036,stu_0857,68,2026-12-03 04:41:54
grd_830,asg_0036,stu_0550,57,2026-12-07 05:51:17
grd_831,asg_0036,stu_0263,75,2026-12-11 08:42:37
grd_832,asg_0036,stu_0580,97,2026-12-05 18:07:57
grd_833,asg_0036,stu_0831,86,2026-12-09 03:15:49
grd_834,asg_0036,stu_0137,58,2026-12-04 19:36:40
grd_835,asg_0036,stu_1055,67,2026-12-08 07:32:13
grd_836,asg_0036,stu_0321,79,2026-12-03 01:51:28
grd_837,asg_0036,stu_0944,66,2026-12-09 22:37:00
grd_838,asg_0036,stu_0412,78,2026-12-11 04:30:52
grd_839,asg_0037,stu_1066,117,2026-09-28 15:52:19
grd_840,asg_0037,stu_1296,135,2026-10-02 10:10:30
grd_841,asg_0037,stu_0383,146,2026-10-04 23:53:24
grd_842,asg_0037,stu_0013,138,2026-09-27 15:19:46
grd_843,asg_0037,stu_0076,167,2026-09-26 21:06:43
grd_844,asg_0037,stu_1366,135,2026-10-02 06:07:25
grd_845,asg_0037,stu_0241,161,2026-10-06 16:08:11
grd_846,asg_0037,stu_0588,173,2026-10-05 06:53:09
grd_847,asg_0037,stu_0713,155,2026-10-07 10:01:15
grd_848,asg_0037,stu_0736,124,2026-10-05 00:30:20
grd_849,asg_0037,stu_0959,192,2026-10-04 23:28:20
grd_850,asg_0037,stu_0870,156,2026-10-06 14:22:20
grd_851,asg_0037,stu_0023,136,2026-09-30 22:40:49
grd_852,asg_0037,stu_0875,174,2026-09-30 06:47:50
grd_853,asg_0037,stu_1375,180,2026-10-07 10:05:23
grd_854,asg_0037,stu_0497,169,2026-10-05 05:48:05
grd_855,asg_0037,stu_1044,188,2026-10-01 12:15:23
grd_856,asg_0037,stu_1011,121,2026-10-06 01:23:16
grd_857,asg_0037,stu_0631,193,2026-09-29 21:41:47
grd_858,asg_0037,stu_0358,136,2026-10-10 08:26:45
grd_859,asg_0037,stu_0258,113,2026-09-30 02:36:57
grd_860,asg_0037,stu_0972,192,2026-10-02 09:43:49
grd_861,asg_0037,stu_1205,133,2026-09-29 02:39:20
grd_862,asg_0037,stu_1248,129,2026-10-01 06:31:45
grd_863,asg_0037,stu_1138,117,2026-10-07 05:07:27
grd_864,asg_0037,stu_0949,138,2026-10-01 17:14:34
grd_865,asg_0037,stu_0568,173,2026-09-25 16:18:32
grd_866,asg_0037,stu_1190,190,2026-10-08 22:59:09
grd_867,asg_0037,stu_0858,112,2026-10-02 17:29:07
grd_868,asg_0037,stu_0482,179,2026-09-30 14:21:07
grd_869,asg_0038,stu_1066,107,2026-10-22 20:20:31
grd_870,asg_0038,stu_1296,106,2026-10-13 00:49:59
grd_871,asg_0038,stu_0383,100,2026-10-19 17:37:00
grd_872,asg_0038,stu_0013,89,2026-10-19 16:28:52
grd_873,asg_0038,stu_0076,142,2026-10-19 14:09:25
grd_874,asg_0038,stu_0752,116,2026-10-16 18:24:56
grd_875,asg_0038,stu_0241,145,2026-10-14 20:28:35
grd_876,asg_0038,stu_0973,99,2026-10-13 08:45:04
grd_877,asg_0038,stu_0588,119,2026-10-14 19:35:47
grd_878,asg_0038,stu_0713,95,2026-10-19 17:38:14
grd_879,asg_0038,stu_0736,138,2026-10-13 19:56:25
grd_880,asg_0038,stu_0959,101,2026-10-16 13:33:52
grd_881,asg_0038,stu_0870,109,2026-10-13 15:40:40
grd_882,asg_0038,stu_0023,102,2026-10-12 22:57:21
grd_883,asg_0038,stu_0875,107,2026-10-10 20:39:49
grd_884,asg_0038,stu_0639,134,2026-10-23 07:26:24
grd_885,asg_0038,stu_1375,100,2026-10-19 22:39:32
grd_886,asg_0038,stu_0497,143,2026-10-19 10:27:54
grd_887,asg_0038,stu_1044,99,2026-10-13 06:03:34
grd_888,asg_0038,stu_0631,95,2026-10-21 05:24:16
grd_889,asg_0038,stu_0258,125,2026-10-17 06:08:29
grd_890,asg_0038,stu_0972,85,2026-10-15 23:15:15
grd_891,asg_0038,stu_1205,123,2026-10-12 05:52:08
grd_892,asg_0038,stu_1248,91,2026-10-21 07:58:35
grd_893,asg_0038,stu_0319,111,2026-10-23 00:31:47
grd_894,asg_0038,stu_1138,106,2026-10-19 23:28:28
grd_895,asg_0038,stu_0949,134,2026-10-18 06:45:41
grd_896,asg_0038,stu_0568,115,2026-10-17 01:23:59
grd_897,asg_0038,stu_1010,143,2026-10-21 15:53:36
grd_898,asg_0038,stu_1190,132,2026-10-17 12:35:08
grd_899,asg_0038,stu_0858,121,2026-10-20 02:24:07
grd_900,asg_0038,stu_1288,141,2026-10-18 19:53:39
grd_901,asg_0039,stu_1296,88,2026-10-30 17:20:20
grd_902,asg_0039,stu_0383,90,2026-10-31 08:47:14
grd_903,asg_0039,stu_0013,94,2026-10-28 21:44:59
grd_904,asg_0039,stu_0752,77,2026-10-28 15:58:08
grd_905,asg_0039,stu_1366,60,2026-11-06 01:38:53
grd_906,asg_0039,stu_0973,71,2026-11-07 17:54:25
grd_907,asg_0039,stu_0588,86,2026-11-03 00:43:45
grd_908,asg_0039,stu_0713,84,2026-10-30 08:05:48
grd_909,asg_0039,stu_0736,91,2026-11-02 15:28:17
grd_910,asg_0039,stu_0959,77,2026-10-25 15:45:41
grd_911,asg_0039,stu_0870,74,2026-10-24 03:54:35
grd_912,asg_0039,stu_0023,93,2026-11-09 14:04:23
grd_913,asg_0039,stu_0875,80,2026-10-30 14:58:57
grd_914,asg_0039,stu_0639,96,2026-10-31 23:45:30
grd_915,asg_0039,stu_1375,82,2026-10-25 12:00:57
grd_916,asg_0039,stu_0497,64,2026-10-30 03:57:49
grd_917,asg_0039,stu_0358,83,2026-11-08 19:05:51
grd_918,asg_0039,stu_0972,55,2026-11-02 18:42:02
grd_919,asg_0039,stu_1248,55,2026-11-03 12:53:38
grd_920,asg_0039,stu_0319,62,2026-11-02 10:16:27
grd_921,asg_0039,stu_1138,72,2026-10-23 00:01:14
grd_922,asg_0039,stu_0949,55,2026-11-02 10:32:30
grd_923,asg_0039,stu_0568,57,2026-11-06 23:46:21
grd_924,asg_0039,stu_1010,66,2026-11-06 23:06:22
grd_925,asg_0039,stu_1190,76,2026-10-23 17:37:04
grd_926,asg_0039,stu_0858,60,2026-10-30 07:34:48
grd_927,asg_0039,stu_0976,78,2026-11-04 06:15:06
grd_928,asg_0039,stu_1288,94,2026-10-27 03:45:52
grd_929,asg_0039,stu_0482,61,2026-10-27 08:29:39
grd_930,asg_0040,stu_1296,139,2026-11-15 21:58:30
grd_931,asg_0040,stu_0383,132,2026-11-17 15:54:03
grd_932,asg_0040,stu_0076,88,2026-11-10 21:26:15
grd_933,asg_0040,stu_0752,113,2026-11-07 09:12:47
grd_934,asg_0040,stu_1366,91,2026-11-13 07:36:06
grd_935,asg_0040,stu_0241,123,2026-11-11 12:03:34
grd_936,asg_0040,stu_0973,112,2026-11-13 09:18:53
grd_937,asg_0040,stu_0588,113,2026-11-14 16:21:04
grd_938,asg_0040,stu_0959,108,2026-11-15 16:01:58
grd_939,asg_0040,stu_0870,116,2026-11-12 12:17:53
grd_940,asg_0040,stu_0023,92,2026-11-09 03:56:46
grd_941,asg_0040,stu_0639,123,2026-11-07 23:37:16
grd_942,asg_0040,stu_0497,128,2026-11-07 09:29:01
grd_943,asg_0040,stu_1044,92,2026-11-06 22:44:41
grd_944,asg_0040,stu_1011,145,2026-11-15 16:48:48
grd_945,asg_0040,stu_0358,90,2026-11-16 23:20:27
grd_946,asg_0040,stu_0258,86,2026-11-12 13:15:54
grd_947,asg_0040,stu_0972,145,2026-11-07 23:48:06
grd_948,asg_0040,stu_1205,102,2026-11-17 13:33:09
grd_949,asg_0040,stu_1138,129,2026-11-07 15:31:21
grd_950,asg_0040,stu_0949,94,2026-11-06 16:17:36
grd_951,asg_0040,stu_0568,117,2026-11-17 00:41:48
grd_952,asg_0040,stu_1010,87,2026-11-14 13:51:57
grd_953,asg_0040,stu_1190,125,2026-11-04 22:04:36
grd_954,asg_0040,stu_0482,138,2026-11-09 15:07:16
grd_955,asg_0041,stu_1066,124,2026-11-18 10:44:25
grd_956,asg_0041,stu_1296,109,2026-11-29 13:52:38
grd_957,asg_0041,stu_0383,83,2026-11-20 07:02:44
grd_958,asg_0041,stu_0013,144,2026-11-24 07:14:09
grd_959,asg_0041,stu_0076,141,2026-11-20 16:09:27
grd_960,asg_0041,stu_0752,110,2026-11-25 18:00:42
grd_961,asg_0041,stu_1366,103,2026-11-22 07:32:03
grd_962,asg_0041,stu_0973,116,2026-11-30 03:50:55
grd_963,asg_0041,stu_0588,145,2026-11-23 19:18:26
grd_964,asg_0041,stu_0713,111,2026-11-24 02:25:08
grd_965,asg_0041,stu_0736,135,2026-12-02 02:19:51
grd_966,asg_0041,stu_0959,100,2026-12-02 18:59:38
grd_967,asg_0041,stu_0023,134,2026-11-22 07:03:38
grd_968,asg_0041,stu_0639,95,2026-11-25 18:33:17
grd_969,asg_0041,stu_1375,112,2026-11-26 03:05:07
grd_970,asg_0041,stu_1044,103,2026-11-26 17:56:27
grd_971,asg_0041,stu_1011,125,2026-11-26 12:23:36
grd_972,asg_0041,stu_0631,128,2026-11-24 07:52:06
grd_973,asg_0041,stu_0358,104,2026-11-25 00:43:16
grd_974,asg_0041,stu_0258,93,2026-11-18 07:28:15
grd_975,asg_0041,stu_0972,120,2026-11-29 15:19:02
grd_976,asg_0041,stu_1205,87,2026-11-24 12:22:00
grd_977,asg_0041,stu_0319,103,2026-12-02 10:48:09
grd_978,asg_0041,stu_1138,144,2026-12-02 00:31:01
grd_979,asg_0041,stu_0949,107,2026-11-22 20:14:38
grd_980,asg_0041,stu_0568,97,2026-11-28 10:50:24
grd_981,asg_0041,stu_1010,138,2026-11-26 06:03:11
grd_982,asg_0041,stu_1190,131,2026-12-02 18:00:48
grd_983,asg_0041,stu_0858,84,2026-11-28 23:09:52
grd_984,asg_0041,stu_0976,144,2026-11-29 00:38:40
grd_985,asg_0041,stu_1288,127,2026-11-19 14:52:31
grd_986,asg_0041,stu_0482,83,2026-11-21 19:07:50
grd_987,asg_0042,stu_1066,89,2026-12-03 03:24:46
grd_988,asg_0042,stu_1296,64,2026-12-02 15:06:27
grd_989,asg_0042,stu_0383,89,2026-12-07 04:26:14
grd_990,asg_0042,stu_0013,83,2026-12-05 22:44:44
grd_991,asg_0042,stu_0752,88,2026-12-04 08:49:04
grd_992,asg_0042,stu_1366,58,2026-12-02 22:16:16
grd_993,asg_0042,stu_0241,81,2026-12-05 11:36:21
grd_994,asg_0042,stu_0588,86,2026-12-08 16:20:26
grd_995,asg_0042,stu_0713,59,2026-11-30 15:08:49
grd_996,asg_0042,stu_0424,68,2026-12-07 03:15:37
grd_997,asg_0042,stu_0959,72,2026-12-07 12:00:48
grd_998,asg_0042,stu_0875,95,2026-11-29 16:09:15
grd_999,asg_0042,stu_0639,68,2026-12-02 02:52:08
grd_1000,asg_0042,stu_1375,69,2026-12-06 09:47:11
grd_1001,asg_0042,stu_1044,95,2026-12-06 23:05:24
grd_1002,asg_0042,stu_0358,55,2026-12-07 01:30:19
grd_1003,asg_0042,stu_1205,60,2026-11-27 14:57:04
grd_1004,asg_0042,stu_1248,66,2026-12-07 02:02:48
grd_1005,asg_0042,stu_0319,89,2026-12-02 19:47:23
grd_1006,asg_0042,stu_1138,64,2026-11-29 00:25:56
grd_1007,asg_0042,stu_0949,57,2026-12-07 06:31:40
grd_1008,asg_0042,stu_1010,80,2026-12-06 19:00:39
grd_1009,asg_0042,stu_0858,77,2026-11-30 09:32:31
grd_1010,asg_0042,stu_0976,80,2026-11-30 14:59:29
grd_1011,asg_0043,stu_1191,130,2026-10-05 19:06:18
grd_1012,asg_0043,stu_0411,138,2026-09-25 13:09:18
grd_1013,asg_0043,stu_0150,117,2026-09-24 06:32:39
grd_1014,asg_0043,stu_1164,182,2026-09-24 06:31:31
grd_1015,asg_0043,stu_0190,191,2026-10-03 08:18:56
grd_1016,asg_0043,stu_0268,178,2026-09-25 04:45:34
grd_1017,asg_0043,stu_0408,113,2026-10-02 11:57:01
grd_1018,asg_0043,stu_1092,136,2026-10-05 10:54:02
grd_1019,asg_0043,stu_0016,135,2026-09-24 02:55:24
grd_1020,asg_0043,stu_0400,123,2026-09-29 04:47:19
grd_1021,asg_0043,stu_0710,182,2026-09-25 05:44:45
grd_1022,asg_0043,stu_0871,155,2026-09-27 12:07:51
grd_1023,asg_0043,stu_0764,161,2026-09-25 15:38:13
grd_1024,asg_0043,stu_1012,176,2026-09-29 17:17:40
grd_1025,asg_0043,stu_0561,137,2026-09-29 06:45:19
grd_1026,asg_0043,stu_0977,132,2026-10-02 18:21:41
grd_1027,asg_0043,stu_1227,148,2026-10-01 14:25:43
grd_1028,asg_0043,stu_1223,112,2026-09-25 06:08:18
grd_1029,asg_0043,stu_1008,167,2026-09-26 14:44:03
grd_1030,asg_0043,stu_0399,121,2026-09-27 16:13:37
grd_1031,asg_0043,stu_0628,143,2026-09-29 21:51:50
grd_1032,asg_0043,stu_1104,141,2026-09-27 16:44:00
grd_1033,asg_0043,stu_0533,174,2026-09-26 03:08:28
grd_1034,asg_0043,stu_1359,144,2026-09-25 23:13:43
grd_1035,asg_0043,stu_0520,181,2026-09-27 06:10:46
grd_1036,asg_0043,stu_0139,160,2026-10-02 20:50:29
grd_1037,asg_0043,stu_0438,162,2026-09-29 00:21:47
grd_1038,asg_0043,stu_0591,125,2026-09-21 21:12:18
grd_1039,asg_0043,stu_0030,131,2026-10-05 07:02:17
grd_1040,asg_0043,stu_0156,123,2026-09-28 07:03:27
grd_1041,asg_0043,stu_0938,170,2026-10-01 23:58:47
grd_1042,asg_0043,stu_1038,161,2026-09-25 02:28:02
grd_1043,asg_0043,stu_0443,177,2026-09-28 05:01:56
grd_1044,asg_0043,stu_1005,134,2026-10-01 19:24:28
grd_1045,asg_0043,stu_0065,146,2026-09-26 16:51:41
grd_1046,asg_0044,stu_0635,76,2026-10-20 07:33:03
grd_1047,asg_0044,stu_1191,93,2026-10-18 05:50:45
grd_1048,asg_0044,stu_0411,87,2026-10-08 03:14:30
grd_1049,asg_0044,stu_0150,55,2026-10-15 14:54:48
grd_1050,asg_0044,stu_0190,58,2026-10-15 00:51:53
grd_1051,asg_0044,stu_0268,78,2026-10-13 16:03:25
grd_1052,asg_0044,stu_0408,85,2026-10-18 00:55:01
grd_1053,asg_0044,stu_1300,92,2026-10-09 17:26:25
grd_1054,asg_0044,stu_1092,76,2026-10-07 22:52:26
grd_1055,asg_0044,stu_0710,78,2026-10-10 09:53:15
grd_1056,asg_0044,stu_0871,88,2026-10-14 03:56:28
grd_1057,asg_0044,stu_0764,78,2026-10-15 00:44:49
grd_1058,asg_0044,stu_1227,90,2026-10-10 13:12:09
grd_1059,asg_0044,stu_1223,63,2026-10-06 12:46:20
grd_1060,asg_0044,stu_1008,75,2026-10-19 08:19:39
grd_1061,asg_0044,stu_0399,76,2026-10-10 02:14:22
grd_1062,asg_0044,stu_1104,96,2026-10-14 16:55:47
grd_1063,asg_0044,stu_1359,78,2026-10-08 22:39:48
grd_1064,asg_0044,stu_0520,94,2026-10-14 10:34:35
grd_1065,asg_0044,stu_0139,88,2026-10-16 19:33:53
grd_1066,asg_0044,stu_0438,74,2026-10-19 11:34:07
grd_1067,asg_0044,stu_0030,67,2026-10-13 05:27:11
grd_1068,asg_0044,stu_1198,60,2026-10-17 10:29:27
grd_1069,asg_0044,stu_0347,95,2026-10-17 09:01:44
grd_1070,asg_0044,stu_0938,78,2026-10-18 00:04:35
grd_1071,asg_0044,stu_1038,79,2026-10-14 22:36:23
grd_1072,asg_0044,stu_0301,88,2026-10-13 06:12:27
grd_1073,asg_0044,stu_0443,75,2026-10-08 06:11:22
grd_1074,asg_0044,stu_1005,73,2026-10-10 05:07:33
grd_1075,asg_0044,stu_0899,69,2026-10-11 14:07:20
grd_1076,asg_0045,stu_0635,67,2026-10-30 11:53:01
grd_1077,asg_0045,stu_1191,77,2026-10-25 06:59:53
grd_1078,asg_0045,stu_0411,95,2026-10-26 08:25:17
grd_1079,asg_0045,stu_0150,90,2026-10-27 02:19:39
grd_1080,asg_0045,stu_1164,55,2026-10-29 15:53:25
grd_1081,asg_0045,stu_0190,94,2026-10-29 16:42:54
grd_1082,asg_0045,stu_0268,58,2026-11-01 02:33:42
grd_1083,asg_0045,stu_1092,74,2026-10-23 19:12:09
grd_1084,asg_0045,stu_0016,69,2026-11-02 14:24:22
grd_1085,asg_0045,stu_0400,94,2026-11-02 10:37:03
grd_1086,asg_0045,stu_0710,87,2026-10-28 20:01:23
grd_1087,asg_0045,stu_0871,65,2026-10-30 07:56:48
grd_1088,asg_0045,stu_1012,86,2026-11-05 20:59:56
grd_1089,asg_0045,stu_0561,79,2026-10-28 00:02:29
grd_1090,asg_0045,stu_0977,58,2026-11-03 09:39:48
grd_1091,asg_0045,stu_1227,84,2026-11-05 22:32:02
grd_1092,asg_0045,stu_0893,89,2026-11-01 18:36:11
grd_1093,asg_0045,stu_0628,70,2026-11-01 08:16:58
grd_1094,asg_0045,stu_1104,61,2026-10-29 16:41:27
grd_1095,asg_0045,stu_0533,91,2026-11-02 20:00:42
grd_1096,asg_0045,stu_1359,95,2026-11-01 18:10:27
grd_1097,asg_0045,stu_0520,74,2026-10-27 11:27:22
grd_1098,asg_0045,stu_0139,86,2026-10-28 18:33:34
grd_1099,asg_0045,stu_0438,60,2026-10-29 04:48:46
grd_1100,asg_0045,stu_0591,79,2026-10-26 20:19:23
grd_1101,asg_0045,stu_0030,84,2026-10-23 14:57:10
grd_1102,asg_0045,stu_1198,90,2026-10-27 06:35:21
grd_1103,asg_0045,stu_0347,69,2026-11-03 12:09:46
grd_1104,asg_0045,stu_0938,94,2026-10-28 15:47:24
grd_1105,asg_0045,stu_0095,71,2026-10-29 11:09:45
grd_1106,asg_0045,stu_0443,96,2026-11-04 10:59:03
grd_1107,asg_0045,stu_1005,89,2026-10-23 19:20:04
grd_1108,asg_0045,stu_0065,91,2026-10-28 16:57:35
grd_1109,asg_0046,stu_0635,41,2026-10-31 16:12:06
grd_1110,asg_0046,stu_1191,35,2026-11-04 20:13:48
grd_1111,asg_0046,stu_0411,33,2026-10-30 23:39:38
grd_1112,asg_0046,stu_0268,36,2026-11-03 15:07:34
grd_1113,asg_0046,stu_0408,30,2026-10-31 20:55:47
grd_1114,asg_0046,stu_1300,28,2026-11-09 23:39:40
grd_1115,asg_0046,stu_0016,30,2026-11-05 14:00:44
grd_1116,asg_0046,stu_0710,41,2026-11-02 18:41:47
grd_1117,asg_0046,stu_0764,42,2026-11-09 19:53:07
grd_1118,asg_0046,stu_1012,30,2026-11-03 17:03:34
grd_1119,asg_0046,stu_0561,43,2026-10-31 23:45:51
grd_1120,asg_0046,stu_0977,32,2026-10-31 16:47:46
grd_1121,asg_0046,stu_1227,37,2026-11-05 23:21:02
grd_1122,asg_0046,stu_0893,35,2026-11-03 23:59:24
grd_1123,asg_0046,stu_0628,41,2026-11-08 21:13:58
grd_1124,asg_0046,stu_1104,42,2026-11-03 14:00:52
grd_1125,asg_0046,stu_0533,30,2026-11-02 21:31:43
grd_1126,asg_0046,stu_1359,45,2026-11-07 14:40:37
grd_1127,asg_0046,stu_0438,28,2026-10-30 14:15:20
grd_1128,asg_0046,stu_0591,48,2026-11-01 12:32:53
grd_1129,asg_0046,stu_0347,45,2026-11-01 12:52:38
grd_1130,asg_0046,stu_0938,45,2026-11-04 12:29:31
grd_1131,asg_0046,stu_0095,41,2026-11-03 21:20:59
grd_1132,asg_0046,stu_0301,41,2026-11-07 22:31:16
grd_1133,asg_0046,stu_1005,33,2026-11-05 19:02:00
grd_1134,asg_0046,stu_0899,33,2026-11-04 12:23:57
grd_1135,asg_0047,stu_0635,91,2026-11-24 15:49:56
grd_1136,asg_0047,stu_0411,72,2026-11-23 09:50:05
grd_1137,asg_0047,stu_0150,56,2026-11-23 02:23:30
grd_1138,asg_0047,stu_1164,85,2026-11-15 10:25:10
grd_1139,asg_0047,stu_0268,72,2026-11-16 21:25:31
grd_1140,asg_0047,stu_1300,92,2026-11-21 21:18:23
grd_1141,asg_0047,stu_1092,89,2026-11-14 16:36:45
grd_1142,asg_0047,stu_0016,76,2026-11-18 04:33:00
grd_1143,asg_0047,stu_0710,95,2026-11-18 02:11:45
grd_1144,asg_0047,stu_0871,79,2026-11-16 01:45:36
grd_1145,asg_0047,stu_1012,84,2026-11-22 21:27:38
grd_1146,asg_0047,stu_0561,96,2026-11-21 14:58:03
grd_1147,asg_0047,stu_0977,87,2026-11-24 01:53:27
grd_1148,asg_0047,stu_1227,96,2026-11-21 15:29:50
grd_1149,asg_0047,stu_1223,69,2026-11-19 04:17:51
grd_1150,asg_0047,stu_1008,91,2026-11-21 15:11:41
grd_1151,asg_0047,stu_0399,57,2026-11-16 20:05:23
grd_1152,asg_0047,stu_0628,68,2026-11-19 16:00:23
grd_1153,asg_0047,stu_1104,80,2026-11-15 10:30:20
grd_1154,asg_0047,stu_0533,80,2026-11-14 08:31:35
grd_1155,asg_0047,stu_1359,74,2026-11-16 03:11:33
grd_1156,asg_0047,stu_0591,63,2026-11-17 13:52:35
grd_1157,asg_0047,stu_0030,77,2026-11-23 08:09:54
grd_1158,asg_0047,stu_0156,62,2026-11-18 23:42:44
grd_1159,asg_0047,stu_0938,88,2026-11-24 07:31:44
grd_1160,asg_0047,stu_1005,90,2026-11-20 03:35:14
grd_1161,asg_0047,stu_0065,94,2026-11-15 01:51:37
grd_1162,asg_0047,stu_0899,96,2026-11-23 15:52:53
grd_1163,asg_0048,stu_1191,30,2026-12-12 11:07:00
grd_1164,asg_0048,stu_0411,47,2026-12-13 19:21:34
grd_1165,asg_0048,stu_0190,39,2026-12-08 15:09:20
grd_1166,asg_0048,stu_0268,40,2026-12-12 04:44:15
grd_1167,asg_0048,stu_0408,29,2026-12-05 18:45:59
grd_1168,asg_0048,stu_0016,28,2026-12-06 14:08:33
grd_1169,asg_0048,stu_0400,48,2026-12-05 02:52:43
grd_1170,asg_0048,stu_0710,47,2026-12-12 18:36:04
grd_1171,asg_0048,stu_0871,36,2026-12-15 08:08:14
grd_1172,asg_0048,stu_0764,45,2026-12-01 18:29:39
grd_1173,asg_0048,stu_0561,41,2026-12-05 14:02:19
grd_1174,asg_0048,stu_0977,48,2026-12-07 22:27:57
grd_1175,asg_0048,stu_1227,36,2026-12-07 19:12:09
grd_1176,asg_0048,stu_1223,34,2026-12-06 15:26:08
grd_1177,asg_0048,stu_0893,34,2026-12-12 04:08:02
grd_1178,asg_0048,stu_1008,35,2026-12-03 19:12:22
grd_1179,asg_0048,stu_0399,48,2026-12-04 22:02:36
grd_1180,asg_0048,stu_0628,42,2026-12-11 15:29:50
grd_1181,asg_0048,stu_1104,42,2026-12-08 10:56:46
grd_1182,asg_0048,stu_1359,36,2026-12-11 23:21:34
grd_1183,asg_0048,stu_0520,41,2026-12-08 23:33:21
grd_1184,asg_0048,stu_0139,44,2026-12-07 17:52:01
grd_1185,asg_0048,stu_0438,39,2026-12-06 04:55:43
grd_1186,asg_0048,stu_0591,38,2026-12-12 11:18:51
grd_1187,asg_0048,stu_0030,28,2026-12-05 18:44:08
grd_1188,asg_0048,stu_0156,29,2026-12-14 01:11:36
grd_1189,asg_0048,stu_1198,47,2026-12-07 07:12:23
grd_1190,asg_0048,stu_0938,39,2026-12-06 00:36:27
grd_1191,asg_0048,stu_1038,34,2026-12-13 00:10:58
grd_1192,asg_0048,stu_0301,47,2026-12-14 17:54:36
grd_1193,asg_0048,stu_0443,42,2026-12-13 20:46:51
grd_1194,asg_0048,stu_1005,44,2026-12-10 13:38:51
grd_1195,asg_0048,stu_0065,40,2026-12-09 03:43:05
grd_1196,asg_0048,stu_0899,31,2026-12-11 12:44:34
grd_1197,asg_0049,stu_1138,144,2026-10-02 15:55:14
grd_1198,asg_0049,stu_1297,102,2026-09-29 18:55:13
grd_1199,asg_0049,stu_0669,138,2026-09-28 21:36:05
grd_1200,asg_0049,stu_0863,88,2026-10-02 15:43:27
grd_1201,asg_0049,stu_0866,126,2026-09-27 17:27:41
grd_1202,asg_0049,stu_0311,129,2026-10-03 10:59:30
grd_1203,asg_0049,stu_0265,124,2026-10-01 20:28:44
grd_1204,asg_0049,stu_0936,91,2026-09-30 04:30:28
grd_1205,asg_0049,stu_0292,141,2026-09-26 00:43:54
grd_1206,asg_0049,stu_0044,100,2026-10-01 00:18:45
grd_1207,asg_0049,stu_0967,138,2026-09-29 20:12:26
grd_1208,asg_0049,stu_1031,109,2026-10-03 09:13:39
grd_1209,asg_0049,stu_0553,139,2026-10-02 09:06:49
grd_1210,asg_0049,stu_0451,118,2026-09-27 10:26:23
grd_1211,asg_0049,stu_1081,97,2026-09-23 03:45:29
grd_1212,asg_0049,stu_0661,131,2026-09-29 23:04:20
grd_1213,asg_0050,stu_1138,68,2026-10-06 18:03:56
grd_1214,asg_0050,stu_1064,65,2026-10-05 11:54:44
grd_1215,asg_0050,stu_0669,77,2026-10-10 11:24:47
grd_1216,asg_0050,stu_0863,73,2026-10-08 22:36:14
grd_1217,asg_0050,stu_0311,68,2026-10-06 20:20:53
grd_1218,asg_0050,stu_0265,61,2026-10-03 16:57:59
grd_1219,asg_0050,stu_0936,71,2026-10-02 11:05:44
grd_1220,asg_0050,stu_0044,60,2026-10-04 11:21:48
grd_1221,asg_0050,stu_0918,89,2026-10-12 14:22:55
grd_1222,asg_0050,stu_1031,78,2026-10-08 17:11:34
grd_1223,asg_0050,stu_0451,71,2026-10-05 10:51:23
grd_1224,asg_0050,stu_0661,78,2026-10-04 12:09:59
grd_1225,asg_0050,stu_0585,56,2026-10-08 23:25:13
grd_1226,asg_0051,stu_1138,92,2026-10-28 06:12:34
grd_1227,asg_0051,stu_1064,84,2026-11-01 18:36:54
grd_1228,asg_0051,stu_0669,138,2026-11-02 20:48:39
grd_1229,asg_0051,stu_0863,96,2026-10-28 13:49:40
grd_1230,asg_0051,stu_0866,90,2026-10-24 23:00:43
grd_1231,asg_0051,stu_0311,102,2026-10-31 23:53:23
grd_1232,asg_0051,stu_0265,132,2026-11-06 09:11:16
grd_1233,asg_0051,stu_0292,110,2026-11-06 21:07:27
grd_1234,asg_0051,stu_0918,118,2026-10-28 12:31:54
grd_1235,asg_0051,stu_0967,136,2026-10-30 06:02:47
grd_1236,asg_0051,stu_0553,120,2026-11-04 01:47:16
grd_1237,asg_0051,stu_1081,93,2026-10-30 16:37:34
grd_1238,asg_0051,stu_0661,83,2026-10-31 07:38:59
grd_1239,asg_0051,stu_0389,145,2026-10-30 23:03:48
grd_1240,asg_0051,stu_0585,105,2026-10-28 06:54:33
grd_1241,asg_0052,stu_1138,32,2026-11-06 07:50:00
grd_1242,asg_0052,stu_1297,32,2026-11-07 05:21:46
grd_1243,asg_0052,stu_1064,43,2026-11-01 05:30:58
grd_1244,asg_0052,stu_0669,37,2026-10-31 11:37:02
grd_1245,asg_0052,stu_0866,39,2026-10-30 08:36:31
grd_1246,asg_0052,stu_0265,39,2026-10-31 13:08:25
grd_1247,asg_0052,stu_0292,34,2026-11-01 11:22:28
grd_1248,asg_0052,stu_0044,44,2026-10-30 09:50:40
grd_1249,asg_0052,stu_0967,45,2026-10-31 13:10:50
grd_1250,asg_0052,stu_1031,28,2026-11-05 07:51:50
grd_1251,asg_0052,stu_0553,42,2026-11-01 14:36:51
grd_1252,asg_0052,stu_0389,48,2026-11-07 05:57:00
grd_1253,asg_0053,stu_1138,163,2026-11-19 14:49:37
grd_1254,asg_0053,stu_1064,170,2026-11-25 07:09:48
grd_1255,asg_0053,stu_0669,167,2026-11-25 17:57:32
grd_1256,asg_0053,stu_0863,135,2026-11-24 01:58:10
grd_1257,asg_0053,stu_0866,131,2026-11-24 20:53:59
grd_1258,asg_0053,stu_0311,164,2026-11-25 01:28:03
grd_1259,asg_0053,stu_0936,187,2026-11-25 17:56:44
grd_1260,asg_0053,stu_0292,130,2026-11-30 07:56:37
grd_1261,asg_0053,stu_0044,177,2026-11-18 18:01:10
grd_1262,asg_0053,stu_0967,181,2026-11-19 10:53:33
grd_1263,asg_0053,stu_1031,156,2026-11-17 10:31:50
grd_1264,asg_0053,stu_0451,146,2026-11-20 20:34:24
grd_1265,asg_0053,stu_1081,124,2026-11-25 06:44:50
grd_1266,asg_0053,stu_0661,137,2026-11-19 21:41:03
grd_1267,asg_0053,stu_0389,178,2026-11-22 05:58:57
grd_1268,asg_0053,stu_0585,120,2026-11-21 21:39:28
grd_1269,asg_0054,stu_1138,83,2026-12-05 03:15:33
grd_1270,asg_0054,stu_1297,58,2026-12-14 03:14:24
grd_1271,asg_0054,stu_1064,73,2026-12-12 07:39:09
grd_1272,asg_0054,stu_0669,92,2026-12-12 09:27:10
grd_1273,asg_0054,stu_0863,70,2026-12-15 03:13:11
grd_1274,asg_0054,stu_0866,75,2026-12-03 20:34:13
grd_1275,asg_0054,stu_0311,62,2026-12-08 15:19:03
grd_1276,asg_0054,stu_0936,85,2026-12-09 05:36:14
grd_1277,asg_0054,stu_0292,90,2026-12-12 04:53:06
grd_1278,asg_0054,stu_0918,84,2026-12-09 22:50:39
grd_1279,asg_0054,stu_0967,87,2026-12-11 09:49:58
grd_1280,asg_0054,stu_1031,73,2026-12-04 21:01:02
grd_1281,asg_0054,stu_0661,74,2026-12-07 10:47:14
grd_1282,asg_0054,stu_0585,75,2026-12-13 11:27:48
grd_1283,asg_0055,stu_0936,74,2026-10-07 17:28:02
grd_1284,asg_0055,stu_0682,71,2026-09-27 22:49:19
grd_1285,asg_0055,stu_1100,59,2026-10-02 05:36:40
grd_1286,asg_0055,stu_0718,78,2026-10-05 22:43:33
grd_1287,asg_0055,stu_0189,91,2026-10-02 10:27:34
grd_1288,asg_0055,stu_0937,85,2026-09-29 16:35:45
grd_1289,asg_0055,stu_1384,81,2026-10-07 07:45:24
grd_1290,asg_0055,stu_0954,74,2026-10-03 02:40:24
grd_1291,asg_0055,stu_0951,74,2026-10-04 22:09:57
grd_1292,asg_0055,stu_1366,66,2026-10-05 00:51:15
grd_1293,asg_0055,stu_0696,80,2026-09-28 08:03:40
grd_1294,asg_0055,stu_0806,57,2026-10-03 05:21:14
grd_1295,asg_0055,stu_0261,55,2026-09-29 14:12:26
grd_1296,asg_0055,stu_0604,86,2026-09-27 00:14:27
grd_1297,asg_0055,stu_0171,59,2026-10-07 05:43:04
grd_1298,asg_0056,stu_0682,79,2026-10-10 07:42:58
grd_1299,asg_0056,stu_1100,92,2026-10-10 14:30:38
grd_1300,asg_0056,stu_0718,61,2026-10-09 19:23:55
grd_1301,asg_0056,stu_1149,89,2026-10-06 15:21:17
grd_1302,asg_0056,stu_0189,96,2026-10-07 02:18:34
grd_1303,asg_0056,stu_1310,57,2026-10-16 17:36:08
grd_1304,asg_0056,stu_0937,88,2026-10-09 09:24:11
grd_1305,asg_0056,stu_1384,86,2026-10-10 01:27:15
grd_1306,asg_0056,stu_0954,77,2026-10-12 09:24:48
grd_1307,asg_0056,stu_0951,91,2026-10-11 13:25:03
grd_1308,asg_0056,stu_1366,82,2026-10-07 15:11:19
grd_1309,asg_0056,stu_0148,74,2026-10-08 11:25:21
grd_1310,asg_0056,stu_0873,63,2026-10-10 22:01:03
grd_1311,asg_0056,stu_0806,62,2026-10-15 01:09:09
grd_1312,asg_0056,stu_0800,92,2026-10-16 05:22:58
grd_1313,asg_0056,stu_0261,84,2026-10-16 22:41:06
grd_1314,asg_0056,stu_0604,79,2026-10-13 03:48:52
grd_1315,asg_0056,stu_0171,63,2026-10-14 10:11:38
grd_1316,asg_0056,stu_1145,87,2026-10-14 14:29:54
grd_1317,asg_0057,stu_0615,143,2026-10-25 04:51:22
grd_1318,asg_0057,stu_0936,186,2026-10-27 18:02:09
grd_1319,asg_0057,stu_0682,164,2026-10-23 16:17:58
grd_1320,asg_0057,stu_1100,168,2026-10-23 10:30:13
grd_1321,asg_0057,stu_1149,138,2026-10-23 13:06:54
grd_1322,asg_0057,stu_0189,147,2026-10-23 12:50:04
grd_1323,asg_0057,stu_1310,190,2026-10-29 03:55:16
grd_1324,asg_0057,stu_0937,153,2026-10-22 13:49:58
grd_1325,asg_0057,stu_1384,191,2026-10-27 15:20:18
grd_1326,asg_0057,stu_0954,144,2026-10-21 05:38:18
grd_1327,asg_0057,stu_0951,124,2026-10-25 07:02:18
grd_1328,asg_0057,stu_0308,182,2026-10-27 02:30:31
grd_1329,asg_0057,stu_1366,155,2026-10-25 06:18:34
grd_1330,asg_0057,stu_0148,116,2026-10-23 22:49:31
grd_1331,asg_0057,stu_0873,116,2026-10-29 07:50:15
grd_1332,asg_0057,stu_0696,128,2026-10-25 03:18:43
grd_1333,asg_0057,stu_0806,159,2026-10-23 15:13:51
grd_1334,asg_0057,stu_0800,191,2026-10-28 23:36:21
grd_1335,asg_0057,stu_0261,144,2026-10-28 13:48:02
grd_1336,asg_0057,stu_0604,120,2026-10-25 21:28:15
grd_1337,asg_0057,stu_0171,189,2026-10-29 09:56:13
grd_1338,asg_0057,stu_1145,119,2026-10-29 00:15:56
grd_1339,asg_0058,stu_0615,172,2026-11-06 10:59:24
grd_1340,asg_0058,stu_0936,115,2026-11-15 10:04:18
grd_1341,asg_0058,stu_1100,190,2026-11-13 07:44:35
grd_1342,asg_0058,stu_1149,190,2026-11-13 11:09:11
grd_1343,asg_0058,stu_0189,113,2026-11-07 03:09:51
grd_1344,asg_0058,stu_1310,168,2026-11-14 19:31:56
grd_1345,asg_0058,stu_0937,131,2026-11-05 18:38:29
grd_1346,asg_0058,stu_1384,183,2026-11-11 00:25:42
grd_1347,asg_0058,stu_0954,123,2026-11-07 16:38:28
grd_1348,asg_0058,stu_0951,117,2026-11-09 22:21:26
grd_1349,asg_0058,stu_0586,123,2026-11-10 09:16:01
grd_1350,asg_0058,stu_1366,187,2026-11-03 20:04:37
grd_1351,asg_0058,stu_0148,131,2026-11-14 15:44:08
grd_1352,asg_0058,stu_0873,166,2026-11-10 05:45:48
grd_1353,asg_0058,stu_0696,123,2026-11-13 01:13:43
grd_1354,asg_0058,stu_0806,186,2026-11-07 13:13:36
grd_1355,asg_0058,stu_0800,153,2026-11-13 22:18:07
grd_1356,asg_0058,stu_0261,186,2026-11-13 21:23:32
grd_1357,asg_0058,stu_0604,183,2026-11-06 06:11:24
grd_1358,asg_0058,stu_0171,146,2026-11-17 10:43:25
grd_1359,asg_0058,stu_1145,117,2026-11-07 19:50:19
grd_1360,asg_0059,stu_0615,66,2026-11-26 06:54:30
grd_1361,asg_0059,stu_0936,82,2026-11-29 06:43:43
grd_1362,asg_0059,stu_0682,93,2026-11-24 09:27:28
grd_1363,asg_0059,stu_1100,59,2026-11-25 00:30:52
grd_1364,asg_0059,stu_0718,90,2026-11-27 00:09:12
grd_1365,asg_0059,stu_1310,86,2026-11-22 05:38:48
grd_1366,asg_0059,stu_1384,67,2026-11-23 20:00:40
grd_1367,asg_0059,stu_0954,83,2026-11-30 17:25:21
grd_1368,asg_0059,stu_0308,60,2026-12-03 03:42:35
grd_1369,asg_0059,stu_0586,58,2026-11-26 10:53:52
grd_1370,asg_0059,stu_0806,86,2026-12-01 12:35:29
grd_1371,asg_0059,stu_0800,72,2026-12-03 14:52:12
grd_1372,asg_0059,stu_0261,75,2026-11-26 00:09:00
grd_1373,asg_0059,stu_0604,66,2026-11-26 16:20:43
grd_1374,asg_0059,stu_0171,66,2026-12-04 02:08:36
grd_1375,asg_0059,stu_1145,78,2026-11-28 05:35:04
grd_1376,asg_0060,stu_0936,114,2026-12-11 02:27:18
grd_1377,asg_0060,stu_0682,181,2026-12-07 20:03:03
grd_1378,asg_0060,stu_0189,133,2026-12-04 10:42:27
grd_1379,asg_0060,stu_1310,156,2026-12-05 17:33:29
grd_1380,asg_0060,stu_0937,138,2026-12-12 00:53:24
grd_1381,asg_0060,stu_1384,152,2026-12-13 18:01:46
grd_1382,asg_0060,stu_0954,189,2026-12-05 18:02:21
grd_1383,asg_0060,stu_0951,181,2026-12-09 03:48:29
grd_1384,asg_0060,stu_0586,170,2026-12-11 05:01:43
grd_1385,asg_0060,stu_1366,178,2026-12-10 14:54:13
grd_1386,asg_0060,stu_0873,152,2026-12-13 00:28:20
grd_1387,asg_0060,stu_0696,171,2026-12-11 03:56:03
grd_1388,asg_0060,stu_0806,125,2026-12-08 04:27:46
grd_1389,asg_0060,stu_0800,117,2026-12-15 17:58:45
grd_1390,asg_0060,stu_0261,145,2026-12-11 06:34:24
grd_1391,asg_0060,stu_0604,117,2026-12-08 02:16:32
grd_1392,asg_0060,stu_0171,147,2026-12-18 17:59:48
grd_1393,asg_0060,stu_1145,147,2026-12-14 06:38:49
grd_1394,asg_0061,stu_0613,43,2026-09-30 22:12:37
grd_1395,asg_0061,stu_0122,43,2026-10-03 04:40:59
grd_1396,asg_0061,stu_0848,34,2026-09-24 02:40:12
grd_1397,asg_0061,stu_1309,34,2026-10-02 08:18:08
grd_1398,asg_0061,stu_1020,41,2026-10-02 16:37:16
grd_1399,asg_0061,stu_1192,44,2026-09-30 00:11:07
grd_1400,asg_0061,stu_0160,41,2026-10-05 16:32:00
grd_1401,asg_0061,stu_0287,45,2026-10-03 03:53:25
grd_1402,asg_0061,stu_1236,48,2026-09-30 15:00:57
grd_1403,asg_0061,stu_0021,43,2026-10-05 08:14:00
grd_1404,asg_0061,stu_1242,28,2026-10-05 09:33:37
grd_1405,asg_0061,stu_0737,32,2026-10-01 14:54:09
grd_1406,asg_0061,stu_1202,36,2026-09-28 13:07:38
grd_1407,asg_0061,stu_0450,47,2026-10-01 03:28:03
grd_1408,asg_0061,stu_0283,29,2026-10-07 13:49:23
grd_1409,asg_0061,stu_0296,28,2026-09-23 13:33:46
grd_1410,asg_0061,stu_0502,31,2026-10-01 09:32:26
grd_1411,asg_0061,stu_0445,37,2026-10-01 22:34:00
grd_1412,asg_0061,stu_0783,44,2026-10-01 18:15:52
grd_1413,asg_0061,stu_0567,39,2026-10-04 19:28:22
grd_1414,asg_0061,stu_0876,41,2026-09-27 03:59:41
grd_1415,asg_0061,stu_1329,28,2026-09-24 05:54:53
grd_1416,asg_0061,stu_1173,39,2026-10-01 23:44:10
grd_1417,asg_0061,stu_0747,32,2026-09-26 10:37:50
grd_1418,asg_0061,stu_0176,45,2026-09-24 20:31:51
grd_1419,asg_0061,stu_0657,41,2026-09-28 14:16:54
grd_1420,asg_0061,stu_0816,43,2026-10-03 22:56:00
grd_1421,asg_0061,stu_1153,40,2026-09-30 05:41:05
grd_1422,asg_0061,stu_0432,41,2026-09-24 16:54:03
grd_1423,asg_0062,stu_0043,87,2026-10-17 13:21:05
grd_1424,asg_0062,stu_0923,57,2026-10-11 15:13:41
grd_1425,asg_0062,stu_0122,92,2026-10-17 01:56:23
grd_1426,asg_0062,stu_0848,71,2026-10-13 13:03:30
grd_1427,asg_0062,stu_1309,83,2026-10-09 15:29:22
grd_1428,asg_0062,stu_1020,57,2026-10-12 10:55:24
grd_1429,asg_0062,stu_0206,90,2026-10-13 07:15:59
grd_1430,asg_0062,stu_0287,97,2026-10-07 10:46:33
grd_1431,asg_0062,stu_1365,62,2026-10-06 21:04:27
grd_1432,asg_0062,stu_1236,59,2026-10-16 06:00:41
grd_1433,asg_0062,stu_1242,71,2026-10-14 21:15:41
grd_1434,asg_0062,stu_0737,73,2026-10-09 11:07:11
grd_1435,asg_0062,stu_1202,85,2026-10-13 21:23:15
grd_1436,asg_0062,stu_0450,93,2026-10-14 12:09:05
grd_1437,asg_0062,stu_0283,72,2026-10-08 19:06:09
grd_1438,asg_0062,stu_0296,82,2026-10-09 06:15:40
grd_1439,asg_0062,stu_0502,79,2026-10-06 00:28:45
grd_1440,asg_0062,stu_0445,70,2026-10-10 13:16:36
grd_1441,asg_0062,stu_0783,82,2026-10-17 14:53:59
grd_1442,asg_0062,stu_0567,79,2026-10-19 08:53:04
grd_1443,asg_0062,stu_0704,73,2026-10-08 04:30:17
grd_1444,asg_0062,stu_0876,83,2026-10-10 12:32:06
grd_1445,asg_0062,stu_1329,69,2026-10-07 14:06:34
grd_1446,asg_0062,stu_1173,65,2026-10-09 16:13:11
grd_1447,asg_0062,stu_1122,79,2026-10-15 16:50:42
grd_1448,asg_0062,stu_0747,91,2026-10-08 11:36:10
grd_1449,asg_0062,stu_0176,80,2026-10-18 01:02:18
grd_1450,asg_0062,stu_0657,96,2026-10-08 17:39:23
grd_1451,asg_0062,stu_0816,68,2026-10-12 17:32:22
grd_1452,asg_0062,stu_1153,92,2026-10-08 09:37:15
grd_1453,asg_0062,stu_0432,82,2026-10-18 14:31:46
grd_1454,asg_0063,stu_0043,47,2026-10-26 14:14:27
grd_1455,asg_0063,stu_0923,37,2026-10-29 04:22:18
grd_1456,asg_0063,stu_0613,47,2026-11-05 09:43:30
grd_1457,asg_0063,stu_0122,46,2026-11-09 10:18:12
grd_1458,asg_0063,stu_0848,37,2026-11-05 21:56:21
grd_1459,asg_0063,stu_1309,32,2026-10-23 19:24:28
grd_1460,asg_0063,stu_0160,41,2026-11-07 03:34:52
grd_1461,asg_0063,stu_0206,39,2026-11-03 00:11:12
grd_1462,asg_0063,stu_0287,39,2026-11-01 23:40:16
grd_1463,asg_0063,stu_1365,43,2026-10-28 11:24:55
grd_1464,asg_0063,stu_1236,41,2026-11-04 19:33:44
grd_1465,asg_0063,stu_1242,29,2026-10-28 07:03:04
grd_1466,asg_0063,stu_0737,33,2026-10-28 09:32:42
grd_1467,asg_0063,stu_1202,32,2026-11-01 01:04:05
grd_1468,asg_0063,stu_0450,45,2026-11-04 15:26:02
grd_1469,asg_0063,stu_0283,45,2026-10-25 21:42:10
grd_1470,asg_0063,stu_0296,28,2026-10-28 23:06:19
grd_1471,asg_0063,stu_0502,28,2026-11-02 01:35:48
grd_1472,asg_0063,stu_0445,38,2026-10-31 09:51:40
grd_1473,asg_0063,stu_0783,36,2026-11-05 10:28:35
grd_1474,asg_0063,stu_0567,32,2026-11-03 10:08:42
grd_1475,asg_0063,stu_0876,48,2026-11-03 11:30:47
grd_1476,asg_0063,stu_1329,38,2026-11-07 16:27:56
grd_1477,asg_0063,stu_1173,36,2026-11-08 13:48:48
grd_1478,asg_0063,stu_1122,48,2026-11-06 04:11:04
grd_1479,asg_0063,stu_0747,42,2026-10-31 07:31:57
grd_1480,asg_0063,stu_0176,43,2026-10-28 22:40:40
grd_1481,asg_0063,stu_0657,47,2026-11-08 07:27:31
grd_1482,asg_0063,stu_0816,30,2026-11-03 20:51:48
grd_1483,asg_0063,stu_1153,29,2026-11-02 06:38:38
grd_1484,asg_0063,stu_0432,39,2026-10-30 07:32:54
grd_1485,asg_0064,stu_0043,101,2026-11-07 10:45:28
grd_1486,asg_0064,stu_0848,129,2026-10-30 07:17:30
grd_1487,asg_0064,stu_1309,123,2026-11-05 09:11:52
grd_1488,asg_0064,stu_1020,111,2026-11-08 15:46:27
grd_1489,asg_0064,stu_1192,137,2026-11-09 16:53:25
grd_1490,asg_0064,stu_0160,101,2026-11-06 14:00:52
grd_1491,asg_0064,stu_0287,84,2026-11-05 11:24:42
grd_1492,asg_0064,stu_1365,101,2026-11-04 07:38:30
grd_1493,asg_0064,stu_1236,116,2026-10-31 11:59:36
grd_1494,asg_0064,stu_0021,113,2026-11-03 06:05:14
grd_1495,asg_0064,stu_1242,85,2026-11-02 09:40:59
grd_1496,asg_0064,stu_0450,145,2026-11-07 13:25:21
grd_1497,asg_0064,stu_0296,86,2026-11-03 10:32:37
grd_1498,asg_0064,stu_0502,87,2026-10-31 12:16:52
grd_1499,asg_0064,stu_0445,143,2026-10-30 04:59:30
grd_1500,asg_0064,stu_0783,101,2026-11-04 06:37:14
grd_1501,asg_0064,stu_0567,86,2026-11-08 04:27:32
grd_1502,asg_0064,stu_0704,93,2026-11-01 04:56:30
grd_1503,asg_0064,stu_0876,127,2026-11-08 13:12:37
grd_1504,asg_0064,stu_1329,101,2026-11-04 09:45:08
grd_1505,asg_0064,stu_1173,144,2026-11-07 13:32:32
grd_1506,asg_0064,stu_1122,107,2026-11-03 07:35:50
grd_1507,asg_0064,stu_1153,113,2026-11-05 14:53:49
grd_1508,asg_0065,stu_0923,80,2026-11-25 01:18:29
grd_1509,asg_0065,stu_0613,65,2026-11-30 03:11:16
grd_1510,asg_0065,stu_0848,85,2026-11-28 13:10:50
grd_1511,asg_0065,stu_1309,59,2026-11-28 05:29:00
grd_1512,asg_0065,stu_1020,80,2026-11-26 03:08:15
grd_1513,asg_0065,stu_1192,96,2026-12-01 10:17:05
grd_1514,asg_0065,stu_0160,90,2026-11-27 10:43:40
grd_1515,asg_0065,stu_0206,83,2026-11-25 03:04:57
grd_1516,asg_0065,stu_0287,63,2026-11-26 08:53:46
grd_1517,asg_0065,stu_1365,96,2026-12-03 00:18:31
grd_1518,asg_0065,stu_0021,93,2026-11-29 08:53:05
grd_1519,asg_0065,stu_1242,62,2026-11-25 09:41:40
grd_1520,asg_0065,stu_0737,86,2026-11-22 19:57:20
grd_1521,asg_0065,stu_1202,93,2026-11-26 17:48:15
grd_1522,asg_0065,stu_0450,68,2026-12-05 09:02:48
grd_1523,asg_0065,stu_0283,66,2026-11-27 17:49:36
grd_1524,asg_0065,stu_0296,94,2026-11-29 18:40:12
grd_1525,asg_0065,stu_0502,79,2026-11-28 13:36:26
grd_1526,asg_0065,stu_0445,94,2026-11-30 11:41:12
grd_1527,asg_0065,stu_0567,80,2026-11-30 03:23:41
grd_1528,asg_0065,stu_0876,89,2026-11-29 21:09:16
grd_1529,asg_0065,stu_1329,58,2026-11-30 01:49:24
grd_1530,asg_0065,stu_1173,65,2026-12-02 20:36:04
grd_1531,asg_0065,stu_1122,60,2026-11-27 05:00:42
grd_1532,asg_0065,stu_0176,78,2026-12-06 05:23:49
grd_1533,asg_0065,stu_0657,67,2026-11-25 03:19:18
grd_1534,asg_0065,stu_0816,69,2026-11-24 10:38:17
grd_1535,asg_0065,stu_0432,68,2026-12-02 05:33:51
grd_1536,asg_0066,stu_0043,157,2026-12-14 03:55:25
grd_1537,asg_0066,stu_0923,145,2026-12-14 05:24:07
grd_1538,asg_0066,stu_0613,114,2026-12-11 19:04:30
grd_1539,asg_0066,stu_0122,134,2026-12-11 07:54:15
grd_1540,asg_0066,stu_0848,148,2026-12-18 17:37:59
grd_1541,asg_0066,stu_1309,147,2026-12-21 03:09:11
grd_1542,asg_0066,stu_1192,161,2026-12-07 13:11:01
grd_1543,asg_0066,stu_0160,164,2026-12-17 02:15:17
grd_1544,asg_0066,stu_0287,173,2026-12-15 08:19:37
grd_1545,asg_0066,stu_1236,123,2026-12-16 12:35:36
grd_1546,asg_0066,stu_0737,142,2026-12-15 18:55:05
grd_1547,asg_0066,stu_1202,168,2026-12-13 01:39:11
grd_1548,asg_0066,stu_0450,181,2026-12-08 17:43:56
grd_1549,asg_0066,stu_0283,181,2026-12-15 22:51:54
grd_1550,asg_0066,stu_0296,124,2026-12-15 21:58:12
grd_1551,asg_0066,stu_0502,183,2026-12-17 06:00:44
grd_1552,asg_0066,stu_0445,187,2026-12-14 06:25:10
grd_1553,asg_0066,stu_0783,112,2026-12-10 05:41:16
grd_1554,asg_0066,stu_0567,128,2026-12-17 15:05:59
grd_1555,asg_0066,stu_0876,142,2026-12-16 04:17:36
grd_1556,asg_0066,stu_1329,168,2026-12-10 16:40:45
grd_1557,asg_0066,stu_1122,186,2026-12-14 13:39:09
grd_1558,asg_0066,stu_0747,168,2026-12-04 18:21:24
grd_1559,asg_0066,stu_0176,147,2026-12-13 14:23:48
grd_1560,asg_0066,stu_0657,174,2026-12-14 03:57:32
grd_1561,asg_0066,stu_0816,138,2026-12-10 22:24:49
grd_1562,asg_0066,stu_0432,123,2026-12-12 04:44:18
grd_1563,asg_0067,stu_0270,123,2026-10-03 15:51:08
grd_1564,asg_0067,stu_0573,139,2026-09-29 09:25:39
grd_1565,asg_0067,stu_0305,144,2026-09-26 03:18:11
grd_1566,asg_0067,stu_1217,106,2026-09-22 13:51:25
grd_1567,asg_0067,stu_1099,115,2026-09-27 21:23:49
grd_1568,asg_0067,stu_1149,87,2026-09-24 18:42:41
grd_1569,asg_0067,stu_0526,113,2026-09-23 19:10:14
grd_1570,asg_0067,stu_1202,116,2026-10-05 06:15:37
grd_1571,asg_0067,stu_1308,91,2026-09-25 14:25:16
grd_1572,asg_0067,stu_0840,109,2026-09-22 06:34:49
grd_1573,asg_0067,stu_0060,102,2026-10-01 12:48:13
grd_1574,asg_0067,stu_1328,135,2026-09-25 01:41:43
grd_1575,asg_0067,stu_0568,135,2026-09-22 13:27:51
grd_1576,asg_0067,stu_0667,126,2026-09-26 07:08:43
grd_1577,asg_0067,stu_0376,143,2026-09-27 09:23:27
grd_1578,asg_0067,stu_0519,120,2026-10-01 05:12:30
grd_1579,asg_0067,stu_1117,123,2026-10-07 13:14:36
grd_1580,asg_0067,stu_0043,115,2026-10-04 10:38:02
grd_1581,asg_0068,stu_0732,88,2026-10-21 17:47:31
grd_1582,asg_0068,stu_1116,113,2026-10-10 14:41:17
grd_1583,asg_0068,stu_0573,119,2026-10-16 06:18:54
grd_1584,asg_0068,stu_0305,90,2026-10-16 04:34:11
grd_1585,asg_0068,stu_1217,134,2026-10-19 16:49:16
grd_1586,asg_0068,stu_1113,117,2026-10-18 15:23:30
grd_1587,asg_0068,stu_1099,142,2026-10-20 06:53:51
grd_1588,asg_0068,stu_1149,115,2026-10-18 15:11:58
grd_1589,asg_0068,stu_0194,84,2026-10-08 15:17:12
grd_1590,asg_0068,stu_0526,125,2026-10-17 07:26:53
grd_1591,asg_0068,stu_1308,109,2026-10-09 22:15:13
grd_1592,asg_0068,stu_0060,132,2026-10-23 01:41:42
grd_1593,asg_0068,stu_0279,105,2026-10-21 02:04:15
grd_1594,asg_0068,stu_0568,89,2026-10-13 05:54:53
grd_1595,asg_0068,stu_0749,112,2026-10-16 13:45:23
grd_1596,asg_0068,stu_0667,102,2026-10-14 04:29:26
grd_1597,asg_0068,stu_0519,94,2026-10-20 03:55:03
grd_1598,asg_0068,stu_1117,115,2026-10-19 06:58:27
grd_1599,asg_0068,stu_0043,119,2026-10-17 15:44:01
grd_1600,asg_0069,stu_0732,30,2026-10-26 11:04:19
grd_1601,asg_0069,stu_1116,37,2026-10-21 05:07:41
grd_1602,asg_0069,stu_0270,33,2026-10-19 04:54:14
grd_1603,asg_0069,stu_0573,48,2026-10-22 01:25:09
grd_1604,asg_0069,stu_0305,40,2026-10-28 14:10:19
grd_1605,asg_0069,stu_1217,34,2026-11-01 12:45:59
grd_1606,asg_0069,stu_1113,45,2026-10-27 07:57:18
grd_1607,asg_0069,stu_1099,36,2026-10-28 17:58:15
grd_1608,asg_0069,stu_1149,44,2026-10-24 14:00:54
grd_1609,asg_0069,stu_0194,38,2026-10-22 22:54:03
grd_1610,asg_0069,stu_0526,37,2026-10-28 11:53:24
grd_1611,asg_0069,stu_1308,37,2026-10-27 03:26:36
grd_1612,asg_0069,stu_0840,46,2026-10-26 08:36:13
grd_1613,asg_0069,stu_1328,36,2026-10-22 09:12:35
grd_1614,asg_0069,stu_0279,30,2026-10-21 13:04:49
grd_1615,asg_0069,stu_0749,43,2026-10-23 05:20:12
grd_1616,asg_0069,stu_0667,45,2026-10-24 12:45:29
grd_1617,asg_0069,stu_0376,29,2026-10-26 13:08:34
grd_1618,asg_0069,stu_0519,35,2026-10-28 07:58:01
grd_1619,asg_0069,stu_1117,47,2026-10-29 09:34:14
grd_1620,asg_0069,stu_0043,44,2026-10-26 10:33:44
grd_1621,asg_0070,stu_0732,57,2026-11-10 06:19:12
grd_1622,asg_0070,stu_1116,72,2026-11-09 18:59:40
grd_1623,asg_0070,stu_0270,89,2026-11-04 12:13:47
grd_1624,asg_0070,stu_0305,70,2026-11-04 13:17:37
grd_1625,asg_0070,stu_1217,66,2026-11-11 00:06:56
grd_1626,asg_0070,stu_1113,89,2026-11-10 11:04:14
grd_1627,asg_0070,stu_1099,61,2026-11-08 00:41:24
grd_1628,asg_0070,stu_0194,66,2026-11-14 15:00:44
grd_1629,asg_0070,stu_0526,67,2026-11-06 21:45:31
grd_1630,asg_0070,stu_1202,83,2026-11-09 09:22:15
grd_1631,asg_0070,stu_1308,81,2026-11-09 02:00:41
grd_1632,asg_0070,stu_0840,59,2026-11-13 10:10:22
grd_1633,asg_0070,stu_0060,66,2026-11-07 01:41:39
grd_1634,asg_0070,stu_0568,76,2026-11-11 20:59:46
grd_1635,asg_0070,stu_0749,82,2026-11-08 05:12:05
grd_1636,asg_0070,stu_0667,75,2026-11-10 12:41:15
grd_1637,asg_0070,stu_0519,92,2026-11-14 09:22:11
grd_1638,asg_0070,stu_0043,83,2026-11-11 15:51:19
grd_1639,asg_0071,stu_0732,138,2026-11-26 12:21:52
grd_1640,asg_0071,stu_1116,142,2026-11-29 20:29:47
grd_1641,asg_0071,stu_0270,105,2026-12-01 10:07:06
grd_1642,asg_0071,stu_0573,114,2026-12-04 12:00:36
grd_1643,asg_0071,stu_0305,112,2026-11-29 04:55:05
grd_1644,asg_0071,stu_1217,99,2026-11-24 00:49:30
grd_1645,asg_0071,stu_1099,120,2026-11-26 09:48:00
grd_1646,asg_0071,stu_1149,96,2026-12-05 15:01:21
grd_1647,asg_0071,stu_0194,113,2026-11-24 17:38:15
grd_1648,asg_0071,stu_0526,106,2026-11-23 15:15:40
grd_1649,asg_0071,stu_1308,137,2026-12-02 05:12:36
grd_1650,asg_0071,stu_0840,114,2026-11-21 13:25:19
grd_1651,asg_0071,stu_0060,145,2026-11-30 18:35:15
grd_1652,asg_0071,stu_1328,93,2026-11-25 16:26:34
grd_1653,asg_0071,stu_0279,98,2026-12-02 03:28:21
grd_1654,asg_0071,stu_0568,96,2026-11-22 06:31:02
grd_1655,asg_0071,stu_0749,140,2026-11-27 10:05:55
grd_1656,asg_0071,stu_0519,131,2026-12-02 13:00:50
grd_1657,asg_0071,stu_1117,136,2026-11-28 06:24:17
grd_1658,asg_0071,stu_0043,141,2026-11-28 06:11:37
grd_1659,asg_0072,stu_0732,68,2026-12-04 16:52:59
grd_1660,asg_0072,stu_0270,96,2026-12-07 13:34:57
grd_1661,asg_0072,stu_0573,86,2026-11-27 13:55:07
grd_1662,asg_0072,stu_0305,78,2026-12-02 22:03:55
grd_1663,asg_0072,stu_1217,78,2026-11-28 13:09:08
grd_1664,asg_0072,stu_1099,89,2026-11-28 19:29:06
grd_1665,asg_0072,stu_1149,75,2026-11-28 21:52:10
grd_1666,asg_0072,stu_0194,60,2026-12-02 13:43:21
grd_1667,asg_0072,stu_1202,93,2026-12-04 21:21:06
grd_1668,asg_0072,stu_1308,92,2026-12-02 16:19:56
grd_1669,asg_0072,stu_0840,74,2026-12-06 13:11:51
grd_1670,asg_0072,stu_0060,65,2026-11-29 09:57:58
grd_1671,asg_0072,stu_1328,56,2026-12-07 16:15:50
grd_1672,asg_0072,stu_0749,81,2026-12-04 22:44:24
grd_1673,asg_0072,stu_0667,95,2026-11-28 17:11:39
grd_1674,asg_0072,stu_1117,73,2026-11-30 22:53:31
grd_1675,asg_0073,stu_1205,134,2026-09-20 10:53:27
grd_1676,asg_0073,stu_0131,115,2026-09-28 10:54:49
grd_1677,asg_0073,stu_1108,126,2026-09-20 13:22:27
grd_1678,asg_0073,stu_0009,100,2026-09-26 10:47:17
grd_1679,asg_0073,stu_0433,97,2026-09-22 07:10:47
grd_1680,asg_0073,stu_1291,144,2026-09-27 16:11:48
grd_1681,asg_0073,stu_0778,108,2026-09-23 13:11:51
grd_1682,asg_0073,stu_0017,140,2026-09-18 10:33:03
grd_1683,asg_0073,stu_0904,87,2026-09-22 04:13:17
grd_1684,asg_0073,stu_1027,100,2026-09-18 06:27:47
grd_1685,asg_0073,stu_0787,121,2026-09-18 09:42:28
grd_1686,asg_0073,stu_1065,96,2026-09-21 04:56:20
grd_1687,asg_0073,stu_0670,144,2026-09-18 16:15:02
grd_1688,asg_0073,stu_0133,102,2026-09-28 07:24:54
grd_1689,asg_0073,stu_0288,134,2026-09-21 11:32:53
grd_1690,asg_0073,stu_0269,142,2026-09-28 11:06:13
grd_1691,asg_0073,stu_0870,113,2026-09-28 10:55:25
grd_1692,asg_0074,stu_0978,35,2026-10-15 05:26:30
grd_1693,asg_0074,stu_1205,44,2026-10-11 07:47:24
grd_1694,asg_0074,stu_1252,31,2026-10-12 10:27:20
grd_1695,asg_0074,stu_0131,34,2026-10-13 15:52:30
grd_1696,asg_0074,stu_1047,40,2026-10-08 17:58:04
grd_1697,asg_0074,stu_1108,38,2026-10-07 09:55:04
grd_1698,asg_0074,stu_0009,30,2026-10-09 03:25:41
grd_1699,asg_0074,stu_0433,43,2026-10-15 16:48:42
grd_1700,asg_0074,stu_1291,45,2026-10-07 17:10:21
grd_1701,asg_0074,stu_1024,37,2026-10-13 04:06:05
grd_1702,asg_0074,stu_0462,38,2026-10-15 22:32:55
grd_1703,asg_0074,stu_0904,45,2026-10-12 16:27:54
grd_1704,asg_0074,stu_1027,42,2026-10-14 11:50:20
grd_1705,asg_0074,stu_1117,45,2026-10-10 02:12:50
grd_1706,asg_0074,stu_1065,44,2026-10-08 01:17:20
grd_1707,asg_0074,stu_0670,38,2026-10-09 08:36:41
grd_1708,asg_0074,stu_0133,34,2026-10-17 08:17:03
grd_1709,asg_0074,stu_0288,34,2026-10-16 02:18:21
grd_1710,asg_0074,stu_1343,48,2026-10-16 13:06:54
grd_1711,asg_0074,stu_0382,32,2026-10-08 22:15:30
grd_1712,asg_0074,stu_0870,39,2026-10-06 13:47:23
grd_1713,asg_0075,stu_0978,93,2026-10-27 09:10:47
grd_1714,asg_0075,stu_1205,89,2026-11-01 12:33:08
grd_1715,asg_0075,stu_1252,69,2026-11-05 03:27:06
grd_1716,asg_0075,stu_0131,83,2026-10-24 01:13:59
grd_1717,asg_0075,stu_1047,61,2026-11-04 20:57:42
grd_1718,asg_0075,stu_1108,94,2026-10-31 14:42:47
grd_1719,asg_0075,stu_0009,91,2026-10-27 07:26:09
grd_1720,asg_0075,stu_0433,57,2026-10-28 07:45:55
grd_1721,asg_0075,stu_1291,82,2026-11-05 08:51:53
grd_1722,asg_0075,stu_1024,87,2026-11-03 16:47:33
grd_1723,asg_0075,stu_0406,74,2026-10-28 18:45:40
grd_1724,asg_0075,stu_0904,92,2026-11-02 11:13:48
grd_1725,asg_0075,stu_1027,87,2026-10-28 15:37:35
grd_1726,asg_0075,stu_0787,77,2026-11-07 11:39:49
grd_1727,asg_0075,stu_1117,76,2026-10-28 03:45:01
grd_1728,asg_0075,stu_1065,67,2026-11-01 05:40:07
grd_1729,asg_0075,stu_0670,58,2026-11-03 11:21:58
grd_1730,asg_0075,stu_0133,84,2026-11-02 19:39:35
grd_1731,asg_0075,stu_1343,68,2026-11-05 23:27:15
grd_1732,asg_0075,stu_0382,61,2026-11-06 18:22:04
grd_1733,asg_0075,stu_0870,89,2026-11-05 16:39:46
grd_1734,asg_0076,stu_0978,110,2026-11-10 23:55:58
grd_1735,asg_0076,stu_1205,137,2026-11-11 06:24:06
grd_1736,asg_0076,stu_1252,173,2026-11-12 21:48:41
grd_1737,asg_0076,stu_0131,115,2026-11-07 15:11:19
grd_1738,asg_0076,stu_1108,140,2026-11-09 20:15:20
grd_1739,asg_0076,stu_0009,123,2026-11-10 07:59:18
grd_1740,asg_0076,stu_0433,145,2026-11-14 09:45:29
grd_1741,asg_0076,stu_0778,158,2026-11-19 14:22:35
grd_1742,asg_0076,stu_0462,128,2026-11-13 05:33:56
grd_1743,asg_0076,stu_0017,152,2026-11-16 22:58:48
grd_1744,asg_0076,stu_0406,127,2026-11-11 15:54:13
grd_1745,asg_0076,stu_0904,184,2026-11-16 09:55:12
grd_1746,asg_0076,stu_1027,139,2026-11-15 07:20:41
grd_1747,asg_0076,stu_0787,178,2026-11-11 17:33:59
grd_1748,asg_0076,stu_1117,116,2026-11-14 23:04:53
grd_1749,asg_0076,stu_1065,149,2026-11-08 12:13:38
grd_1750,asg_0076,stu_0133,151,2026-11-12 06:40:03
grd_1751,asg_0076,stu_1343,143,2026-11-06 15:42:59
grd_1752,asg_0076,stu_0382,193,2026-11-10 15:54:02
grd_1753,asg_0077,stu_0978,68,2026-11-22 09:21:20
grd_1754,asg_0077,stu_1252,87,2026-11-21 16:22:35
grd_1755,asg_0077,stu_0131,91,2026-11-20 03:57:49
grd_1756,asg_0077,stu_1047,67,2026-11-21 16:38:29
grd_1757,asg_0077,stu_1108,89,2026-11-24 16:35:34
grd_1758,asg_0077,stu_0009,73,2026-11-22 20:55:21
grd_1759,asg_0077,stu_0433,72,2026-11-29 11:32:43
grd_1760,asg_0077,stu_1291,94,2026-11-28 11:37:02
grd_1761,asg_0077,stu_1024,66,2026-11-17 18:42:21
grd_1762,asg_0077,stu_0017,87,2026-11-25 21:41:51
grd_1763,asg_0077,stu_0406,56,2026-11-24 22:07:33
grd_1764,asg_0077,stu_0904,77,2026-11-23 06:41:05
grd_1765,asg_0077,stu_1027,84,2026-11-25 10:49:22
grd_1766,asg_0077,stu_0787,74,2026-11-24 13:37:38
grd_1767,asg_0077,stu_1117,82,2026-11-21 16:22:59
grd_1768,asg_0077,stu_1065,68,2026-11-23 18:55:44
grd_1769,asg_0077,stu_0133,73,2026-11-23 03:41:02
grd_1770,asg_0077,stu_0288,81,2026-11-21 03:13:59
grd_1771,asg_0077,stu_1343,87,2026-11-25 01:38:21
grd_1772,asg_0077,stu_0269,91,2026-11-30 09:24:35
grd_1773,asg_0077,stu_0382,92,2026-11-22 10:55:50
grd_1774,asg_0077,stu_0870,90,2026-11-29 05:56:17
grd_1775,asg_0078,stu_0978,117,2026-12-09 06:09:11
grd_1776,asg_0078,stu_1205,129,2026-12-07 01:46:32
grd_1777,asg_0078,stu_1252,110,2026-12-13 08:50:50
grd_1778,asg_0078,stu_0131,127,2026-12-10 12:17:30
grd_1779,asg_0078,stu_1047,92,2026-12-06 14:00:48
grd_1780,asg_0078,stu_0009,87,2026-12-07 09:04:55
grd_1781,asg_0078,stu_0433,136,2026-12-13 11:27:40
grd_1782,asg_0078,stu_1291,110,2026-12-13 21:40:13
grd_1783,asg_0078,stu_1024,130,2026-12-14 16:12:56
grd_1784,asg_0078,stu_0778,109,2026-12-11 12:18:09
grd_1785,asg_0078,stu_0462,117,2026-12-09 17:50:10
grd_1786,asg_0078,stu_0017,125,2026-12-11 12:31:03
grd_1787,asg_0078,stu_0406,132,2026-12-09 23:21:57
grd_1788,asg_0078,stu_1027,137,2026-12-10 14:07:29
grd_1789,asg_0078,stu_0787,110,2026-12-03 06:58:56
grd_1790,asg_0078,stu_1117,121,2026-12-12 13:43:58
grd_1791,asg_0078,stu_0670,135,2026-12-13 03:08:08
grd_1792,asg_0078,stu_0288,123,2026-12-08 23:52:25
grd_1793,asg_0078,stu_1343,127,2026-12-06 10:24:22
grd_1794,asg_0078,stu_0269,137,2026-12-10 15:16:53
grd_1795,asg_0078,stu_0870,90,2026-12-16 11:35:55
grd_1796,asg_0079,stu_0306,36,2026-10-01 02:18:44
grd_1797,asg_0079,stu_0446,38,2026-09-25 14:35:22
grd_1798,asg_0079,stu_1079,35,2026-09-29 09:27:31
grd_1799,asg_0079,stu_0390,30,2026-10-02 14:11:26
grd_1800,asg_0079,stu_1236,37,2026-09-28 06:19:27
grd_1801,asg_0079,stu_0989,45,2026-09-29 07:46:30
grd_1802,asg_0079,stu_0088,48,2026-09-29 00:47:49
grd_1803,asg_0079,stu_1336,47,2026-09-22 06:16:03
grd_1804,asg_0079,stu_1084,33,2026-09-29 00:36:20
grd_1805,asg_0079,stu_1037,45,2026-09-30 10:09:04
grd_1806,asg_0079,stu_0874,31,2026-10-03 20:55:45
grd_1807,asg_0079,stu_0817,34,2026-09-22 19:44:02
grd_1808,asg_0079,stu_0205,45,2026-09-24 21:51:50
grd_1809,asg_0079,stu_0091,42,2026-10-02 22:05:14
grd_1810,asg_0079,stu_0829,43,2026-10-03 21:56:34
grd_1811,asg_0080,stu_0306,173,2026-10-10 03:55:26
grd_1812,asg_0080,stu_0446,124,2026-10-10 03:48:36
grd_1813,asg_0080,stu_1079,173,2026-10-16 21:20:44
grd_1814,asg_0080,stu_1346,160,2026-10-08 13:27:44
grd_1815,asg_0080,stu_0424,122,2026-10-11 00:06:05
grd_1816,asg_0080,stu_1236,183,2026-10-10 14:11:03
grd_1817,asg_0080,stu_0989,146,2026-10-08 13:07:13
grd_1818,asg_0080,stu_0088,174,2026-10-07 09:39:43
grd_1819,asg_0080,stu_1336,148,2026-10-13 20:45:21
grd_1820,asg_0080,stu_1037,179,2026-10-08 03:26:26
grd_1821,asg_0080,stu_0874,119,2026-10-17 05:45:21
grd_1822,asg_0080,stu_0817,153,2026-10-15 09:40:36
grd_1823,asg_0080,stu_0205,156,2026-10-13 16:11:54
grd_1824,asg_0080,stu_0091,128,2026-10-10 05:03:42
grd_1825,asg_0080,stu_0113,126,2026-10-18 19:55:37
grd_1826,asg_0080,stu_0829,122,2026-10-13 19:57:15
grd_1827,asg_0081,stu_0306,186,2026-10-26 04:42:12
grd_1828,asg_0081,stu_0446,138,2026-10-25 13:42:57
grd_1829,asg_0081,stu_1079,181,2026-10-23 17:08:06
grd_1830,asg_0081,stu_0424,142,2026-10-24 02:54:01
grd_1831,asg_0081,stu_0390,121,2026-11-01 04:45:06
grd_1832,asg_0081,stu_1236,151,2026-10-31 04:11:16
grd_1833,asg_0081,stu_0989,185,2026-10-27 07:04:09
grd_1834,asg_0081,stu_0088,128,2026-10-30 18:16:54
grd_1835,asg_0081,stu_1336,136,2026-10-21 06:09:25
grd_1836,asg_0081,stu_1084,150,2026-10-30 16:51:55
grd_1837,asg_0081,stu_0874,120,2026-10-23 09:08:02
grd_1838,asg_0081,stu_0817,172,2026-10-27 16:06:12
grd_1839,asg_0081,stu_0205,192,2026-10-29 20:36:49
grd_1840,asg_0081,stu_0113,146,2026-10-27 11:21:46
grd_1841,asg_0081,stu_0829,128,2026-10-26 17:50:04
grd_1842,asg_0082,stu_0306,89,2026-11-06 03:49:35
grd_1843,asg_0082,stu_1079,112,2026-11-07 18:09:48
grd_1844,asg_0082,stu_1346,134,2026-11-07 04:25:12
grd_1845,asg_0082,stu_0424,84,2026-11-13 18:42:47
grd_1846,asg_0082,stu_0390,121,2026-11-06 11:16:36
grd_1847,asg_0082,stu_1236,116,2026-11-10 10:06:23
grd_1848,asg_0082,stu_0989,96,2026-11-13 00:05:06
grd_1849,asg_0082,stu_1336,122,2026-11-10 05:15:46
grd_1850,asg_0082,stu_1084,132,2026-11-11 11:18:05
grd_1851,asg_0082,stu_1037,103,2026-11-03 02:06:11
grd_1852,asg_0082,stu_0874,94,2026-11-06 20:26:51
grd_1853,asg_0082,stu_0113,103,2026-11-05 01:15:35
grd_1854,asg_0082,stu_0829,138,2026-11-08 12:17:03
grd_1855,asg_0083,stu_0306,133,2026-11-18 17:29:22
grd_1856,asg_0083,stu_1079,192,2026-11-17 02:55:59
grd_1857,asg_0083,stu_0424,163,2026-11-17 05:21:58
grd_1858,asg_0083,stu_0390,177,2026-11-19 13:27:33
grd_1859,asg_0083,stu_1236,167,2026-11-16 00:10:44
grd_1860,asg_0083,stu_0989,158,2026-11-23 22:58:12
grd_1861,asg_0083,stu_0088,144,2026-11-22 07:04:24
grd_1862,asg_0083,stu_1336,110,2026-11-18 03:29:09
grd_1863,asg_0083,stu_1084,179,2026-11-27 12:12:38
grd_1864,asg_0083,stu_1037,158,2026-11-20 05:29:36
grd_1865,asg_0083,stu_0874,174,2026-11-23 14:58:56
grd_1866,asg_0083,stu_0817,123,2026-11-22 00:21:01
grd_1867,asg_0083,stu_0205,116,2026-11-24 09:09:39
grd_1868,asg_0083,stu_0091,174,2026-11-26 23:56:39
grd_1869,asg_0083,stu_0113,126,2026-11-17 21:57:18
grd_1870,asg_0083,stu_0829,157,2026-11-23 20:20:14
grd_1871,asg_0084,stu_0446,92,2026-12-03 13:59:42
grd_1872,asg_0084,stu_1079,113,2026-12-17 21:05:58
grd_1873,asg_0084,stu_1346,121,2026-12-16 10:44:31
grd_1874,asg_0084,stu_0424,127,2026-12-16 10:23:15
grd_1875,asg_0084,stu_0390,99,2026-12-11 22:30:48
grd_1876,asg_0084,stu_1236,142,2026-12-14 08:27:21
grd_1877,asg_0084,stu_0989,113,2026-12-11 10:11:22
grd_1878,asg_0084,stu_0088,129,2026-12-17 10:53:19
grd_1879,asg_0084,stu_1336,93,2026-12-09 18:26:51
grd_1880,asg_0084,stu_1084,107,2026-12-16 06:32:29
grd_1881,asg_0084,stu_1037,126,2026-12-16 06:57:50
grd_1882,asg_0084,stu_0817,119,2026-12-09 20:23:23
grd_1883,asg_0084,stu_0091,112,2026-12-14 15:58:34
grd_1884,asg_0084,stu_0113,130,2026-12-11 18:55:39
grd_1885,asg_0084,stu_0829,120,2026-12-19 01:22:52
grd_1886,asg_0085,stu_1183,109,2026-09-30 13:13:23
grd_1887,asg_0085,stu_0912,92,2026-09-29 16:44:53
grd_1888,asg_0085,stu_0659,136,2026-10-09 00:24:25
grd_1889,asg_0085,stu_0953,98,2026-10-05 13:03:26
grd_1890,asg_0085,stu_0451,124,2026-10-02 21:56:05
grd_1891,asg_0085,stu_0539,107,2026-09-25 11:33:29
grd_1892,asg_0085,stu_1371,99,2026-09-27 05:59:47
grd_1893,asg_0085,stu_1238,125,2026-10-01 06:03:39
grd_1894,asg_0085,stu_1391,99,2026-09-29 18:41:41
grd_1895,asg_0085,stu_1279,128,2026-10-06 01:52:17
grd_1896,asg_0085,stu_0069,117,2026-09-29 12:16:21
grd_1897,asg_0085,stu_0638,86,2026-09-23 22:16:51
grd_1898,asg_0085,stu_0493,90,2026-09-29 23:22:16
grd_1899,asg_0085,stu_0019,142,2026-10-03 15:06:34
grd_1900,asg_0085,stu_1336,140,2026-09-26 14:44:22
grd_1901,asg_0085,stu_1060,104,2026-10-06 13:36:40
grd_1902,asg_0085,stu_0828,120,2026-09-25 13:54:58
grd_1903,asg_0085,stu_0970,96,2026-10-01 15:31:43
grd_1904,asg_0085,stu_1242,144,2026-09-29 23:43:10
grd_1905,asg_0085,stu_0430,137,2026-09-28 19:31:30
grd_1906,asg_0085,stu_1139,132,2026-10-06 08:43:03
grd_1907,asg_0085,stu_0651,110,2026-10-02 01:02:38
grd_1908,asg_0085,stu_1090,135,2026-10-03 13:19:01
grd_1909,asg_0086,stu_1183,68,2026-10-15 23:31:42
grd_1910,asg_0086,stu_0912,87,2026-10-17 19:20:17
grd_1911,asg_0086,stu_0004,62,2026-10-13 13:48:15
grd_1912,asg_0086,stu_0271,92,2026-10-17 11:31:41
grd_1913,asg_0086,stu_0659,94,2026-10-13 07:10:50
grd_1914,asg_0086,stu_0953,66,2026-10-12 05:17:57
grd_1915,asg_0086,stu_0451,59,2026-10-21 08:43:38
grd_1916,asg_0086,stu_0539,80,2026-10-19 00:06:52
grd_1917,asg_0086,stu_1371,62,2026-10-10 03:19:15
grd_1918,asg_0086,stu_1238,93,2026-10-17 02:36:43
grd_1919,asg_0086,stu_1391,86,2026-10-09 19:26:44
grd_1920,asg_0086,stu_0069,70,2026-10-19 13:46:31
grd_1921,asg_0086,stu_0638,58,2026-10-12 23:51:32
grd_1922,asg_0086,stu_1019,89,2026-10-15 16:53:12
grd_1923,asg_0086,stu_0493,79,2026-10-17 13:41:01
grd_1924,asg_0086,stu_0019,89,2026-10-01 20:00:00
grd_1925,asg_0086,stu_1336,75,2026-10-13 23:36:51
grd_1926,asg_0086,stu_0434,93,2026-10-15 10:37:24
grd_1927,asg_0086,stu_1060,72,2026-10-13 05:17:47
grd_1928,asg_0086,stu_0828,84,2026-10-20 10:48:51
grd_1929,asg_0086,stu_0127,64,2026-10-15 06:05:49
grd_1930,asg_0086,stu_1242,84,2026-10-19 08:40:43
grd_1931,asg_0086,stu_0430,55,2026-10-12 13:09:33
grd_1932,asg_0086,stu_0651,92,2026-10-10 14:07:38
grd_1933,asg_0086,stu_1090,67,2026-10-15 04:32:24
grd_1934,asg_0087,stu_1183,33,2026-10-27 17:24:07
grd_1935,asg_0087,stu_0912,35,2026-10-28 01:34:58
grd_1936,asg_0087,stu_0004,47,2026-10-30 23:20:39
grd_1937,asg_0087,stu_0659,35,2026-10-26 22:40:37
grd_1938,asg_0087,stu_0953,40,2026-11-01 15:13:31
grd_1939,asg_0087,stu_0451,38,2026-11-02 07:46:40
grd_1940,asg_0087,stu_0539,30,2026-10-23 19:32:25
grd_1941,asg_0087,stu_1371,36,2026-11-01 16:47:43
grd_1942,asg_0087,stu_1238,41,2026-10-27 16:49:06
grd_1943,asg_0087,stu_1391,28,2026-10-30 09:43:26
grd_1944,asg_0087,stu_1279,37,2026-10-30 00:50:37
grd_1945,asg_0087,stu_0069,47,2026-10-24 01:34:39
grd_1946,asg_0087,stu_0638,44,2026-10-29 06:25:43
grd_1947,asg_0087,stu_1019,40,2026-11-02 07:30:45
grd_1948,asg_0087,stu_0493,43,2026-11-02 10:13:36
grd_1949,asg_0087,stu_1336,47,2026-10-23 21:32:42
grd_1950,asg_0087,stu_1060,37,2026-11-02 17:14:15
grd_1951,asg_0087,stu_0828,35,2026-10-23 15:28:34
grd_1952,asg_0087,stu_0970,34,2026-10-22 21:19:00
grd_1953,asg_0087,stu_1242,40,2026-10-30 22:22:19
grd_1954,asg_0087,stu_0430,35,2026-10-23 20:41:48
grd_1955,asg_0087,stu_0651,44,2026-10-30 23:07:25
grd_1956,asg_0087,stu_1090,46,2026-10-25 06:17:42
grd_1957,asg_0088,stu_1183,146,2026-11-12 09:45:22
grd_1958,asg_0088,stu_0912,193,2026-11-11 02:32:07
grd_1959,asg_0088,stu_0004,125,2026-11-11 21:09:22
grd_1960,asg_0088,stu_0271,159,2026-11-15 11:01:09
grd_1961,asg_0088,stu_0659,123,2026-11-10 13:00:07
grd_1962,asg_0088,stu_0953,118,2026-11-13 03:19:42
grd_1963,asg_0088,stu_0451,151,2026-11-10 03:14:28
grd_1964,asg_0088,stu_0539,157,2026-11-14 13:15:01
grd_1965,asg_0088,stu_1371,177,2026-11-07 21:01:50
grd_1966,asg_0088,stu_1238,119,2026-11-08 12:43:12
grd_1967,asg_0088,stu_1391,172,2026-11-12 21:34:46
grd_1968,asg_0088,stu_1279,141,2026-11-08 14:52:22
grd_1969,asg_0088,stu_0069,162,2026-11-14 23:15:50
grd_1970,asg_0088,stu_0638,153,2026-11-15 17:59:35
grd_1971,asg_0088,stu_1019,133,2026-11-13 11:31:12
grd_1972,asg_0088,stu_0493,184,2026-11-16 23:36:40
grd_1973,asg_0088,stu_0019,137,2026-11-11 07:09:49
grd_1974,asg_0088,stu_1336,156,2026-11-16 16:21:37
grd_1975,asg_0088,stu_0828,140,2026-11-14 03:04:15
grd_1976,asg_0088,stu_0970,184,2026-11-07 07:13:10
grd_1977,asg_0088,stu_1139,128,2026-11-10 21:05:15
grd_1978,asg_0088,stu_0651,193,2026-11-17 05:10:17
grd_1979,asg_0088,stu_1090,130,2026-11-14 18:38:43
grd_1980,asg_0089,stu_0912,102,2026-11-28 02:02:28
grd_1981,asg_0089,stu_0004,114,2026-11-25 03:56:41
grd_1982,asg_0089,stu_0271,94,2026-11-21 15:37:12
grd_1983,asg_0089,stu_0659,117,2026-11-24 10:57:44
grd_1984,asg_0089,stu_0953,117,2026-11-23 18:52:23
grd_1985,asg_0089,stu_0451,84,2026-11-20 11:13:22
grd_1986,asg_0089,stu_0539,123,2026-11-24 22:32:44
grd_1987,asg_0089,stu_1371,144,2026-11-19 09:09:45
grd_1988,asg_0089,stu_1238,121,2026-11-20 12:40:16
grd_1989,asg_0089,stu_1391,96,2026-11-21 16:27:23
grd_1990,asg_0089,stu_1279,103,2026-11-25 11:10:33
grd_1991,asg_0089,stu_0069,113,2026-11-23 20:51:04
grd_1992,asg_0089,stu_0638,139,2026-11-22 01:21:28
grd_1993,asg_0089,stu_1019,105,2026-11-26 08:08:00
grd_1994,asg_0089,stu_0019,132,2026-11-21 11:36:46
grd_1995,asg_0089,stu_1336,106,2026-11-21 14:20:35
grd_1996,asg_0089,stu_0434,142,2026-11-25 23:06:31
grd_1997,asg_0089,stu_1060,145,2026-11-21 04:04:29
grd_1998,asg_0089,stu_0828,102,2026-11-21 22:48:45
grd_1999,asg_0089,stu_0127,89,2026-11-20 03:32:00
grd_2000,asg_0089,stu_0970,130,2026-11-18 03:12:18
grd_2001,asg_0089,stu_1242,89,2026-11-28 11:23:26
grd_2002,asg_0089,stu_1139,109,2026-11-27 14:31:27
grd_2003,asg_0089,stu_0651,97,2026-11-17 18:46:55
grd_2004,asg_0089,stu_1090,143,2026-11-24 23:10:40
grd_2005,asg_0090,stu_1183,64,2026-12-08 10:12:21
grd_2006,asg_0090,stu_0912,59,2026-12-08 04:11:41
grd_2007,asg_0090,stu_0004,56,2026-12-02 09:29:12
grd_2008,asg_0090,stu_0659,91,2026-12-14 16:48:30
grd_2009,asg_0090,stu_0451,91,2026-12-12 17:43:09
grd_2010,asg_0090,stu_1238,82,2026-12-09 06:50:43
grd_2011,asg_0090,stu_1391,85,2026-12-11 10:30:35
grd_2012,asg_0090,stu_1279,85,2026-12-08 05:25:58
grd_2013,asg_0090,stu_0069,89,2026-12-08 11:22:24
grd_2014,asg_0090,stu_0638,70,2026-12-03 14:54:58
grd_2015,asg_0090,stu_1019,94,2026-12-09 08:57:54
grd_2016,asg_0090,stu_0493,68,2026-12-12 18:55:18
grd_2017,asg_0090,stu_1336,57,2026-12-12 23:58:56
grd_2018,asg_0090,stu_0434,75,2026-12-10 07:58:49
grd_2019,asg_0090,stu_1060,64,2026-12-06 23:14:15
grd_2020,asg_0090,stu_0828,56,2026-12-08 05:45:21
grd_2021,asg_0090,stu_0127,62,2026-12-10 09:00:18
grd_2022,asg_0090,stu_0970,96,2026-12-11 04:17:40
grd_2023,asg_0090,stu_0430,64,2026-12-08 07:18:56
grd_2024,asg_0090,stu_1139,66,2026-12-01 09:39:15
grd_2025,asg_0090,stu_0651,67,2026-12-06 15:20:58
grd_2026,asg_0091,stu_0030,159,2026-10-10 19:15:45
grd_2027,asg_0091,stu_1109,148,2026-10-09 09:19:05
grd_2028,asg_0091,stu_0008,172,2026-10-03 07:03:37
grd_2029,asg_0091,stu_0149,160,2026-10-03 19:07:42
grd_2030,asg_0091,stu_0048,151,2026-10-05 14:13:03
grd_2031,asg_0091,stu_1216,127,2026-09-26 11:18:03
grd_2032,asg_0091,stu_0918,130,2026-10-01 21:39:05
grd_2033,asg_0091,stu_0945,156,2026-10-09 12:40:56
grd_2034,asg_0091,stu_1231,154,2026-10-01 07:27:28
grd_2035,asg_0091,stu_0841,180,2026-09-30 21:17:40
grd_2036,asg_0091,stu_0422,125,2026-10-02 11:36:39
grd_2037,asg_0091,stu_1161,148,2026-10-04 16:29:41
grd_2038,asg_0091,stu_0318,186,2026-10-06 10:38:40
grd_2039,asg_0091,stu_0038,194,2026-10-01 11:24:22
grd_2040,asg_0091,stu_0261,111,2026-09-30 00:25:30
grd_2041,asg_0091,stu_1317,115,2026-09-27 12:17:11
grd_2042,asg_0091,stu_1327,183,2026-10-06 12:04:06
grd_2043,asg_0091,stu_0423,179,2026-09-30 10:41:08
grd_2044,asg_0091,stu_1087,159,2026-10-04 16:42:07
grd_2045,asg_0091,stu_0212,127,2026-10-11 11:45:14
grd_2046,asg_0091,stu_0928,125,2026-10-04 16:42:17
grd_2047,asg_0092,stu_1109,32,2026-10-09 04:52:35
grd_2048,asg_0092,stu_0481,45,2026-10-10 00:43:36
grd_2049,asg_0092,stu_0008,39,2026-10-16 01:45:07
grd_2050,asg_0092,stu_1014,28,2026-10-13 03:01:42
grd_2051,asg_0092,stu_0048,40,2026-10-18 22:57:37
grd_2052,asg_0092,stu_1216,45,2026-10-07 16:30:02
grd_2053,asg_0092,stu_0918,32,2026-10-06 01:29:00
grd_2054,asg_0092,stu_0945,30,2026-10-16 14:07:10
grd_2055,asg_0092,stu_1231,36,2026-10-07 09:16:13
grd_2056,asg_0092,stu_0422,44,2026-10-15 19:47:42
grd_2057,asg_0092,stu_1161,43,2026-10-17 23:25:32
grd_2058,asg_0092,stu_0318,47,2026-10-12 20:34:15
grd_2059,asg_0092,stu_0038,40,2026-10-11 12:14:00
grd_2060,asg_0092,stu_0261,48,2026-10-12 12:34:39
grd_2061,asg_0092,stu_0240,41,2026-10-17 09:23:50
grd_2062,asg_0092,stu_1317,45,2026-10-17 23:53:15
grd_2063,asg_0092,stu_1185,38,2026-10-08 15:08:16
grd_2064,asg_0092,stu_1327,33,2026-10-14 03:11:44
grd_2065,asg_0092,stu_0423,34,2026-10-14 23:24:37
grd_2066,asg_0092,stu_1087,33,2026-10-14 20:54:10
grd_2067,asg_0092,stu_0212,36,2026-10-18 20:21:00
grd_2068,asg_0093,stu_0030,37,2026-10-27 19:24:09
grd_2069,asg_0093,stu_1109,35,2026-10-28 20:47:52
grd_2070,asg_0093,stu_0481,37,2026-10-30 14:55:29
grd_2071,asg_0093,stu_0008,35,2026-10-31 03:03:46
grd_2072,asg_0093,stu_0149,45,2026-10-23 20:52:42
grd_2073,asg_0093,stu_1014,47,2026-11-03 00:41:02
grd_2074,asg_0093,stu_0048,33,2026-10-23 02:53:18
grd_2075,asg_0093,stu_1216,33,2026-10-21 03:17:44
grd_2076,asg_0093,stu_0918,48,2026-10-28 03:14:52
grd_2077,asg_0093,stu_0945,40,2026-11-02 08:51:54
grd_2078,asg_0093,stu_1231,45,2026-10-27 13:31:09
grd_2079,asg_0093,stu_0841,47,2026-10-25 03:59:35
grd_2080,asg_0093,stu_0422,34,2026-10-25 20:39:38
grd_2081,asg_0093,stu_1380,47,2026-10-24 05:02:59
grd_2082,asg_0093,stu_0038,38,2026-10-26 19:25:23
grd_2083,asg_0093,stu_0261,47,2026-10-28 01:20:34
grd_2084,asg_0093,stu_0240,32,2026-10-28 09:45:14
grd_2085,asg_0093,stu_1317,42,2026-10-29 10:29:42
grd_2086,asg_0093,stu_1185,36,2026-10-24 13:03:26
grd_2087,asg_0093,stu_0423,35,2026-10-29 15:42:46
grd_2088,asg_0093,stu_1087,31,2026-10-26 08:42:56
grd_2089,asg_0093,stu_0212,32,2026-10-21 05:25:09
grd_2090,asg_0093,stu_0928,40,2026-10-26 13:47:45
grd_2091,asg_0094,stu_0030,97,2026-11-15 03:25:20
grd_2092,asg_0094,stu_1109,60,2026-11-07 19:20:36
grd_2093,asg_0094,stu_0481,66,2026-11-05 23:01:04
grd_2094,asg_0094,stu_1379,80,2026-11-07 15:21:50
grd_2095,asg_0094,stu_0008,55,2026-11-15 02:56:36
grd_2096,asg_0094,stu_1014,93,2026-11-14 17:23:01
grd_2097,asg_0094,stu_1216,82,2026-11-17 13:40:13
grd_2098,asg_0094,stu_0918,91,2026-11-06 11:58:06
grd_2099,asg_0094,stu_0945,67,2026-11-08 17:32:32
grd_2100,asg_0094,stu_1231,87,2026-11-15 06:02:16
grd_2101,asg_0094,stu_0422,87,2026-11-14 23:26:42
grd_2102,asg_0094,stu_1161,63,2026-11-08 10:02:51
grd_2103,asg_0094,stu_0318,73,2026-11-13 11:47:47
grd_2104,asg_0094,stu_1380,86,2026-11-17 05:41:27
grd_2105,asg_0094,stu_0038,92,2026-11-11 01:26:48
grd_2106,asg_0094,stu_0261,95,2026-11-13 17:33:05
grd_2107,asg_0094,stu_1317,84,2026-11-12 21:14:06
grd_2108,asg_0094,stu_1185,74,2026-11-08 11:40:59
grd_2109,asg_0094,stu_1327,58,2026-11-07 14:30:41
grd_2110,asg_0094,stu_0423,78,2026-11-12 03:13:07
grd_2111,asg_0094,stu_1087,90,2026-11-10 15:33:04
grd_2112,asg_0094,stu_0212,91,2026-11-09 07:13:47
grd_2113,asg_0094,stu_0928,82,2026-11-14 12:08:03
grd_2114,asg_0095,stu_0030,58,2026-11-23 20:22:50
grd_2115,asg_0095,stu_1109,57,2026-11-22 10:41:59
grd_2116,asg_0095,stu_0481,62,2026-11-22 11:02:59
grd_2117,asg_0095,stu_1379,95,2026-11-29 01:46:42
grd_2118,asg_0095,stu_0008,74,2026-11-23 13:57:17
grd_2119,asg_0095,stu_0149,82,2026-11-22 01:52:37
grd_2120,asg_0095,stu_1014,86,2026-11-26 07:19:50
grd_2121,asg_0095,stu_0048,81,2026-11-28 16:18:25
grd_2122,asg_0095,stu_1216,60,2026-12-01 23:25:45
grd_2123,asg_0095,stu_0918,60,2026-11-26 17:44:59
grd_2124,asg_0095,stu_1231,82,2026-11-30 06:47:58
grd_2125,asg_0095,stu_0841,89,2026-11-23 17:03:06
grd_2126,asg_0095,stu_0422,56,2026-11-25 12:23:55
grd_2127,asg_0095,stu_1161,66,2026-12-01 07:08:21
grd_2128,asg_0095,stu_0318,79,2026-11-24 05:19:14
grd_2129,asg_0095,stu_1380,78,2026-11-27 05:07:56
grd_2130,asg_0095,stu_0038,95,2026-11-23 18:58:30
grd_2131,asg_0095,stu_0261,58,2026-11-25 18:46:09
grd_2132,asg_0095,stu_1185,67,2026-11-29 02:38:02
grd_2133,asg_0095,stu_1327,67,2026-11-23 18:12:30
grd_2134,asg_0095,stu_0423,94,2026-11-20 10:49:55
grd_2135,asg_0095,stu_1087,70,2026-11-21 06:59:44
grd_2136,asg_0095,stu_0212,57,2026-11-23 13:35:52
grd_2137,asg_0096,stu_0030,124,2026-12-17 14:05:29
grd_2138,asg_0096,stu_0481,100,2026-12-12 09:22:26
grd_2139,asg_0096,stu_1379,107,2026-12-05 05:55:01
grd_2140,asg_0096,stu_0149,93,2026-12-11 09:36:00
grd_2141,asg_0096,stu_1014,122,2026-12-15 21:59:28
grd_2142,asg_0096,stu_0048,134,2026-12-06 06:29:25
grd_2143,asg_0096,stu_1216,130,2026-12-17 06:07:27
grd_2144,asg_0096,stu_0918,121,2026-12-05 08:49:35
grd_2145,asg_0096,stu_1231,111,2026-12-06 21:03:19
grd_2146,asg_0096,stu_0841,141,2026-12-07 02:50:00
grd_2147,asg_0096,stu_0422,119,2026-12-07 10:29:21
grd_2148,asg_0096,stu_1161,92,2026-12-13 21:02:02
grd_2149,asg_0096,stu_0318,122,2026-12-02 12:37:19
grd_2150,asg_0096,stu_1380,101,2026-12-07 17:52:20
grd_2151,asg_0096,stu_0038,137,2026-12-14 03:00:04
grd_2152,asg_0096,stu_1317,103,2026-12-13 09:37:42
grd_2153,asg_0096,stu_1185,88,2026-12-05 09:56:39
grd_2154,asg_0096,stu_1327,131,2026-12-12 02:29:07
grd_2155,asg_0096,stu_1087,97,2026-12-15 21:33:21
grd_2156,asg_0096,stu_0212,114,2026-12-11 01:27:03
grd_2157,asg_0096,stu_0928,121,2026-12-07 05:17:46
grd_2158,asg_0097,stu_0732,36,2026-10-04 00:50:02
grd_2159,asg_0097,stu_1210,35,2026-10-03 07:02:25
grd_2160,asg_0097,stu_0309,37,2026-09-26 12:44:17
grd_2161,asg_0097,stu_0229,34,2026-09-30 20:36:01
grd_2162,asg_0097,stu_0950,47,2026-09-30 08:07:02
grd_2163,asg_0097,stu_0118,48,2026-09-27 22:09:43
grd_2164,asg_0097,stu_0385,44,2026-09-25 16:34:27
grd_2165,asg_0097,stu_0679,39,2026-09-24 05:24:21
grd_2166,asg_0097,stu_1109,48,2026-10-03 15:53:58
grd_2167,asg_0097,stu_0467,33,2026-09-26 23:50:52
grd_2168,asg_0097,stu_0441,37,2026-09-27 00:47:42
grd_2169,asg_0097,stu_1315,30,2026-09-25 20:31:55
grd_2170,asg_0097,stu_0062,33,2026-10-03 08:47:34
grd_2171,asg_0097,stu_0240,34,2026-10-01 03:47:50
grd_2172,asg_0097,stu_0546,39,2026-10-03 19:38:56
grd_2173,asg_0098,stu_0633,43,2026-10-15 15:25:08
grd_2174,asg_0098,stu_1210,30,2026-10-11 22:38:33
grd_2175,asg_0098,stu_0309,36,2026-10-18 12:52:14
grd_2176,asg_0098,stu_0229,38,2026-10-13 18:00:11
grd_2177,asg_0098,stu_0380,29,2026-10-06 00:00:15
grd_2178,asg_0098,stu_0950,33,2026-10-15 06:32:29
grd_2179,asg_0098,stu_1150,34,2026-10-10 12:13:42
grd_2180,asg_0098,stu_0304,34,2026-10-15 21:37:32
grd_2181,asg_0098,stu_0118,41,2026-10-10 23:46:34
grd_2182,asg_0098,stu_1115,45,2026-10-15 23:18:54
grd_2183,asg_0098,stu_0385,41,2026-10-14 15:52:58
grd_2184,asg_0098,stu_0679,39,2026-10-12 19:47:24
grd_2185,asg_0098,stu_1116,29,2026-10-09 21:53:02
grd_2186,asg_0098,stu_0467,29,2026-10-10 20:07:35
grd_2187,asg_0098,stu_0441,31,2026-10-16 12:31:39
grd_2188,asg_0098,stu_1315,28,2026-10-16 02:25:09
grd_2189,asg_0098,stu_1309,29,2026-10-10 05:44:47
grd_2190,asg_0098,stu_0240,48,2026-10-14 10:03:04
grd_2191,asg_0098,stu_0079,41,2026-10-14 21:58:06
grd_2192,asg_0098,stu_0546,39,2026-10-10 09:52:59
grd_2193,asg_0099,stu_1210,48,2026-10-27 12:46:27
grd_2194,asg_0099,stu_0309,37,2026-10-25 14:13:25
grd_2195,asg_0099,stu_0229,36,2026-10-28 01:18:18
grd_2196,asg_0099,stu_0380,42,2026-11-02 07:44:54
grd_2197,asg_0099,stu_0950,33,2026-11-07 11:04:10
grd_2198,asg_0099,stu_0928,36,2026-10-24 06:33:18
grd_2199,asg_0099,stu_1150,38,2026-10-27 22:55:00
grd_2200,asg_0099,stu_0304,43,2026-10-26 00:04:33
grd_2201,asg_0099,stu_0118,34,2026-10-30 07:45:32
grd_2202,asg_0099,stu_1115,33,2026-10-28 06:51:23
grd_2203,asg_0099,stu_0385,28,2026-10-29 20:55:36
grd_2204,asg_0099,stu_0679,28,2026-11-01 09:00:17
grd_2205,asg_0099,stu_1109,31,2026-11-07 05:20:24
grd_2206,asg_0099,stu_1116,31,2026-10-29 10:26:20
grd_2207,asg_0099,stu_0467,45,2026-11-03 08:41:56
grd_2208,asg_0099,stu_0441,48,2026-10-30 07:41:31
grd_2209,asg_0099,stu_1315,45,2026-11-01 08:33:55
grd_2210,asg_0099,stu_0062,30,2026-11-01 01:30:53
grd_2211,asg_0099,stu_0546,38,2026-11-02 14:38:08
grd_2212,asg_0100,stu_0633,110,2026-11-10 02:41:51
grd_2213,asg_0100,stu_0732,95,2026-11-20 10:20:52
grd_2214,asg_0100,stu_0309,144,2026-11-10 16:42:59
grd_2215,asg_0100,stu_0229,100,2026-11-24 11:53:52
grd_2216,asg_0100,stu_0380,115,2026-11-06 22:27:58
grd_2217,asg_0100,stu_0950,98,2026-11-21 02:19:37
grd_2218,asg_0100,stu_0928,103,2026-11-18 12:05:39
grd_2219,asg_0100,stu_1150,121,2026-11-12 07:36:24
grd_2220,asg_0100,stu_0304,97,2026-11-15 18:56:47
grd_2221,asg_0100,stu_0118,105,2026-11-14 10:44:08
grd_2222,asg_0100,stu_1115,145,2026-11-12 18:11:35
grd_2223,asg_0100,stu_0385,98,2026-11-19 07:37:37
grd_2224,asg_0100,stu_0679,142,2026-11-14 00:04:46
grd_2225,asg_0100,stu_1109,91,2026-11-12 06:32:21
grd_2226,asg_0100,stu_1116,104,2026-11-16 05:45:22
grd_2227,asg_0100,stu_0467,103,2026-11-17 07:19:57
grd_2228,asg_0100,stu_0441,124,2026-11-13 14:04:33
grd_2229,asg_0100,stu_1315,108,2026-11-14 12:30:34
grd_2230,asg_0100,stu_0062,140,2026-11-08 15:35:56
grd_2231,asg_0100,stu_0240,97,2026-11-18 00:03:54
grd_2232,asg_0100,stu_0079,113,2026-11-11 01:09:14
grd_2233,asg_0100,stu_0546,99,2026-11-08 04:38:27
grd_2234,asg_0101,stu_0633,66,2026-12-04 05:57:21
grd_2235,asg_0101,stu_0732,86,2026-12-01 06:28:48
grd_2236,asg_0101,stu_0229,91,2026-11-25 11:25:31
grd_2237,asg_0101,stu_0380,83,2026-12-01 22:18:46
grd_2238,asg_0101,stu_0950,86,2026-11-20 18:08:49
grd_2239,asg_0101,stu_0928,65,2026-11-29 02:22:06
grd_2240,asg_0101,stu_1150,88,2026-12-02 18:40:14
grd_2241,asg_0101,stu_0304,78,2026-12-04 16:27:40
grd_2242,asg_0101,stu_0118,73,2026-11-22 02:41:48
grd_2243,asg_0101,stu_1115,83,2026-11-30 15:39:42
grd_2244,asg_0101,stu_0385,61,2026-11-24 22:26:07
grd_2245,asg_0101,stu_1109,70,2026-12-02 11:08:44
grd_2246,asg_0101,stu_1116,92,2026-11-28 13:24:41
grd_2247,asg_0101,stu_0467,68,2026-11-27 01:08:08
grd_2248,asg_0101,stu_1315,66,2026-11-19 22:10:52
grd_2249,asg_0101,stu_0062,59,2026-11-28 13:03:09
grd_2250,asg_0101,stu_1309,78,2026-11-24 11:22:00
grd_2251,asg_0101,stu_0240,81,2026-11-26 17:55:46
grd_2252,asg_0101,stu_0079,56,2026-12-02 04:31:48
grd_2253,asg_0101,stu_0546,83,2026-12-05 16:25:27
grd_2254,asg_0102,stu_0633,44,2026-12-11 02:14:07
grd_2255,asg_0102,stu_1210,35,2026-12-13 08:20:38
grd_2256,asg_0102,stu_0309,33,2026-12-14 13:36:56
grd_2257,asg_0102,stu_0229,30,2026-12-17 08:24:18
grd_2258,asg_0102,stu_0380,30,2026-12-11 07:47:33
grd_2259,asg_0102,stu_1150,35,2026-12-10 00:22:11
grd_2260,asg_0102,stu_0118,42,2026-12-08 02:07:40
grd_2261,asg_0102,stu_1115,30,2026-12-12 19:01:21
grd_2262,asg_0102,stu_1109,36,2026-12-10 13:57:03
grd_2263,asg_0102,stu_1116,48,2026-12-12 22:03:58
grd_2264,asg_0102,stu_0467,29,2026-12-14 18:28:47
grd_2265,asg_0102,stu_0441,42,2026-12-04 19:24:34
grd_2266,asg_0102,stu_1315,39,2026-12-18 12:53:39
grd_2267,asg_0102,stu_1309,34,2026-12-03 23:16:53
grd_2268,asg_0102,stu_0240,43,2026-12-09 23:24:24
grd_2269,asg_0103,stu_0916,83,2026-09-29 05:37:45
grd_2270,asg_0103,stu_0005,74,2026-09-22 10:21:34
grd_2271,asg_0103,stu_0825,81,2026-10-01 14:22:08
grd_2272,asg_0103,stu_1361,55,2026-09-24 19:58:48
grd_2273,asg_0103,stu_1177,58,2026-10-06 19:55:42
grd_2274,asg_0103,stu_0064,81,2026-09-29 08:07:23
grd_2275,asg_0103,stu_0186,73,2026-10-05 16:07:16
grd_2276,asg_0103,stu_0472,86,2026-10-06 12:39:50
grd_2277,asg_0103,stu_0514,93,2026-09-28 09:24:42
grd_2278,asg_0103,stu_1352,71,2026-10-05 22:06:08
grd_2279,asg_0103,stu_0180,95,2026-10-04 03:14:48
grd_2280,asg_0103,stu_0491,55,2026-09-27 03:20:34
grd_2281,asg_0103,stu_1319,92,2026-09-29 01:38:19
grd_2282,asg_0104,stu_0825,75,2026-10-08 10:21:46
grd_2283,asg_0104,stu_1369,72,2026-10-19 05:26:59
grd_2284,asg_0104,stu_1177,84,2026-10-09 12:36:07
grd_2285,asg_0104,stu_0387,74,2026-10-11 16:29:16
grd_2286,asg_0104,stu_0889,76,2026-10-16 06:36:12
grd_2287,asg_0104,stu_0064,72,2026-10-09 15:52:02
grd_2288,asg_0104,stu_0472,79,2026-10-08 14:01:10
grd_2289,asg_0104,stu_0514,56,2026-10-15 21:57:53
grd_2290,asg_0104,stu_1352,78,2026-10-18 17:15:44
grd_2291,asg_0104,stu_0180,66,2026-10-16 14:44:45
grd_2292,asg_0104,stu_0564,70,2026-10-15 02:53:02
grd_2293,asg_0104,stu_0491,75,2026-10-10 00:53:31
grd_2294,asg_0105,stu_0916,115,2026-10-29 19:09:52
grd_2295,asg_0105,stu_0005,140,2026-10-27 19:49:00
grd_2296,asg_0105,stu_0825,107,2026-11-02 21:45:18
grd_2297,asg_0105,stu_1361,97,2026-11-04 08:16:53
grd_2298,asg_0105,stu_0387,95,2026-10-30 12:11:06
grd_2299,asg_0105,stu_0889,145,2026-10-24 00:35:24
grd_2300,asg_0105,stu_0064,125,2026-11-01 22:31:16
grd_2301,asg_0105,stu_1147,129,2026-11-02 03:50:19
grd_2302,asg_0105,stu_0186,114,2026-10-31 15:10:57
grd_2303,asg_0105,stu_0472,115,2026-11-03 18:29:20
grd_2304,asg_0105,stu_0514,95,2026-10-25 01:44:37
grd_2305,asg_0105,stu_1352,94,2026-10-31 06:22:08
grd_2306,asg_0105,stu_0180,104,2026-10-28 04:52:07
grd_2307,asg_0105,stu_1319,110,2026-10-31 11:08:12
grd_2308,asg_0106,stu_0825,151,2026-10-30 12:05:06
grd_2309,asg_0106,stu_1361,185,2026-11-01 05:03:13
grd_2310,asg_0106,stu_1369,163,2026-10-30 16:12:22
grd_2311,asg_0106,stu_1177,186,2026-10-31 09:37:22
grd_2312,asg_0106,stu_0387,134,2026-11-09 15:14:13
grd_2313,asg_0106,stu_0889,190,2026-10-31 12:16:35
grd_2314,asg_0106,stu_0064,193,2026-11-07 10:03:56
grd_2315,asg_0106,stu_1147,129,2026-11-04 15:32:11
grd_2316,asg_0106,stu_0180,160,2026-11-08 12:42:03
grd_2317,asg_0106,stu_0564,123,2026-11-07 07:32:48
grd_2318,asg_0106,stu_0491,168,2026-11-01 11:21:48
grd_2319,asg_0106,stu_1319,160,2026-11-04 17:59:04
grd_2320,asg_0107,stu_0005,44,2026-11-23 16:05:17
grd_2321,asg_0107,stu_0825,34,2026-11-20 20:59:39
grd_2322,asg_0107,stu_1361,34,2026-11-19 07:49:46
grd_2323,asg_0107,stu_1369,31,2026-11-24 05:56:26
grd_2324,asg_0107,stu_0387,32,2026-11-27 11:31:13
grd_2325,asg_0107,stu_0889,30,2026-12-01 05:46:06
grd_2326,asg_0107,stu_0064,48,2026-11-24 20:00:23
grd_2327,asg_0107,stu_1147,32,2026-11-30 11:03:09
grd_2328,asg_0107,stu_0186,34,2026-11-24 02:57:02
grd_2329,asg_0107,stu_0472,31,2026-11-24 05:47:55
grd_2330,asg_0107,stu_0514,37,2026-11-27 23:47:15
grd_2331,asg_0107,stu_1352,32,2026-11-29 13:47:09
grd_2332,asg_0107,stu_0180,39,2026-11-20 22:47:14
grd_2333,asg_0107,stu_0564,34,2026-11-27 07:27:11
grd_2334,asg_0107,stu_0491,36,2026-11-29 10:12:50
grd_2335,asg_0108,stu_0916,73,2026-12-09 05:12:29
grd_2336,asg_0108,stu_0005,62,2026-12-03 09:27:00
grd_2337,asg_0108,stu_0825,81,2026-12-09 08:35:06
grd_2338,asg_0108,stu_1369,55,2026-12-10 17:53:13
grd_2339,asg_0108,stu_1177,82,2026-12-08 19:17:29
grd_2340,asg_0108,stu_0387,84,2026-12-04 09:26:07
grd_2341,asg_0108,stu_0889,73,2026-12-03 21:19:25
grd_2342,asg_0108,stu_0064,61,2026-12-04 19:40:38
grd_2343,asg_0108,stu_1147,75,2026-12-05 17:30:25
grd_2344,asg_0108,stu_0472,81,2026-12-09 19:37:04
grd_2345,asg_0108,stu_0514,61,2026-12-04 14:29:27
grd_2346,asg_0108,stu_1352,70,2026-12-12 00:55:44
grd_2347,asg_0108,stu_0491,68,2026-12-02 16:43:45
grd_2348,asg_0108,stu_1319,71,2026-12-12 01:56:09
grd_2349,asg_0109,stu_1019,83,2026-10-02 23:07:08
grd_2350,asg_0109,stu_0213,86,2026-10-02 07:06:28
grd_2351,asg_0109,stu_0887,126,2026-10-05 00:24:05
grd_2352,asg_0109,stu_0175,120,2026-10-06 21:48:26
grd_2353,asg_0109,stu_0406,97,2026-09-27 06:33:52
grd_2354,asg_0109,stu_1218,119,2026-10-01 11:04:07
grd_2355,asg_0109,stu_0074,105,2026-10-04 09:38:53
grd_2356,asg_0109,stu_0786,86,2026-09-29 00:05:19
grd_2357,asg_0109,stu_0155,88,2026-09-27 06:00:29
grd_2358,asg_0109,stu_1153,127,2026-09-30 19:20:30
grd_2359,asg_0109,stu_1138,143,2026-10-07 01:27:50
grd_2360,asg_0109,stu_0849,121,2026-09-30 10:14:13
grd_2361,asg_0109,stu_0002,89,2026-09-28 14:48:19
grd_2362,asg_0109,stu_0236,105,2026-10-03 22:54:15
grd_2363,asg_0109,stu_0448,111,2026-10-03 07:36:27
grd_2364,asg_0109,stu_0428,105,2026-10-02 03:25:20
grd_2365,asg_0109,stu_0792,107,2026-10-04 23:51:36
grd_2366,asg_0109,stu_0656,93,2026-10-03 22:09:37
grd_2367,asg_0109,stu_1024,144,2026-10-05 20:04:23
grd_2368,asg_0109,stu_0439,100,2026-09-25 00:46:20
grd_2369,asg_0109,stu_0758,99,2026-09-30 18:32:28
grd_2370,asg_0109,stu_1260,93,2026-10-08 13:09:20
grd_2371,asg_0109,stu_0478,102,2026-10-03 19:51:31
grd_2372,asg_0109,stu_0566,95,2026-10-04 08:43:43
grd_2373,asg_0109,stu_0724,126,2026-10-02 09:50:14
grd_2374,asg_0109,stu_0568,136,2026-10-04 19:09:41
grd_2375,asg_0109,stu_0834,97,2026-10-01 19:55:45
grd_2376,asg_0109,stu_0921,84,2026-09-26 04:56:04
grd_2377,asg_0109,stu_1337,125,2026-09-30 06:00:07
grd_2378,asg_0109,stu_0201,109,2026-10-03 10:23:44
grd_2379,asg_0109,stu_0762,116,2026-09-26 10:55:48
grd_2380,asg_0109,stu_0168,116,2026-10-02 17:52:39
grd_2381,asg_0109,stu_0269,102,2026-09-30 11:31:47
grd_2382,asg_0109,stu_0753,90,2026-09-30 11:07:45
grd_2383,asg_0109,stu_1158,84,2026-10-06 22:19:01
grd_2384,asg_0109,stu_0120,126,2026-10-06 12:23:31
grd_2385,asg_0109,stu_0214,89,2026-09-29 12:36:52
grd_2386,asg_0109,stu_0645,124,2026-10-04 21:57:16
grd_2387,asg_0110,stu_0049,160,2026-10-06 16:20:27
grd_2388,asg_0110,stu_1019,185,2026-10-07 13:59:46
grd_2389,asg_0110,stu_0175,153,2026-10-03 13:03:26
grd_2390,asg_0110,stu_0406,122,2026-10-05 07:23:08
grd_2391,asg_0110,stu_0959,172,2026-10-02 11:15:42
grd_2392,asg_0110,stu_0074,159,2026-10-02 07:36:16
grd_2393,asg_0110,stu_1090,114,2026-10-06 11:56:16
grd_2394,asg_0110,stu_0786,129,2026-10-07 06:37:54
grd_2395,asg_0110,stu_0155,128,2026-10-06 06:31:57
grd_2396,asg_0110,stu_1138,131,2026-10-02 07:58:41
grd_2397,asg_0110,stu_0002,174,2026-10-11 13:04:33
grd_2398,asg_0110,stu_0236,117,2026-10-09 07:12:44
grd_2399,asg_0110,stu_1334,173,2026-10-03 17:25:42
grd_2400,asg_0110,stu_0448,182,2026-10-12 06:00:34
grd_2401,asg_0110,stu_0428,140,2026-10-06 07:20:42
grd_2402,asg_0110,stu_0792,144,2026-10-09 09:17:12
grd_2403,asg_0110,stu_0439,136,2026-10-11 17:14:38
grd_2404,asg_0110,stu_1260,176,2026-10-12 07:33:55
grd_2405,asg_0110,stu_0478,138,2026-10-10 15:02:56
grd_2406,asg_0110,stu_0659,170,2026-10-08 12:25:45
grd_2407,asg_0110,stu_0724,181,2026-10-03 13:21:13
grd_2408,asg_0110,stu_0568,148,2026-10-06 16:20:44
grd_2409,asg_0110,stu_0834,141,2026-10-05 13:43:34
grd_2410,asg_0110,stu_0886,117,2026-10-08 11:30:52
grd_2411,asg_0110,stu_0921,143,2026-10-03 16:21:45
grd_2412,asg_0110,stu_1337,152,2026-10-12 07:09:42
grd_2413,asg_0110,stu_0201,181,2026-10-02 07:14:24
grd_2414,asg_0110,stu_0762,158,2026-10-04 11:22:04
grd_2415,asg_0110,stu_0269,185,2026-10-05 11:12:42
grd_2416,asg_0110,stu_0120,182,2026-10-08 05:50:56
grd_2417,asg_0110,stu_0214,148,2026-10-11 17:34:50
grd_2418,asg_0110,stu_0645,183,2026-10-08 12:34:55
grd_2419,asg_0111,stu_0049,36,2026-10-25 19:38:17
grd_2420,asg_0111,stu_1019,31,2026-10-26 06:50:24
grd_2421,asg_0111,stu_0213,44,2026-10-28 16:34:46
grd_2422,asg_0111,stu_0381,44,2026-10-22 01:18:13
grd_2423,asg_0111,stu_0887,45,2026-10-22 22:29:22
grd_2424,asg_0111,stu_0406,46,2026-10-30 01:24:42
grd_2425,asg_0111,stu_0959,43,2026-10-23 23:06:54
grd_2426,asg_0111,stu_1218,30,2026-10-26 16:39:01
grd_2427,asg_0111,stu_1090,47,2026-10-26 16:10:00
grd_2428,asg_0111,stu_0155,38,2026-10-29 21:18:28
grd_2429,asg_0111,stu_1153,48,2026-10-21 11:14:43
grd_2430,asg_0111,stu_1138,44,2026-11-03 18:47:22
grd_2431,asg_0111,stu_0849,39,2026-10-27 07:29:40
grd_2432,asg_0111,stu_0236,29,2026-10-22 18:28:13
grd_2433,asg_0111,stu_1334,44,2026-11-02 01:13:25
grd_2434,asg_0111,stu_0448,48,2026-10-25 19:15:42
grd_2435,asg_0111,stu_0428,39,2026-10-29 10:19:13
grd_2436,asg_0111,stu_0792,42,2026-10-28 15:58:24
grd_2437,asg_0111,stu_0656,37,2026-11-01 07:10:51
grd_2438,asg_0111,stu_1024,43,2026-10-31 16:24:04
grd_2439,asg_0111,stu_0439,43,2026-10-27 19:04:21
grd_2440,asg_0111,stu_0758,46,2026-10-24 12:07:12
grd_2441,asg_0111,stu_0566,35,2026-11-03 22:21:19
grd_2442,asg_0111,stu_0659,37,2026-10-26 21:02:38
grd_2443,asg_0111,stu_0724,31,2026-10-22 11:19:39
grd_2444,asg_0111,stu_0568,32,2026-10-30 20:38:00
grd_2445,asg_0111,stu_0834,38,2026-10-27 07:05:59
grd_2446,asg_0111,stu_0886,31,2026-10-28 20:42:40
grd_2447,asg_0111,stu_0921,35,2026-11-02 07:24:14
grd_2448,asg_0111,stu_1337,38,2026-10-25 21:16:28
grd_2449,asg_0111,stu_0201,36,2026-10-25 09:01:30
grd_2450,asg_0111,stu_0762,39,2026-10-23 21:23:21
grd_2451,asg_0111,stu_0269,35,2026-10-28 14:33:36
grd_2452,asg_0111,stu_0753,47,2026-10-27 10:40:16
grd_2453,asg_0111,stu_1158,45,2026-10-23 18:33:29
grd_2454,asg_0111,stu_0120,38,2026-10-28 17:13:54
grd_2455,asg_0111,stu_0214,41,2026-10-30 01:00:57
grd_2456,asg_0111,stu_0645,46,2026-10-30 12:11:25
grd_2457,asg_0112,stu_1019,126,2026-11-14 07:05:15
grd_2458,asg_0112,stu_0381,191,2026-11-05 09:16:34
grd_2459,asg_0112,stu_0887,159,2026-11-13 13:55:15
grd_2460,asg_0112,stu_0175,135,2026-11-12 07:03:07
grd_2461,asg_0112,stu_0406,171,2026-11-07 02:03:52
grd_2462,asg_0112,stu_1218,126,2026-11-12 17:20:54
grd_2463,asg_0112,stu_0074,169,2026-11-15 04:13:23
grd_2464,asg_0112,stu_1090,174,2026-11-10 03:23:31
grd_2465,asg_0112,stu_0786,112,2026-11-11 22:27:22
grd_2466,asg_0112,stu_0155,165,2026-11-14 20:29:32
grd_2467,asg_0112,stu_1153,153,2026-11-10 19:06:31
grd_2468,asg_0112,stu_1138,150,2026-11-13 06:42:09
grd_2469,asg_0112,stu_0849,144,2026-11-11 20:36:02
grd_2470,asg_0112,stu_0002,168,2026-11-08 17:37:57
grd_2471,asg_0112,stu_0236,136,2026-11-13 00:30:50
grd_2472,asg_0112,stu_1334,110,2026-11-15 14:08:48
grd_2473,asg_0112,stu_0448,168,2026-11-11 21:58:57
grd_2474,asg_0112,stu_0656,121,2026-11-10 01:05:41
grd_2475,asg_0112,stu_1024,181,2026-11-15 14:07:37
grd_2476,asg_0112,stu_1260,190,2026-11-07 18:28:21
grd_2477,asg_0112,stu_0478,185,2026-11-09 19:22:35
grd_2478,asg_0112,stu_0659,159,2026-11-17 12:20:59
grd_2479,asg_0112,stu_0724,112,2026-11-14 06:19:15
grd_2480,asg_0112,stu_0834,170,2026-11-06 18:08:51
grd_2481,asg_0112,stu_0886,134,2026-11-08 19:17:04
grd_2482,asg_0112,stu_0921,150,2026-11-19 12:10:16
grd_2483,asg_0112,stu_1337,124,2026-11-07 08:46:53
grd_2484,asg_0112,stu_0762,137,2026-11-13 22:44:45
grd_2485,asg_0112,stu_0168,188,2026-11-15 06:06:23
grd_2486,asg_0112,stu_0269,145,2026-11-17 16:13:28
grd_2487,asg_0112,stu_0753,166,2026-11-05 17:57:23
grd_2488,asg_0112,stu_1158,134,2026-11-11 12:53:08
grd_2489,asg_0112,stu_0120,152,2026-11-18 12:24:01
grd_2490,asg_0112,stu_0214,127,2026-11-17 11:33:10
grd_2491,asg_0112,stu_0645,188,2026-11-15 06:25:41
grd_2492,asg_0113,stu_0049,93,2026-11-24 13:06:34
grd_2493,asg_0113,stu_1019,95,2026-11-20 01:13:29
grd_2494,asg_0113,stu_0213,55,2026-11-20 02:40:00
grd_2495,asg_0113,stu_0381,62,2026-11-21 22:09:47
grd_2496,asg_0113,stu_0887,81,2026-11-24 03:49:14
grd_2497,asg_0113,stu_0406,60,2026-11-24 12:51:44
grd_2498,asg_0113,stu_0959,75,2026-11-22 00:11:07
grd_2499,asg_0113,stu_0074,63,2026-11-28 01:12:19
grd_2500,asg_0113,stu_1090,63,2026-11-24 15:38:17
grd_2501,asg_0113,stu_0155,87,2026-11-23 14:54:05
grd_2502,asg_0113,stu_1153,65,2026-11-29 08:36:47
grd_2503,asg_0113,stu_1138,60,2026-11-21 12:04:35
grd_2504,asg_0113,stu_0849,97,2026-11-20 09:07:47
grd_2505,asg_0113,stu_0002,61,2026-11-24 20:09:34
grd_2506,asg_0113,stu_0236,95,2026-11-24 06:58:56
grd_2507,asg_0113,stu_1334,82,2026-11-25 06:19:52
grd_2508,asg_0113,stu_0448,74,2026-11-24 08:48:13
grd_2509,asg_0113,stu_0428,82,2026-11-28 11:15:00
grd_2510,asg_0113,stu_1024,83,2026-12-01 01:23:00
grd_2511,asg_0113,stu_0758,94,2026-11-19 22:38:34
grd_2512,asg_0113,stu_1260,70,2026-11-28 11:22:47
grd_2513,asg_0113,stu_0659,58,2026-11-29 12:16:21
grd_2514,asg_0113,stu_0724,94,2026-11-21 22:48:08
grd_2515,asg_0113,stu_0834,60,2026-11-25 01:17:09
grd_2516,asg_0113,stu_0886,89,2026-11-22 10:02:06
grd_2517,asg_0113,stu_0921,79,2026-11-24 00:19:57
grd_2518,asg_0113,stu_1337,55,2026-11-25 13:13:13
grd_2519,asg_0113,stu_0762,65,2026-11-27 23:16:35
grd_2520,asg_0113,stu_0269,91,2026-11-18 13:03:09
grd_2521,asg_0113,stu_0753,89,2026-11-22 05:36:03
grd_2522,asg_0113,stu_1158,72,2026-11-25 11:51:24
grd_2523,asg_0113,stu_0120,88,2026-11-24 01:38:50
grd_2524,asg_0113,stu_0214,71,2026-11-28 23:41:20
grd_2525,asg_0113,stu_0645,76,2026-11-22 19:03:18
grd_2526,asg_0114,stu_0049,90,2026-12-13 16:18:43
grd_2527,asg_0114,stu_0213,79,2026-12-09 11:59:52
grd_2528,asg_0114,stu_0887,61,2026-12-08 17:02:31
grd_2529,asg_0114,stu_0175,81,2026-12-11 10:48:20
grd_2530,asg_0114,stu_0406,71,2026-12-07 00:20:28
grd_2531,asg_0114,stu_0959,61,2026-12-11 13:18:01
grd_2532,asg_0114,stu_1218,57,2026-12-12 20:06:36
grd_2533,asg_0114,stu_0074,77,2026-12-05 16:08:37
grd_2534,asg_0114,stu_1090,73,2026-12-11 04:20:31
grd_2535,asg_0114,stu_0786,94,2026-12-08 20:23:30
grd_2536,asg_0114,stu_0155,90,2026-12-02 18:36:14
grd_2537,asg_0114,stu_0849,84,2026-12-14 14:57:07
grd_2538,asg_0114,stu_0002,64,2026-12-10 16:24:43
grd_2539,asg_0114,stu_0236,74,2026-12-06 03:44:33
grd_2540,asg_0114,stu_1334,97,2026-12-07 15:38:11
grd_2541,asg_0114,stu_0448,55,2026-12-07 19:49:12
grd_2542,asg_0114,stu_0428,64,2026-12-06 23:10:10
grd_2543,asg_0114,stu_0792,59,2026-12-08 14:18:29
grd_2544,asg_0114,stu_0656,95,2026-12-06 01:07:44
grd_2545,asg_0114,stu_1024,67,2026-12-15 16:13:55
grd_2546,asg_0114,stu_0439,87,2026-12-05 14:13:25
grd_2547,asg_0114,stu_1260,76,2026-12-12 04:18:35
grd_2548,asg_0114,stu_0478,80,2026-12-09 04:34:10
grd_2549,asg_0114,stu_0566,68,2026-12-09 17:22:42
grd_2550,asg_0114,stu_0659,85,2026-12-07 14:39:56
grd_2551,asg_0114,stu_0724,64,2026-12-10 03:33:34
grd_2552,asg_0114,stu_0834,86,2026-12-09 16:01:17
grd_2553,asg_0114,stu_0886,77,2026-12-05 09:03:43
grd_2554,asg_0114,stu_0201,84,2026-12-05 12:10:13
grd_2555,asg_0114,stu_0762,82,2026-12-04 13:37:24
grd_2556,asg_0114,stu_0168,65,2026-12-05 10:23:44
grd_2557,asg_0114,stu_0753,86,2026-12-06 01:08:18
grd_2558,asg_0114,stu_0214,94,2026-12-13 22:51:27
grd_2559,asg_0114,stu_0645,83,2026-12-12 00:21:47
grd_2560,asg_0115,stu_1088,58,2026-09-23 14:16:36
grd_2561,asg_0115,stu_1282,91,2026-09-28 12:45:40
grd_2562,asg_0115,stu_1319,76,2026-09-27 14:55:18
grd_2563,asg_0115,stu_0444,70,2026-09-26 12:20:56
grd_2564,asg_0115,stu_0206,86,2026-09-20 10:03:27
grd_2565,asg_0115,stu_1200,60,2026-09-28 12:31:51
grd_2566,asg_0115,stu_0836,64,2026-09-20 11:30:29
grd_2567,asg_0115,stu_0401,84,2026-09-24 05:35:59
grd_2568,asg_0116,stu_0363,65,2026-10-08 05:47:34
grd_2569,asg_0116,stu_1088,74,2026-10-06 17:36:21
grd_2570,asg_0116,stu_0752,77,2026-10-12 10:55:00
grd_2571,asg_0116,stu_0265,64,2026-10-13 02:47:19
grd_2572,asg_0116,stu_1345,83,2026-10-12 15:03:01
grd_2573,asg_0116,stu_1351,82,2026-10-17 16:11:49
grd_2574,asg_0116,stu_1319,76,2026-10-06 15:06:19
grd_2575,asg_0116,stu_0444,90,2026-10-15 16:42:47
grd_2576,asg_0116,stu_0206,72,2026-10-12 04:21:13
grd_2577,asg_0116,stu_1053,64,2026-10-09 18:11:48
grd_2578,asg_0116,stu_1085,67,2026-10-10 20:19:21
grd_2579,asg_0116,stu_0262,94,2026-10-12 08:23:48
grd_2580,asg_0116,stu_0954,93,2026-10-05 11:09:01
grd_2581,asg_0116,stu_1200,92,2026-10-10 07:48:19
grd_2582,asg_0116,stu_0836,56,2026-10-14 05:03:42
grd_2583,asg_0116,stu_0500,70,2026-10-17 16:27:02
grd_2584,asg_0116,stu_1172,95,2026-10-17 05:24:54
grd_2585,asg_0116,stu_0716,94,2026-10-12 15:35:32
grd_2586,asg_0117,stu_0752,37,2026-11-05 01:34:17
grd_2587,asg_0117,stu_1282,42,2026-11-02 21:24:50
grd_2588,asg_0117,stu_0265,35,2026-10-26 12:09:55
grd_2589,asg_0117,stu_1345,41,2026-10-29 21:40:07
grd_2590,asg_0117,stu_1352,34,2026-10-24 08:58:30
grd_2591,asg_0117,stu_1351,28,2026-10-29 15:30:34
grd_2592,asg_0117,stu_1319,47,2026-10-30 17:26:58
grd_2593,asg_0117,stu_0444,29,2026-10-31 13:53:42
grd_2594,asg_0117,stu_0206,39,2026-11-04 18:06:26
grd_2595,asg_0117,stu_1053,43,2026-11-02 22:31:41
grd_2596,asg_0117,stu_1085,43,2026-10-27 02:47:05
grd_2597,asg_0117,stu_0262,34,2026-11-02 09:44:44
grd_2598,asg_0117,stu_0954,37,2026-11-03 03:52:19
grd_2599,asg_0117,stu_1200,34,2026-10-27 16:12:34
grd_2600,asg_0117,stu_0836,45,2026-10-25 14:10:37
grd_2601,asg_0117,stu_0500,36,2026-10-26 16:27:32
grd_2602,asg_0117,stu_1172,44,2026-10-28 19:44:14
grd_2603,asg_0117,stu_0401,45,2026-10-29 08:51:32
grd_2604,asg_0117,stu_0716,28,2026-10-29 08:11:03
grd_2605,asg_0118,stu_0363,64,2026-11-13 22:17:16
grd_2606,asg_0118,stu_1088,65,2026-11-17 17:20:47
grd_2607,asg_0118,stu_0752,85,2026-11-09 05:06:20
grd_2608,asg_0118,stu_1282,67,2026-11-16 23:04:36
grd_2609,asg_0118,stu_1345,55,2026-11-10 19:12:27
grd_2610,asg_0118,stu_1352,56,2026-11-11 14:19:53
grd_2611,asg_0118,stu_1351,74,2026-11-15 15:50:45
grd_2612,asg_0118,stu_1319,79,2026-11-14 12:06:13
grd_2613,asg_0118,stu_0444,82,2026-11-07 00:22:12
grd_2614,asg_0118,stu_0206,82,2026-11-17 11:31:35
grd_2615,asg_0118,stu_1053,95,2026-11-07 01:13:04
grd_2616,asg_0118,stu_1085,58,2026-11-09 15:18:28
grd_2617,asg_0118,stu_0954,56,2026-11-06 22:05:47
grd_2618,asg_0118,stu_1172,96,2026-11-16 01:23:54
grd_2619,asg_0118,stu_0401,95,2026-11-15 09:30:19
grd_2620,asg_0118,stu_0716,61,2026-11-11 21:20:05
grd_2621,asg_0119,stu_0363,151,2026-11-19 07:23:56
grd_2622,asg_0119,stu_0752,165,2026-12-01 15:38:25
grd_2623,asg_0119,stu_1282,120,2026-11-23 04:58:58
grd_2624,asg_0119,stu_0265,123,2026-11-27 19:46:37
grd_2625,asg_0119,stu_1345,184,2026-11-23 15:06:40
grd_2626,asg_0119,stu_1352,174,2026-12-04 16:08:43
grd_2627,asg_0119,stu_1351,186,2026-11-28 08:29:17
grd_2628,asg_0119,stu_1319,183,2026-11-29 14:13:21
grd_2629,asg_0119,stu_0206,191,2026-12-08 00:41:23
grd_2630,asg_0119,stu_1053,118,2026-11-25 04:59:06
grd_2631,asg_0119,stu_1085,182,2026-11-29 12:53:27
grd_2632,asg_0119,stu_0262,116,2026-11-27 04:21:45
grd_2633,asg_0119,stu_0954,176,2026-11-22 19:43:56
grd_2634,asg_0119,stu_1200,147,2026-11-25 11:50:34
grd_2635,asg_0119,stu_0836,175,2026-11-28 06:23:57
grd_2636,asg_0119,stu_0500,178,2026-11-27 22:53:23
grd_2637,asg_0119,stu_0716,159,2026-12-07 09:46:36
grd_2638,asg_0120,stu_0363,34,2026-12-02 08:24:42
grd_2639,asg_0120,stu_1088,37,2026-12-17 16:53:01
grd_2640,asg_0120,stu_0752,44,2026-12-12 17:18:22
grd_2641,asg_0120,stu_1282,31,2026-12-08 21:22:13
grd_2642,asg_0120,stu_0265,42,2026-12-17 00:58:54
grd_2643,asg_0120,stu_1345,28,2026-12-08 09:57:06
grd_2644,asg_0120,stu_1352,39,2026-12-13 14:59:38
grd_2645,asg_0120,stu_1351,38,2026-12-16 15:35:00
grd_2646,asg_0120,stu_1319,35,2026-12-20 00:34:49
grd_2647,asg_0120,stu_0444,47,2026-12-05 21:11:31
grd_2648,asg_0120,stu_0206,47,2026-12-08 23:39:14
grd_2649,asg_0120,stu_1053,29,2026-12-05 04:59:28
grd_2650,asg_0120,stu_1085,36,2026-12-13 17:05:55
grd_2651,asg_0120,stu_0262,47,2026-12-14 20:02:08
grd_2652,asg_0120,stu_0954,29,2026-12-13 04:07:15
grd_2653,asg_0120,stu_0836,32,2026-12-18 16:35:34
grd_2654,asg_0120,stu_0500,38,2026-12-11 16:02:51
grd_2655,asg_0120,stu_0401,48,2026-12-18 00:26:23
grd_2656,asg_0120,stu_0716,28,2026-12-13 06:46:46
grd_2657,asg_0121,stu_0034,94,2026-09-30 01:02:39
grd_2658,asg_0121,stu_0761,96,2026-10-08 05:46:12
grd_2659,asg_0121,stu_0405,56,2026-09-29 19:58:12
grd_2660,asg_0121,stu_0048,67,2026-10-06 21:02:35
grd_2661,asg_0121,stu_0734,67,2026-09-30 15:19:47
grd_2662,asg_0121,stu_0077,69,2026-09-30 06:39:18
grd_2663,asg_0121,stu_0404,62,2026-09-26 19:34:12
grd_2664,asg_0121,stu_1124,70,2026-09-26 10:11:24
grd_2665,asg_0121,stu_1146,96,2026-09-30 21:37:01
grd_2666,asg_0121,stu_0418,77,2026-10-03 11:12:55
grd_2667,asg_0121,stu_1075,84,2026-09-28 10:15:34
grd_2668,asg_0121,stu_1106,62,2026-09-30 18:01:00
grd_2669,asg_0121,stu_1341,60,2026-09-29 03:15:41
grd_2670,asg_0121,stu_0599,66,2026-09-28 10:16:41
grd_2671,asg_0121,stu_1136,61,2026-10-03 13:21:45
grd_2672,asg_0121,stu_1172,78,2026-09-26 17:50:22
grd_2673,asg_0121,stu_1239,71,2026-09-28 08:10:39
grd_2674,asg_0121,stu_0941,96,2026-09-30 21:58:37
grd_2675,asg_0121,stu_0517,94,2026-09-29 02:22:39
grd_2676,asg_0121,stu_0135,89,2026-10-05 15:14:12
grd_2677,asg_0121,stu_0543,61,2026-10-02 13:37:29
grd_2678,asg_0121,stu_1141,75,2026-09-28 14:33:53
grd_2679,asg_0121,stu_0428,73,2026-10-03 00:24:01
grd_2680,asg_0121,stu_0461,85,2026-09-30 22:32:22
grd_2681,asg_0121,stu_0391,56,2026-09-27 07:43:14
grd_2682,asg_0122,stu_0034,141,2026-10-17 23:21:52
grd_2683,asg_0122,stu_1223,121,2026-10-25 11:46:06
grd_2684,asg_0122,stu_0196,84,2026-10-11 08:31:03
grd_2685,asg_0122,stu_0761,95,2026-10-14 20:19:18
grd_2686,asg_0122,stu_0405,84,2026-10-17 21:46:37
grd_2687,asg_0122,stu_0204,85,2026-10-16 10:32:58
grd_2688,asg_0122,stu_0048,118,2026-10-14 11:59:52
grd_2689,asg_0122,stu_0077,89,2026-10-23 13:58:55
grd_2690,asg_0122,stu_0404,122,2026-10-18 17:46:03
grd_2691,asg_0122,stu_0289,129,2026-10-18 08:45:06
grd_2692,asg_0122,stu_1124,142,2026-10-21 09:59:52
grd_2693,asg_0122,stu_1146,120,2026-10-19 09:21:29
grd_2694,asg_0122,stu_0101,137,2026-10-22 19:18:20
grd_2695,asg_0122,stu_1075,137,2026-10-21 20:13:17
grd_2696,asg_0122,stu_1106,138,2026-10-17 13:25:29
grd_2697,asg_0122,stu_0599,90,2026-10-10 04:20:52
grd_2698,asg_0122,stu_0590,121,2026-10-13 21:38:43
grd_2699,asg_0122,stu_1136,113,2026-10-13 06:44:59
grd_2700,asg_0122,stu_1172,104,2026-10-12 05:03:34
grd_2701,asg_0122,stu_1239,138,2026-10-17 09:29:54
grd_2702,asg_0122,stu_0941,137,2026-10-12 21:03:33
grd_2703,asg_0122,stu_0517,118,2026-10-13 04:28:14
grd_2704,asg_0122,stu_0874,121,2026-10-13 09:45:26
grd_2705,asg_0122,stu_1141,137,2026-10-13 17:46:50
grd_2706,asg_0122,stu_0428,116,2026-10-18 23:41:58
grd_2707,asg_0122,stu_0461,145,2026-10-14 06:52:44
grd_2708,asg_0122,stu_0197,121,2026-10-18 06:25:32
grd_2709,asg_0123,stu_0034,45,2026-10-30 23:39:58
grd_2710,asg_0123,stu_1395,41,2026-11-01 08:12:37
grd_2711,asg_0123,stu_1223,42,2026-10-26 03:34:40
grd_2712,asg_0123,stu_0761,35,2026-10-28 21:01:13
grd_2713,asg_0123,stu_0405,36,2026-10-29 07:48:19
grd_2714,asg_0123,stu_0204,41,2026-10-31 12:50:36
grd_2715,asg_0123,stu_0048,42,2026-10-29 08:45:03
grd_2716,asg_0123,stu_0077,36,2026-11-01 04:21:54
grd_2717,asg_0123,stu_0289,43,2026-10-22 21:40:26
grd_2718,asg_0123,stu_0418,37,2026-10-26 13:40:57
grd_2719,asg_0123,stu_1075,42,2026-10-30 14:34:42
grd_2720,asg_0123,stu_1106,47,2026-10-25 23:39:43
grd_2721,asg_0123,stu_0599,35,2026-10-26 08:40:58
grd_2722,asg_0123,stu_0523,32,2026-11-02 02:20:56
grd_2723,asg_0123,stu_1136,48,2026-10-27 12:03:44
grd_2724,asg_0123,stu_0319,44,2026-10-24 06:57:56
grd_2725,asg_0123,stu_1172,42,2026-10-30 14:12:25
grd_2726,asg_0123,stu_1239,48,2026-10-28 21:24:56
grd_2727,asg_0123,stu_0517,28,2026-10-24 23:15:34
grd_2728,asg_0123,stu_0135,48,2026-10-27 03:48:55
grd_2729,asg_0123,stu_0874,45,2026-10-27 09:53:47
grd_2730,asg_0123,stu_0921,40,2026-10-25 04:45:59
grd_2731,asg_0123,stu_1141,48,2026-10-25 08:05:05
grd_2732,asg_0123,stu_0428,42,2026-10-24 01:19:13
grd_2733,asg_0123,stu_0461,28,2026-11-01 05:21:25
grd_2734,asg_0123,stu_0391,34,2026-10-28 06:21:05
grd_2735,asg_0124,stu_0034,40,2026-11-13 03:54:49
grd_2736,asg_0124,stu_0196,41,2026-11-12 15:47:10
grd_2737,asg_0124,stu_0761,47,2026-11-04 10:10:28
grd_2738,asg_0124,stu_0405,40,2026-11-07 18:07:13
grd_2739,asg_0124,stu_0204,36,2026-11-12 00:38:24
grd_2740,asg_0124,stu_0734,32,2026-11-05 09:52:27
grd_2741,asg_0124,stu_0077,36,2026-11-05 16:29:18
grd_2742,asg_0124,stu_0289,35,2026-11-12 17:09:31
grd_2743,asg_0124,stu_1124,47,2026-11-14 22:10:54
grd_2744,asg_0124,stu_1146,39,2026-11-05 06:52:31
grd_2745,asg_0124,stu_0418,42,2026-11-05 11:57:58
grd_2746,asg_0124,stu_1075,42,2026-11-10 17:59:01
grd_2747,asg_0124,stu_1106,42,2026-11-06 22:01:53
grd_2748,asg_0124,stu_0599,44,2026-11-04 13:11:04
grd_2749,asg_0124,stu_0523,40,2026-11-11 16:48:06
grd_2750,asg_0124,stu_0590,31,2026-11-05 19:19:45
grd_2751,asg_0124,stu_1136,33,2026-11-17 07:41:31
grd_2752,asg_0124,stu_1239,29,2026-11-17 09:07:56
grd_2753,asg_0124,stu_0517,32,2026-11-05 15:51:32
grd_2754,asg_0124,stu_0135,34,2026-11-10 07:38:12
grd_2755,asg_0124,stu_0874,39,2026-11-09 04:09:01
grd_2756,asg_0124,stu_0543,48,2026-11-10 15:34:11
grd_2757,asg_0124,stu_0921,44,2026-11-15 21:20:58
grd_2758,asg_0124,stu_1141,38,2026-11-13 00:36:27
grd_2759,asg_0124,stu_0461,29,2026-11-07 11:25:25
grd_2760,asg_0124,stu_0197,41,2026-11-09 08:07:07
grd_2761,asg_0124,stu_0391,31,2026-11-12 13:24:21
grd_2762,asg_0125,stu_0034,94,2026-11-30 15:38:16
grd_2763,asg_0125,stu_1395,82,2026-12-05 12:59:17
grd_2764,asg_0125,stu_1223,56,2026-12-03 08:05:12
grd_2765,asg_0125,stu_0196,64,2026-12-04 16:31:20
grd_2766,asg_0125,stu_0761,76,2026-11-26 02:40:04
grd_2767,asg_0125,stu_0204,58,2026-12-05 16:40:32
grd_2768,asg_0125,stu_0048,86,2026-11-26 21:54:20
grd_2769,asg_0125,stu_0734,58,2026-12-07 08:24:47
grd_2770,asg_0125,stu_0077,90,2026-11-30 08:59:24
grd_2771,asg_0125,stu_0404,89,2026-11-29 22:02:47
grd_2772,asg_0125,stu_1146,77,2026-11-20 09:06:27
grd_2773,asg_0125,stu_0101,95,2026-11-26 03:22:54
grd_2774,asg_0125,stu_0418,75,2026-12-03 05:31:30
grd_2775,asg_0125,stu_1075,56,2026-11-28 12:50:59
grd_2776,asg_0125,stu_0599,73,2026-12-01 21:17:22
grd_2777,asg_0125,stu_0523,87,2026-11-24 07:42:34
grd_2778,asg_0125,stu_0590,88,2026-12-03 10:46:47
grd_2779,asg_0125,stu_1136,71,2026-12-04 12:33:09
grd_2780,asg_0125,stu_1172,79,2026-12-06 15:41:31
grd_2781,asg_0125,stu_1239,97,2026-12-01 04:59:03
grd_2782,asg_0125,stu_0941,55,2026-11-28 02:07:58
grd_2783,asg_0125,stu_0517,94,2026-12-04 08:39:15
grd_2784,asg_0125,stu_0135,79,2026-11-24 06:35:24
grd_2785,asg_0125,stu_0874,65,2026-12-05 15:30:16
grd_2786,asg_0125,stu_1141,62,2026-11-30 00:17:11
grd_2787,asg_0125,stu_0428,89,2026-11-27 20:09:29
grd_2788,asg_0125,stu_0461,62,2026-12-01 01:08:11
grd_2789,asg_0125,stu_0197,93,2026-12-07 20:33:08
grd_2790,asg_0126,stu_0034,47,2026-12-01 21:31:15
grd_2791,asg_0126,stu_1395,44,2026-12-07 13:54:45
grd_2792,asg_0126,stu_0048,33,2026-12-07 16:41:44
grd_2793,asg_0126,stu_0734,43,2026-11-30 22:45:37
grd_2794,asg_0126,stu_0289,47,2026-12-06 12:15:34
grd_2795,asg_0126,stu_1124,33,2026-12-04 16:36:35
grd_2796,asg_0126,stu_1146,45,2026-12-07 15:13:03
grd_2797,asg_0126,stu_0418,45,2026-11-30 18:10:20
grd_2798,asg_0126,stu_1075,39,2026-11-30 11:59:28
grd_2799,asg_0126,stu_1106,38,2026-11-28 15:58:15
grd_2800,asg_0126,stu_1341,38,2026-12-06 19:49:14
grd_2801,asg_0126,stu_1136,39,2026-12-05 22:00:11
grd_2802,asg_0126,stu_1172,36,2026-12-07 15:11:14
grd_2803,asg_0126,stu_1239,44,2026-11-28 16:22:31
grd_2804,asg_0126,stu_0517,33,2026-12-07 16:16:36
grd_2805,asg_0126,stu_0135,39,2026-11-28 12:58:08
grd_2806,asg_0126,stu_0874,44,2026-12-02 18:34:44
grd_2807,asg_0126,stu_0921,38,2026-12-04 11:54:52
grd_2808,asg_0126,stu_0461,43,2026-12-04 12:08:17
grd_2809,asg_0126,stu_0197,40,2026-12-05 14:28:19
grd_2810,asg_0126,stu_0391,40,2026-12-07 22:42:05
grd_2811,asg_0127,stu_0066,62,2026-09-27 17:06:00
grd_2812,asg_0127,stu_1035,96,2026-09-25 16:41:59
grd_2813,asg_0127,stu_0131,76,2026-09-27 16:35:02
grd_2814,asg_0127,stu_0823,71,2026-09-19 04:50:19
grd_2815,asg_0127,stu_1125,74,2026-09-19 06:17:50
grd_2816,asg_0127,stu_0261,96,2026-09-20 09:01:28
grd_2817,asg_0127,stu_0903,59,2026-09-24 12:13:04
grd_2818,asg_0127,stu_0309,76,2026-09-21 16:43:13
grd_2819,asg_0127,stu_0189,62,2026-09-27 08:08:21
grd_2820,asg_0127,stu_0328,77,2026-09-20 03:10:03
grd_2821,asg_0127,stu_0724,92,2026-09-20 07:38:37
grd_2822,asg_0127,stu_0268,64,2026-09-19 15:16:03
grd_2823,asg_0127,stu_1099,72,2026-09-21 16:18:21
grd_2824,asg_0127,stu_0061,75,2026-09-27 11:52:01
grd_2825,asg_0127,stu_0695,88,2026-09-18 05:27:25
grd_2826,asg_0127,stu_0226,83,2026-09-21 17:35:10
grd_2827,asg_0128,stu_0693,92,2026-10-11 20:18:36
grd_2828,asg_0128,stu_0066,82,2026-10-13 07:00:36
grd_2829,asg_0128,stu_1035,95,2026-10-14 00:41:42
grd_2830,asg_0128,stu_0131,88,2026-10-13 03:13:06
grd_2831,asg_0128,stu_0823,66,2026-10-07 01:44:45
grd_2832,asg_0128,stu_1125,86,2026-10-15 05:58:22
grd_2833,asg_0128,stu_0261,61,2026-10-16 14:00:15
grd_2834,asg_0128,stu_0903,67,2026-10-17 00:41:58
grd_2835,asg_0128,stu_0189,56,2026-10-17 05:10:40
grd_2836,asg_0128,stu_1052,59,2026-10-20 12:41:09
grd_2837,asg_0128,stu_0328,87,2026-10-08 14:48:42
grd_2838,asg_0128,stu_0724,58,2026-10-13 07:32:43
grd_2839,asg_0128,stu_0268,81,2026-10-17 01:29:05
grd_2840,asg_0128,stu_1099,77,2026-10-13 17:34:38
grd_2841,asg_0128,stu_0061,87,2026-10-12 10:37:49
grd_2842,asg_0128,stu_0695,59,2026-10-12 18:32:28
grd_2843,asg_0128,stu_0226,80,2026-10-12 12:44:47
grd_2844,asg_0129,stu_0693,85,2026-10-29 19:20:21
grd_2845,asg_0129,stu_0066,85,2026-11-02 21:17:16
grd_2846,asg_0129,stu_1035,90,2026-11-05 10:59:37
grd_2847,asg_0129,stu_0823,79,2026-10-31 00:40:01
grd_2848,asg_0129,stu_0261,92,2026-10-25 02:35:17
grd_2849,asg_0129,stu_0903,94,2026-10-30 01:30:00
grd_2850,asg_0129,stu_0309,70,2026-11-05 20:28:19
grd_2851,asg_0129,stu_0189,59,2026-11-01 21:21:16
grd_2852,asg_0129,stu_1052,95,2026-11-03 21:53:41
grd_2853,asg_0129,stu_0328,59,2026-10-28 20:30:01
grd_2854,asg_0129,stu_0794,96,2026-11-05 07:53:06
grd_2855,asg_0129,stu_0724,88,2026-11-02 12:31:33
grd_2856,asg_0129,stu_0268,63,2026-11-03 11:02:56
grd_2857,asg_0129,stu_1099,71,2026-10-29 08:28:17
grd_2858,asg_0129,stu_0061,90,2026-10-30 16:02:17
grd_2859,asg_0129,stu_0226,85,2026-10-30 22:06:00
grd_2860,asg_0130,stu_0693,187,2026-11-08 09:40:01
grd_2861,asg_0130,stu_0066,149,2026-11-15 01:30:44
grd_2862,asg_0130,stu_0131,137,2026-11-15 21:24:24
grd_2863,asg_0130,stu_0823,157,2026-11-09 16:45:06
grd_2864,asg_0130,stu_0903,141,2026-11-13 16:55:53
grd_2865,asg_0130,stu_0309,147,2026-11-08 22:23:01
grd_2866,asg_0130,stu_0328,123,2026-11-09 12:12:28
grd_2867,asg_0130,stu_0794,164,2026-11-09 10:50:32
grd_2868,asg_0130,stu_1099,135,2026-11-13 16:25:13
grd_2869,asg_0130,stu_0061,156,2026-11-10 08:56:58
grd_2870,asg_0130,stu_0226,139,2026-11-16 15:30:53
grd_2871,asg_0131,stu_0693,73,2026-11-26 17:26:27
grd_2872,asg_0131,stu_0131,95,2026-11-27 07:02:07
grd_2873,asg_0131,stu_0823,90,2026-11-26 15:00:55
grd_2874,asg_0131,stu_1125,56,2026-11-28 06:09:31
grd_2875,asg_0131,stu_0261,78,2026-11-18 08:54:01
grd_2876,asg_0131,stu_0903,90,2026-11-19 10:23:17
grd_2877,asg_0131,stu_0309,96,2026-11-30 17:51:58
grd_2878,asg_0131,stu_0328,65,2026-11-22 09:31:51
grd_2879,asg_0131,stu_0794,78,2026-11-21 11:37:50
grd_2880,asg_0131,stu_0724,58,2026-11-23 01:38:16
grd_2881,asg_0131,stu_0268,59,2026-11-22 03:01:27
grd_2882,asg_0131,stu_1099,62,2026-11-23 17:03:42
grd_2883,asg_0131,stu_0695,73,2026-11-20 15:45:11
grd_2884,asg_0132,stu_0693,89,2026-12-12 21:39:22
grd_2885,asg_0132,stu_0066,67,2026-12-08 15:47:48
grd_2886,asg_0132,stu_1035,87,2026-12-20 08:26:50
grd_2887,asg_0132,stu_0823,62,2026-12-04 06:56:13
grd_2888,asg_0132,stu_0261,90,2026-12-12 19:14:21
grd_2889,asg_0132,stu_0903,59,2026-12-15 06:12:38
grd_2890,asg_0132,stu_0309,83,2026-12-21 06:39:10
grd_2891,asg_0132,stu_1052,68,2026-12-04 18:43:21
grd_2892,asg_0132,stu_0328,88,2026-12-20 20:12:36
grd_2893,asg_0132,stu_0268,62,2026-12-12 16:48:27
grd_2894,asg_0132,stu_1099,90,2026-12-10 00:23:30
grd_2895,asg_0132,stu_0061,85,2026-12-12 09:58:56
grd_2896,asg_0132,stu_0695,92,2026-12-22 11:32:43
grd_2897,asg_0132,stu_0226,87,2026-12-11 03:06:27
grd_2898,asg_0133,stu_1186,92,2026-10-03 02:34:34
grd_2899,asg_0133,stu_0312,89,2026-09-27 07:33:43
grd_2900,asg_0133,stu_1385,69,2026-10-01 09:45:09
grd_2901,asg_0133,stu_0596,59,2026-10-02 22:33:35
grd_2902,asg_0133,stu_1118,65,2026-10-12 15:41:22
grd_2903,asg_0133,stu_0626,68,2026-10-03 03:49:55
grd_2904,asg_0133,stu_0730,69,2026-10-05 09:18:20
grd_2905,asg_0133,stu_1187,84,2026-10-02 00:43:49
grd_2906,asg_0133,stu_0293,58,2026-09-27 00:48:23
grd_2907,asg_0133,stu_1277,91,2026-10-07 01:01:12
grd_2908,asg_0133,stu_0952,85,2026-10-05 16:27:48
grd_2909,asg_0133,stu_1276,60,2026-09-29 16:59:47
grd_2910,asg_0133,stu_0301,69,2026-10-08 06:38:23
grd_2911,asg_0133,stu_0395,64,2026-10-03 03:59:01
grd_2912,asg_0133,stu_1005,66,2026-10-02 08:57:43
grd_2913,asg_0133,stu_1165,55,2026-10-04 05:23:26
grd_2914,asg_0133,stu_1383,76,2026-10-02 17:41:11
grd_2915,asg_0133,stu_0692,63,2026-09-30 00:07:27
grd_2916,asg_0133,stu_0739,92,2026-10-02 15:17:10
grd_2917,asg_0133,stu_0615,80,2026-10-01 21:47:07
grd_2918,asg_0133,stu_0299,83,2026-10-01 18:11:18
grd_2919,asg_0134,stu_1186,63,2026-10-07 15:31:20
grd_2920,asg_0134,stu_0907,84,2026-10-14 02:29:00
grd_2921,asg_0134,stu_0312,82,2026-10-08 09:18:57
grd_2922,asg_0134,stu_1385,94,2026-10-12 23:54:18
grd_2923,asg_0134,stu_0596,79,2026-10-18 05:45:21
grd_2924,asg_0134,stu_0457,65,2026-10-08 02:17:11
grd_2925,asg_0134,stu_0626,96,2026-10-16 00:54:28
grd_2926,asg_0134,stu_1277,59,2026-10-05 04:25:51
grd_2927,asg_0134,stu_0952,75,2026-10-12 00:25:57
grd_2928,asg_0134,stu_0301,88,2026-10-14 07:16:06
grd_2929,asg_0134,stu_1005,59,2026-10-11 11:19:36
grd_2930,asg_0134,stu_1331,96,2026-10-11 00:52:41
grd_2931,asg_0134,stu_1165,83,2026-10-13 08:42:52
grd_2932,asg_0134,stu_1221,88,2026-10-10 10:38:39
grd_2933,asg_0134,stu_1383,91,2026-10-13 22:36:07
grd_2934,asg_0134,stu_0692,56,2026-10-09 10:16:16
grd_2935,asg_0134,stu_0739,78,2026-10-15 21:37:23
grd_2936,asg_0134,stu_0299,70,2026-10-07 23:40:49
grd_2937,asg_0135,stu_0907,143,2026-10-18 15:47:29
grd_2938,asg_0135,stu_0312,106,2026-10-25 08:13:52
grd_2939,asg_0135,stu_1385,124,2026-10-18 07:52:31
grd_2940,asg_0135,stu_0596,103,2026-10-20 18:37:37
grd_2941,asg_0135,stu_0251,103,2026-10-25 08:41:43
grd_2942,asg_0135,stu_0457,111,2026-10-19 11:51:39
grd_2943,asg_0135,stu_0300,101,2026-10-16 11:51:55
grd_2944,asg_0135,stu_0730,113,2026-10-20 17:54:39
grd_2945,asg_0135,stu_1187,124,2026-10-21 15:48:52
grd_2946,asg_0135,stu_0293,97,2026-10-16 15:08:08
grd_2947,asg_0135,stu_1277,96,2026-10-19 18:54:16
grd_2948,asg_0135,stu_0952,120,2026-10-22 07:54:20
grd_2949,asg_0135,stu_1276,119,2026-10-21 14:10:55
grd_2950,asg_0135,stu_0301,125,2026-10-22 19:05:40
grd_2951,asg_0135,stu_1383,85,2026-10-18 15:32:22
grd_2952,asg_0135,stu_0692,125,2026-10-26 13:35:48
grd_2953,asg_0135,stu_0739,126,2026-10-22 17:10:28
grd_2954,asg_0136,stu_0312,35,2026-11-05 03:41:50
grd_2955,asg_0136,stu_0596,31,2026-11-01 10:14:26
grd_2956,asg_0136,stu_0457,36,2026-11-10 06:52:41
grd_2957,asg_0136,stu_0300,47,2026-11-03 08:26:05
grd_2958,asg_0136,stu_1187,30,2026-11-08 16:46:22
grd_2959,asg_0136,stu_0293,44,2026-11-07 03:03:53
grd_2960,asg_0136,stu_0952,41,2026-11-02 15:44:34
grd_2961,asg_0136,stu_1276,41,2026-11-05 16:01:58
grd_2962,asg_0136,stu_0301,45,2026-11-04 12:38:57
grd_2963,asg_0136,stu_0395,39,2026-11-01 05:40:34
grd_2964,asg_0136,stu_1005,34,2026-11-02 05:53:28
grd_2965,asg_0136,stu_1331,37,2026-11-05 01:05:02
grd_2966,asg_0136,stu_1221,36,2026-11-01 09:26:08
grd_2967,asg_0136,stu_1383,37,2026-11-04 18:55:20
grd_2968,asg_0136,stu_0692,40,2026-11-04 01:48:20
grd_2969,asg_0136,stu_0739,34,2026-11-07 15:55:49
grd_2970,asg_0137,stu_1186,73,2026-11-26 08:14:25
grd_2971,asg_0137,stu_0907,71,2026-11-25 11:59:59
grd_2972,asg_0137,stu_0312,66,2026-11-26 22:12:25
grd_2973,asg_0137,stu_1385,96,2026-11-28 20:34:28
grd_2974,asg_0137,stu_1118,87,2026-11-22 16:56:07
grd_2975,asg_0137,stu_0457,59,2026-11-30 03:27:27
grd_2976,asg_0137,stu_0626,60,2026-11-28 10:40:20
grd_2977,asg_0137,stu_1187,63,2026-11-22 17:26:20
grd_2978,asg_0137,stu_0293,65,2026-11-28 15:37:00
grd_2979,asg_0137,stu_1277,61,2026-11-21 12:59:24
grd_2980,asg_0137,stu_0952,64,2026-11-26 06:32:55
grd_2981,asg_0137,stu_0301,65,2026-11-18 12:03:23
grd_2982,asg_0137,stu_0395,79,2026-11-18 14:36:09
grd_2983,asg_0137,stu_1005,88,2026-11-19 07:09:36
grd_2984,asg_0137,stu_1331,85,2026-11-26 19:32:51
grd_2985,asg_0137,stu_1165,97,2026-11-22 05:45:42
grd_2986,asg_0137,stu_1221,84,2026-11-26 12:12:54
grd_2987,asg_0137,stu_0692,87,2026-11-17 21:15:52
grd_2988,asg_0137,stu_0739,77,2026-11-23 15:44:22
grd_2989,asg_0137,stu_0615,60,2026-11-27 04:48:49
grd_2990,asg_0137,stu_0299,68,2026-11-20 19:04:46
grd_2991,asg_0138,stu_1186,86,2026-12-02 17:02:30
grd_2992,asg_0138,stu_0312,76,2026-12-03 16:27:06
grd_2993,asg_0138,stu_0596,91,2026-12-03 18:02:09
grd_2994,asg_0138,stu_1118,97,2026-11-28 13:05:10
grd_2995,asg_0138,stu_0457,68,2026-12-06 14:47:11
grd_2996,asg_0138,stu_0300,66,2026-12-04 17:00:29
grd_2997,asg_0138,stu_0626,93,2026-11-29 20:47:28
grd_2998,asg_0138,stu_1187,73,2026-12-07 14:26:50
grd_2999,asg_0138,stu_1277,72,2026-12-05 12:53:46
grd_3000,asg_0138,stu_0952,93,2026-11-28 12:58:42
grd_3001,asg_0138,stu_1276,78,2026-12-05 13:19:00
grd_3002,asg_0138,stu_0301,83,2026-11-30 00:19:10
grd_3003,asg_0138,stu_1005,91,2026-11-29 23:41:20
grd_3004,asg_0138,stu_1165,57,2026-12-07 22:02:20
grd_3005,asg_0138,stu_1383,84,2026-12-07 16:21:19
grd_3006,asg_0138,stu_0692,90,2026-11-27 14:57:50
grd_3007,asg_0138,stu_0739,68,2026-11-30 22:02:57
grd_3008,asg_0138,stu_0299,96,2026-12-01 13:36:52
grd_3009,asg_0139,stu_0019,162,2026-09-28 00:00:00
grd_3010,asg_0139,stu_1205,140,2026-10-03 04:25:09
grd_3011,asg_0139,stu_0677,118,2026-10-04 16:00:36
grd_3012,asg_0139,stu_0450,176,2026-10-08 17:03:48
grd_3013,asg_0139,stu_0395,172,2026-10-03 20:02:51
grd_3014,asg_0139,stu_1346,112,2026-09-30 20:39:43
grd_3015,asg_0139,stu_0697,111,2026-10-04 02:41:32
grd_3016,asg_0139,stu_0059,164,2026-10-05 14:36:08
grd_3017,asg_0139,stu_0496,110,2026-10-03 10:58:40
grd_3018,asg_0139,stu_0256,144,2026-10-07 06:14:32
grd_3019,asg_0139,stu_0087,121,2026-09-30 12:49:45
grd_3020,asg_0139,stu_0140,123,2026-09-29 09:30:07
grd_3021,asg_0139,stu_0347,136,2026-10-10 23:46:52
grd_3022,asg_0139,stu_0653,155,2026-10-11 06:25:17
grd_3023,asg_0139,stu_0317,187,2026-10-12 05:25:44
grd_3024,asg_0139,stu_0804,170,2026-10-02 10:20:13
grd_3025,asg_0139,stu_1391,138,2026-10-06 13:27:44
grd_3026,asg_0139,stu_1282,124,2026-10-06 06:19:15
grd_3027,asg_0139,stu_0643,110,2026-10-01 23:03:44
grd_3028,asg_0139,stu_0620,161,2026-09-29 17:06:37
grd_3029,asg_0139,stu_0591,147,2026-10-03 05:53:24
grd_3030,asg_0139,stu_1350,119,2026-10-05 20:36:22
grd_3031,asg_0139,stu_1018,172,2026-10-10 06:52:32
grd_3032,asg_0139,stu_0154,175,2026-09-29 01:50:11
grd_3033,asg_0139,stu_0376,180,2026-10-06 10:53:19
grd_3034,asg_0139,stu_1270,190,2026-10-05 06:29:36
grd_3035,asg_0139,stu_0624,145,2026-09-28 14:53:54
grd_3036,asg_0139,stu_1116,174,2026-10-06 07:07:21
grd_3037,asg_0139,stu_0024,114,2026-10-07 12:49:25
grd_3038,asg_0139,stu_0106,126,2026-10-08 19:40:17
grd_3039,asg_0139,stu_0499,185,2026-09-29 18:45:45
grd_3040,asg_0139,stu_0487,149,2026-10-07 08:54:18
grd_3041,asg_0139,stu_0028,137,2026-10-01 09:43:07
grd_3042,asg_0140,stu_0492,55,2026-10-11 21:09:31
grd_3043,asg_0140,stu_1205,85,2026-10-12 21:07:03
grd_3044,asg_0140,stu_0199,63,2026-10-07 22:04:13
grd_3045,asg_0140,stu_0677,80,2026-10-02 17:34:43
grd_3046,asg_0140,stu_0450,59,2026-10-06 09:53:01
grd_3047,asg_0140,stu_0697,58,2026-10-05 12:49:33
grd_3048,asg_0140,stu_0087,76,2026-10-10 15:30:39
grd_3049,asg_0140,stu_0347,67,2026-10-09 16:13:28
grd_3050,asg_0140,stu_1282,89,2026-10-09 19:41:27
grd_3051,asg_0140,stu_1018,64,2026-10-02 15:50:01
grd_3052,asg_0140,stu_1321,59,2026-10-02 13:47:27
grd_3053,asg_0140,stu_0154,58,2026-10-07 16:16:41
grd_3054,asg_0140,stu_0033,72,2026-10-09 18:09:38
grd_3055,asg_0140,stu_0376,70,2026-10-05 19:45:44
grd_3056,asg_0140,stu_1270,77,2026-10-12 14:53:48
grd_3057,asg_0140,stu_1116,66,2026-10-09 12:26:20
grd_3058,asg_0140,stu_1076,91,2026-10-03 14:26:33
grd_3059,asg_0140,stu_0106,75,2026-10-03 16:35:23
grd_3060,asg_0140,stu_0499,58,2026-10-10 13:06:58
grd_3061,asg_0140,stu_0487,83,2026-10-09 13:24:22
grd_3062,asg_0140,stu_0864,93,2026-10-10 20:04:25
grd_3063,asg_0140,stu_0028,79,2026-10-06 10:07:33
grd_3064,asg_0141,stu_0492,113,2026-10-18 06:22:54
grd_3065,asg_0141,stu_0506,158,2026-10-22 11:03:17
grd_3066,asg_0141,stu_1205,151,2026-10-21 08:38:46
grd_3067,asg_0141,stu_0199,180,2026-10-23 17:25:03
grd_3068,asg_0141,stu_0677,193,2026-10-26 06:17:27
grd_3069,asg_0141,stu_0450,181,2026-10-17 09:16:24
grd_3070,asg_0141,stu_0395,141,2026-10-17 08:39:32
grd_3071,asg_0141,stu_0697,120,2026-10-20 17:18:26
grd_3072,asg_0141,stu_0059,130,2026-10-16 13:53:36
grd_3073,asg_0141,stu_0496,141,2026-10-24 15:24:31
grd_3074,asg_0141,stu_0256,125,2026-10-26 12:09:30
grd_3075,asg_0141,stu_0140,165,2026-10-17 11:48:21
grd_3076,asg_0141,stu_0653,184,2026-10-22 12:38:30
grd_3077,asg_0141,stu_0317,162,2026-10-25 10:05:03
grd_3078,asg_0141,stu_1282,177,2026-10-25 15:59:59
grd_3079,asg_0141,stu_0643,144,2026-10-24 15:34:06
grd_3080,asg_0141,stu_0620,113,2026-10-18 06:43:08
grd_3081,asg_0141,stu_0591,150,2026-10-16 13:00:00
grd_3082,asg_0141,stu_1350,183,2026-10-16 11:27:17
grd_3083,asg_0141,stu_1321,182,2026-10-25 08:48:43
grd_3084,asg_0141,stu_0376,148,2026-10-17 08:47:54
grd_3085,asg_0141,stu_1270,178,2026-10-25 10:55:53
grd_3086,asg_0141,stu_0624,129,2026-10-19 15:22:32
grd_3087,asg_0141,stu_1116,155,2026-10-23 08:03:52
grd_3088,asg_0141,stu_0024,126,2026-10-24 12:17:05
grd_3089,asg_0141,stu_0106,158,2026-10-17 17:18:19
grd_3090,asg_0141,stu_0499,141,2026-10-22 07:26:03
grd_3091,asg_0141,stu_0487,190,2026-10-22 16:21:47
grd_3092,asg_0141,stu_0864,117,2026-10-18 06:41:25
grd_3093,asg_0142,stu_0492,28,2026-11-07 23:21:12
grd_3094,asg_0142,stu_0019,43,2026-11-06 14:40:18
grd_3095,asg_0142,stu_0506,39,2026-11-12 16:44:00
grd_3096,asg_0142,stu_1205,34,2026-11-05 22:09:22
grd_3097,asg_0142,stu_0677,30,2026-11-11 01:14:03
grd_3098,asg_0142,stu_1230,35,2026-11-03 22:30:26
grd_3099,asg_0142,stu_0450,38,2026-11-13 23:41:23
grd_3100,asg_0142,stu_1346,38,2026-11-10 14:04:50
grd_3101,asg_0142,stu_0697,47,2026-11-12 19:21:22
grd_3102,asg_0142,stu_0059,36,2026-11-08 20:20:02
grd_3103,asg_0142,stu_0496,34,2026-11-05 14:43:41
grd_3104,asg_0142,stu_0256,41,2026-11-04 04:28:33
grd_3105,asg_0142,stu_0087,34,2026-11-09 10:48:47
grd_3106,asg_0142,stu_0140,43,2026-11-14 02:38:05
grd_3107,asg_0142,stu_0347,30,2026-11-08 10:50:19
grd_3108,asg_0142,stu_0653,31,2026-11-14 14:48:50
grd_3109,asg_0142,stu_0102,45,2026-11-05 21:58:40
grd_3110,asg_0142,stu_1391,41,2026-11-05 13:32:37
grd_3111,asg_0142,stu_1282,44,2026-11-04 19:24:41
grd_3112,asg_0142,stu_0620,31,2026-11-10 19:29:45
grd_3113,asg_0142,stu_0591,28,2026-11-13 08:36:38
grd_3114,asg_0142,stu_1018,29,2026-11-06 10:26:32
grd_3115,asg_0142,stu_1321,36,2026-11-08 02:34:31
grd_3116,asg_0142,stu_0154,36,2026-11-08 12:45:07
grd_3117,asg_0142,stu_0033,44,2026-11-10 20:38:31
grd_3118,asg_0142,stu_0376,36,2026-11-10 20:43:08
grd_3119,asg_0142,stu_1270,42,2026-11-12 01:38:32
grd_3120,asg_0142,stu_0624,42,2026-11-10 14:08:40
grd_3121,asg_0142,stu_1116,47,2026-11-14 17:21:04
grd_3122,asg_0142,stu_0024,37,2026-11-07 15:28:27
grd_3123,asg_0142,stu_1076,37,2026-11-08 00:57:11
grd_3124,asg_0142,stu_0106,34,2026-11-11 14:29:50
grd_3125,asg_0142,stu_0499,45,2026-11-07 13:20:03
grd_3126,asg_0142,stu_0864,32,2026-11-14 08:23:51
grd_3127,asg_0143,stu_0492,32,2026-11-20 02:34:56
grd_3128,asg_0143,stu_0019,35,2026-11-29 10:37:24
grd_3129,asg_0143,stu_1205,30,2026-11-28 15:11:54
grd_3130,asg_0143,stu_0199,44,2026-11-19 16:09:39
grd_3131,asg_0143,stu_0677,31,2026-11-25 18:28:28
grd_3132,asg_0143,stu_1230,39,2026-11-29 23:11:44
grd_3133,asg_0143,stu_0450,30,2026-11-30 19:25:08
grd_3134,asg_0143,stu_0395,47,2026-12-01 02:08:07
grd_3135,asg_0143,stu_1346,39,2026-11-25 04:13:27
grd_3136,asg_0143,stu_0059,44,2026-11-30 16:08:32
grd_3137,asg_0143,stu_0496,41,2026-12-04 07:05:42
grd_3138,asg_0143,stu_0256,35,2026-11-30 17:06:27
grd_3139,asg_0143,stu_0087,35,2026-12-01 07:49:07
grd_3140,asg_0143,stu_0140,29,2026-11-23 16:37:40
grd_3141,asg_0143,stu_0653,30,2026-11-29 09:42:41
grd_3142,asg_0143,stu_0102,46,2026-11-29 19:43:10
grd_3143,asg_0143,stu_0317,36,2026-12-01 06:41:25
grd_3144,asg_0143,stu_1391,28,2026-11-30 05:17:04
grd_3145,asg_0143,stu_0643,46,2026-11-27 21:27:38
grd_3146,asg_0143,stu_0620,29,2026-12-04 04:35:28
grd_3147,asg_0143,stu_1350,41,2026-11-29 21:53:19
grd_3148,asg_0143,stu_1018,28,2026-11-27 17:40:43
grd_3149,asg_0143,stu_1321,36,2026-11-27 07:22:42
grd_3150,asg_0143,stu_0033,48,2026-11-20 10:03:38
grd_3151,asg_0143,stu_0376,43,2026-11-25 15:14:49
grd_3152,asg_0143,stu_1270,34,2026-12-02 16:38:47
grd_3153,asg_0143,stu_1116,37,2026-12-01 19:40:48
grd_3154,asg_0143,stu_0024,40,2026-11-28 12:15:23
grd_3155,asg_0143,stu_0106,37,2026-12-02 21:00:21
grd_3156,asg_0143,stu_0499,31,2026-11-27 08:19:25
grd_3157,asg_0143,stu_0487,31,2026-11-28 04:09:11
grd_3158,asg_0143,stu_0028,33,2026-11-29 14:30:29
grd_3159,asg_0144,stu_0199,127,2026-11-30 12:17:25
grd_3160,asg_0144,stu_0677,96,2026-12-02 15:57:25
grd_3161,asg_0144,stu_0450,129,2026-12-05 19:45:38
grd_3162,asg_0144,stu_0395,135,2026-12-04 08:23:26
grd_3163,asg_0144,stu_0059,137,2026-12-06 19:48:59
grd_3164,asg_0144,stu_0256,120,2026-11-27 16:01:13
grd_3165,asg_0144,stu_0087,93,2026-11-28 14:42:17
grd_3166,asg_0144,stu_0140,115,2026-12-03 17:08:43
grd_3167,asg_0144,stu_0347,132,2026-12-04 18:54:36
grd_3168,asg_0144,stu_0653,109,2026-11-30 11:08:13
grd_3169,asg_0144,stu_0102,101,2026-12-02 08:41:11
grd_3170,asg_0144,stu_0317,118,2026-12-05 13:01:29
grd_3171,asg_0144,stu_0804,141,2026-12-01 13:28:57
grd_3172,asg_0144,stu_0591,100,2026-11-29 15:39:22
grd_3173,asg_0144,stu_1350,104,2026-11-27 16:33:20
grd_3174,asg_0144,stu_1321,86,2026-11-27 17:18:46
grd_3175,asg_0144,stu_0154,126,2026-11-30 10:13:39
grd_3176,asg_0144,stu_0033,88,2026-12-02 12:28:43
grd_3177,asg_0144,stu_0376,131,2026-12-03 12:03:17
grd_3178,asg_0144,stu_1270,119,2026-12-02 17:26:05
grd_3179,asg_0144,stu_0024,104,2026-12-07 08:13:54
grd_3180,asg_0144,stu_0106,89,2026-11-28 20:57:20
grd_3181,asg_0144,stu_0487,131,2026-11-30 11:51:57
grd_3182,asg_0144,stu_0864,95,2026-11-27 08:49:57
grd_3183,asg_0144,stu_0028,134,2026-12-04 10:36:31
grd_3184,asg_0145,stu_1067,119,2026-10-08 04:03:19
grd_3185,asg_0145,stu_1342,102,2026-09-26 10:50:29
grd_3186,asg_0145,stu_0736,90,2026-09-29 09:58:26
grd_3187,asg_0145,stu_1176,121,2026-10-13 11:00:48
grd_3188,asg_0145,stu_0536,84,2026-10-05 08:24:59
grd_3189,asg_0145,stu_0277,87,2026-09-27 15:55:22
grd_3190,asg_0145,stu_1319,96,2026-09-29 22:53:50
grd_3191,asg_0145,stu_0405,123,2026-09-28 21:17:39
grd_3192,asg_0145,stu_0145,95,2026-10-05 01:01:33
grd_3193,asg_0145,stu_0921,138,2026-10-10 20:59:53
grd_3194,asg_0145,stu_0787,108,2026-10-13 03:25:35
grd_3195,asg_0145,stu_1220,115,2026-10-04 13:54:45
grd_3196,asg_0145,stu_0665,119,2026-10-04 15:27:56
grd_3197,asg_0145,stu_0426,120,2026-10-06 05:21:26
grd_3198,asg_0145,stu_0469,112,2026-10-05 00:04:32
grd_3199,asg_0145,stu_1098,108,2026-09-30 00:31:26
grd_3200,asg_0145,stu_1370,95,2026-10-01 07:34:53
grd_3201,asg_0145,stu_0819,145,2026-10-03 13:45:36
grd_3202,asg_0145,stu_0843,89,2026-10-06 14:38:39
grd_3203,asg_0145,stu_0920,115,2026-10-06 18:11:36
grd_3204,asg_0145,stu_0292,142,2026-10-02 05:03:49
grd_3205,asg_0145,stu_1250,142,2026-09-30 15:30:32
grd_3206,asg_0145,stu_0023,112,2026-09-29 22:18:32
grd_3207,asg_0145,stu_0035,126,2026-10-08 15:08:57
grd_3208,asg_0145,stu_1138,95,2026-10-04 13:22:23
grd_3209,asg_0145,stu_0411,144,2026-10-10 04:45:42
grd_3210,asg_0145,stu_0385,88,2026-09-26 06:21:22
grd_3211,asg_0145,stu_0882,139,2026-10-01 12:19:02
grd_3212,asg_0145,stu_0128,100,2026-09-30 07:26:54
grd_3213,asg_0145,stu_1028,139,2026-10-01 05:40:53
grd_3214,asg_0145,stu_0197,89,2026-09-28 01:19:52
grd_3215,asg_0146,stu_1154,41,2026-10-13 13:24:07
grd_3216,asg_0146,stu_1067,41,2026-10-13 09:11:42
grd_3217,asg_0146,stu_1342,39,2026-10-17 14:52:37
grd_3218,asg_0146,stu_0736,37,2026-10-13 14:37:22
grd_3219,asg_0146,stu_1176,36,2026-10-19 19:25:59
grd_3220,asg_0146,stu_0536,32,2026-10-16 12:02:44
grd_3221,asg_0146,stu_0277,29,2026-10-18 13:30:53
grd_3222,asg_0146,stu_1319,41,2026-10-19 07:26:49
grd_3223,asg_0146,stu_0405,34,2026-10-18 09:39:28
grd_3224,asg_0146,stu_0145,30,2026-10-14 03:51:45
grd_3225,asg_0146,stu_0117,34,2026-10-10 22:41:29
grd_3226,asg_0146,stu_0503,46,2026-10-13 15:35:15
grd_3227,asg_0146,stu_0921,39,2026-10-17 23:33:23
grd_3228,asg_0146,stu_0787,45,2026-10-15 08:34:59
grd_3229,asg_0146,stu_1220,39,2026-10-18 03:38:30
grd_3230,asg_0146,stu_0665,30,2026-10-19 10:32:23
grd_3231,asg_0146,stu_0261,46,2026-10-13 00:08:10
grd_3232,asg_0146,stu_0469,28,2026-10-11 01:01:12
grd_3233,asg_0146,stu_1098,32,2026-10-10 08:07:14
grd_3234,asg_0146,stu_1370,48,2026-10-12 05:04:42
grd_3235,asg_0146,stu_0819,33,2026-10-18 17:41:37
grd_3236,asg_0146,stu_0843,47,2026-10-16 10:19:35
grd_3237,asg_0146,stu_0920,48,2026-10-17 13:24:20
grd_3238,asg_0146,stu_0023,34,2026-10-14 21:48:09
grd_3239,asg_0146,stu_0035,46,2026-10-19 21:20:01
grd_3240,asg_0146,stu_1138,46,2026-10-17 03:39:38
grd_3241,asg_0146,stu_0411,45,2026-10-14 11:12:35
grd_3242,asg_0146,stu_0014,32,2026-10-13 04:05:05
grd_3243,asg_0146,stu_0433,45,2026-10-16 04:10:51
grd_3244,asg_0146,stu_1268,28,2026-10-11 00:28:56
grd_3245,asg_0146,stu_0385,47,2026-10-09 17:52:23
grd_3246,asg_0146,stu_0158,33,2026-10-18 20:57:34
grd_3247,asg_0146,stu_0882,31,2026-10-18 06:51:37
grd_3248,asg_0146,stu_0128,46,2026-10-17 11:22:08
grd_3249,asg_0146,stu_1028,39,2026-10-12 23:56:30
grd_3250,asg_0146,stu_0197,47,2026-10-14 13:30:42
grd_3251,asg_0146,stu_0161,29,2026-10-14 12:53:57
grd_3252,asg_0147,stu_1154,77,2026-11-03 14:16:42
grd_3253,asg_0147,stu_1067,91,2026-10-30 22:46:27
grd_3254,asg_0147,stu_1342,68,2026-10-27 13:48:34
grd_3255,asg_0147,stu_0736,58,2026-11-04 15:51:46
grd_3256,asg_0147,stu_1176,85,2026-10-31 08:17:27
grd_3257,asg_0147,stu_0277,77,2026-10-23 08:01:05
grd_3258,asg_0147,stu_1319,84,2026-10-29 20:03:06
grd_3259,asg_0147,stu_0117,73,2026-10-25 00:13:02
grd_3260,asg_0147,stu_0921,94,2026-10-31 03:13:29
grd_3261,asg_0147,stu_0787,60,2026-10-31 17:15:06
grd_3262,asg_0147,stu_1220,56,2026-10-29 08:14:16
grd_3263,asg_0147,stu_0261,60,2026-10-26 09:03:05
grd_3264,asg_0147,stu_0426,66,2026-11-02 14:22:10
grd_3265,asg_0147,stu_0469,76,2026-11-03 05:52:53
grd_3266,asg_0147,stu_1098,62,2026-10-28 20:27:31
grd_3267,asg_0147,stu_1370,77,2026-10-26 07:18:55
grd_3268,asg_0147,stu_0819,94,2026-11-02 05:32:25
grd_3269,asg_0147,stu_0843,62,2026-10-30 16:09:11
grd_3270,asg_0147,stu_0920,84,2026-11-01 15:37:35
grd_3271,asg_0147,stu_0292,79,2026-11-02 15:58:25
grd_3272,asg_0147,stu_1250,80,2026-11-01 07:16:30
grd_3273,asg_0147,stu_0023,92,2026-10-31 05:56:51
grd_3274,asg_0147,stu_1138,93,2026-11-02 00:45:36
grd_3275,asg_0147,stu_0411,61,2026-10-31 08:48:41
grd_3276,asg_0147,stu_0385,59,2026-11-07 15:42:29
grd_3277,asg_0147,stu_0158,81,2026-10-30 10:01:36
grd_3278,asg_0147,stu_0128,68,2026-10-22 15:57:43
grd_3279,asg_0147,stu_0197,67,2026-10-30 01:54:11
grd_3280,asg_0147,stu_0161,89,2026-10-27 00:44:14
grd_3281,asg_0148,stu_1154,34,2026-11-22 18:05:21
grd_3282,asg_0148,stu_1067,32,2026-11-13 04:49:35
grd_3283,asg_0148,stu_1176,28,2026-11-20 21:01:26
grd_3284,asg_0148,stu_1319,34,2026-11-14 06:25:10
grd_3285,asg_0148,stu_0145,46,2026-11-19 17:17:23
grd_3286,asg_0148,stu_0117,29,2026-11-21 11:17:23
grd_3287,asg_0148,stu_0503,29,2026-11-13 05:01:37
grd_3288,asg_0148,stu_0921,35,2026-11-21 10:25:22
grd_3289,asg_0148,stu_0787,48,2026-11-12 04:33:09
grd_3290,asg_0148,stu_1220,29,2026-11-13 08:32:17
grd_3291,asg_0148,stu_0665,30,2026-11-17 08:10:24
grd_3292,asg_0148,stu_0261,46,2026-11-20 14:56:25
grd_3293,asg_0148,stu_0426,40,2026-11-13 12:45:29
grd_3294,asg_0148,stu_0469,47,2026-11-16 06:15:55
grd_3295,asg_0148,stu_1370,37,2026-11-15 20:21:41
grd_3296,asg_0148,stu_0292,41,2026-11-15 10:34:21
grd_3297,asg_0148,stu_1250,29,2026-11-17 18:43:28
grd_3298,asg_0148,stu_0023,31,2026-11-19 02:40:14
grd_3299,asg_0148,stu_0035,34,2026-11-07 20:47:21
grd_3300,asg_0148,stu_1138,40,2026-11-12 16:53:32
grd_3301,asg_0148,stu_0411,28,2026-11-18 05:03:16
grd_3302,asg_0148,stu_0014,45,2026-11-14 01:00:32
grd_3303,asg_0148,stu_0433,46,2026-11-11 10:47:31
grd_3304,asg_0148,stu_1268,48,2026-11-10 22:00:55
grd_3305,asg_0148,stu_0385,29,2026-11-05 14:20:24
grd_3306,asg_0148,stu_0158,32,2026-11-09 17:51:28
grd_3307,asg_0148,stu_0882,44,2026-11-18 14:42:53
grd_3308,asg_0148,stu_0128,33,2026-11-16 06:31:39
grd_3309,asg_0148,stu_1028,38,2026-11-14 02:25:25
grd_3310,asg_0148,stu_0161,32,2026-11-09 07:47:18
grd_3311,asg_0149,stu_1154,119,2026-11-15 13:07:23
grd_3312,asg_0149,stu_1067,137,2026-11-22 11:26:26
grd_3313,asg_0149,stu_1176,119,2026-11-15 18:26:43
grd_3314,asg_0149,stu_0536,119,2026-11-17 10:44:42
grd_3315,asg_0149,stu_0277,103,2026-11-18 14:57:11
grd_3316,asg_0149,stu_0405,95,2026-11-23 11:56:19
grd_3317,asg_0149,stu_0117,91,2026-11-15 15:55:40
grd_3318,asg_0149,stu_0503,144,2026-11-18 09:53:06
grd_3319,asg_0149,stu_0921,134,2026-11-23 18:09:56
grd_3320,asg_0149,stu_0665,95,2026-11-15 08:15:02
grd_3321,asg_0149,stu_0426,130,2026-11-22 10:30:11
grd_3322,asg_0149,stu_1098,124,2026-11-16 16:02:38
grd_3323,asg_0149,stu_1370,83,2026-11-18 15:30:15
grd_3324,asg_0149,stu_0819,136,2026-11-17 10:57:45
grd_3325,asg_0149,stu_0843,121,2026-11-23 08:31:25
grd_3326,asg_0149,stu_0920,132,2026-11-19 10:09:08
grd_3327,asg_0149,stu_0292,97,2026-11-23 09:44:58
grd_3328,asg_0149,stu_1250,131,2026-11-14 11:36:48
grd_3329,asg_0149,stu_0035,92,2026-11-23 13:25:30
grd_3330,asg_0149,stu_0014,98,2026-11-16 22:00:00
grd_3331,asg_0149,stu_0433,84,2026-11-22 10:59:06
grd_3332,asg_0149,stu_1268,104,2026-11-23 12:36:52
grd_3333,asg_0149,stu_0158,99,2026-11-15 11:12:55
grd_3334,asg_0149,stu_0882,93,2026-11-21 16:15:11
grd_3335,asg_0149,stu_0128,131,2026-11-18 13:15:03
grd_3336,asg_0149,stu_1028,100,2026-11-18 13:52:11
grd_3337,asg_0150,stu_1154,47,2026-12-01 10:27:54
grd_3338,asg_0150,stu_1342,42,2026-12-09 01:09:48
grd_3339,asg_0150,stu_0736,29,2026-12-11 22:42:47
grd_3340,asg_0150,stu_1176,31,2026-12-03 13:30:57
grd_3341,asg_0150,stu_0536,43,2026-12-10 21:17:23
grd_3342,asg_0150,stu_0277,30,2026-12-06 01:04:06
grd_3343,asg_0150,stu_1319,45,2026-12-10 18:06:02
grd_3344,asg_0150,stu_0405,33,2026-12-03 14:48:29
grd_3345,asg_0150,stu_0145,40,2026-12-05 20:52:17
grd_3346,asg_0150,stu_0503,38,2026-12-06 11:39:04
grd_3347,asg_0150,stu_0921,32,2026-12-08 19:48:30
grd_3348,asg_0150,stu_0787,44,2026-12-09 19:03:45
grd_3349,asg_0150,stu_1220,34,2026-12-08 22:07:47
grd_3350,asg_0150,stu_0261,47,2026-12-07 04:18:08
grd_3351,asg_0150,stu_0426,31,2026-12-06 19:48:22
grd_3352,asg_0150,stu_0469,39,2026-12-03 10:31:41
grd_3353,asg_0150,stu_1098,47,2026-12-07 00:31:07
grd_3354,asg_0150,stu_1370,44,2026-12-05 04:37:33
grd_3355,asg_0150,stu_0819,37,2026-12-08 14:02:52
grd_3356,asg_0150,stu_0843,46,2026-12-07 07:33:36
grd_3357,asg_0150,stu_0920,40,2026-12-05 12:27:19
grd_3358,asg_0150,stu_0292,45,2026-12-07 07:47:02
grd_3359,asg_0150,stu_1250,36,2026-12-08 13:35:55
grd_3360,asg_0150,stu_0023,45,2026-12-03 04:57:13
grd_3361,asg_0150,stu_0035,48,2026-12-06 05:16:51
grd_3362,asg_0150,stu_0411,37,2026-12-05 02:41:56
grd_3363,asg_0150,stu_0014,45,2026-12-05 21:00:00
grd_3364,asg_0150,stu_0433,38,2026-12-09 15:34:06
grd_3365,asg_0150,stu_1268,37,2026-12-06 03:43:50
grd_3366,asg_0150,stu_0385,45,2026-12-03 00:59:32
grd_3367,asg_0150,stu_0158,39,2026-12-03 22:01:04
grd_3368,asg_0150,stu_0882,29,2026-12-10 17:31:09
grd_3369,asg_0150,stu_0128,34,2026-12-12 05:04:36
grd_3370,asg_0150,stu_1028,30,2026-12-11 17:45:21
grd_3371,asg_0150,stu_0197,45,2026-12-03 19:00:07
grd_3372,asg_0150,stu_0161,39,2026-12-10 14:15:33
grd_3373,asg_0151,stu_0123,30,2026-10-10 00:25:10
grd_3374,asg_0151,stu_0992,43,2026-10-06 00:40:19
grd_3375,asg_0151,stu_0068,28,2026-10-01 23:37:31
grd_3376,asg_0151,stu_1267,28,2026-09-25 11:32:39
grd_3377,asg_0151,stu_0897,34,2026-10-01 17:36:31
grd_3378,asg_0151,stu_0549,48,2026-09-29 02:10:23
grd_3379,asg_0151,stu_1134,39,2026-10-06 10:42:28
grd_3380,asg_0151,stu_0332,47,2026-10-04 19:58:36
grd_3381,asg_0151,stu_0821,33,2026-10-04 20:19:08
grd_3382,asg_0151,stu_0601,28,2026-10-07 08:17:36
grd_3383,asg_0151,stu_1340,38,2026-09-24 16:40:02
grd_3384,asg_0151,stu_0816,47,2026-10-02 05:44:08
grd_3385,asg_0151,stu_0668,33,2026-09-28 09:41:33
grd_3386,asg_0151,stu_0528,38,2026-09-28 07:16:29
grd_3387,asg_0151,stu_0319,48,2026-10-04 00:44:39
grd_3388,asg_0152,stu_0992,128,2026-10-08 15:35:23
grd_3389,asg_0152,stu_0549,111,2026-10-12 18:33:45
grd_3390,asg_0152,stu_0775,119,2026-10-12 03:04:55
grd_3391,asg_0152,stu_1134,91,2026-10-03 00:59:17
grd_3392,asg_0152,stu_0821,137,2026-10-08 12:19:16
grd_3393,asg_0152,stu_1347,119,2026-10-03 03:32:59
grd_3394,asg_0152,stu_0601,115,2026-10-04 18:44:18
grd_3395,asg_0152,stu_0816,105,2026-10-02 21:34:40
grd_3396,asg_0152,stu_0887,93,2026-10-09 03:15:29
grd_3397,asg_0152,stu_0400,88,2026-10-07 18:53:43
grd_3398,asg_0152,stu_0466,104,2026-10-05 17:13:04
grd_3399,asg_0152,stu_0668,128,2026-10-10 13:11:44
grd_3400,asg_0152,stu_0319,130,2026-10-05 18:44:37
grd_3401,asg_0152,stu_0464,98,2026-10-12 23:30:35
grd_3402,asg_0152,stu_0560,140,2026-10-03 14:37:32
grd_3403,asg_0153,stu_0123,90,2026-11-09 01:57:53
grd_3404,asg_0153,stu_0992,82,2026-10-23 13:53:25
grd_3405,asg_0153,stu_0068,94,2026-10-26 19:22:16
grd_3406,asg_0153,stu_1267,95,2026-11-02 20:38:42
grd_3407,asg_0153,stu_1324,93,2026-11-09 02:30:25
grd_3408,asg_0153,stu_0897,79,2026-11-05 11:06:39
grd_3409,asg_0153,stu_0549,64,2026-11-01 02:47:51
grd_3410,asg_0153,stu_0775,72,2026-10-30 13:34:15
grd_3411,asg_0153,stu_1134,80,2026-10-24 05:23:51
grd_3412,asg_0153,stu_0332,92,2026-11-03 19:43:29
grd_3413,asg_0153,stu_0821,84,2026-10-30 13:46:07
grd_3414,asg_0153,stu_1347,62,2026-11-02 01:11:18
grd_3415,asg_0153,stu_0601,67,2026-11-03 20:14:05
grd_3416,asg_0153,stu_1340,69,2026-11-03 12:15:32
grd_3417,asg_0153,stu_0816,93,2026-10-29 15:01:53
grd_3418,asg_0153,stu_0400,97,2026-11-05 10:46:02
grd_3419,asg_0153,stu_0466,94,2026-10-30 03:20:02
grd_3420,asg_0153,stu_0668,61,2026-11-05 16:26:57
grd_3421,asg_0153,stu_0319,95,2026-10-31 02:33:15
grd_3422,asg_0153,stu_0560,82,2026-10-29 12:32:32
grd_3423,asg_0154,stu_0992,95,2026-11-10 09:32:02
grd_3424,asg_0154,stu_0068,68,2026-11-14 11:25:00
grd_3425,asg_0154,stu_1267,62,2026-11-10 03:09:33
grd_3426,asg_0154,stu_1324,60,2026-11-02 09:27:25
grd_3427,asg_0154,stu_0897,92,2026-11-09 21:23:46
grd_3428,asg_0154,stu_0549,95,2026-11-08 05:29:33
grd_3429,asg_0154,stu_0775,68,2026-11-04 10:20:19
grd_3430,asg_0154,stu_0332,59,2026-11-13 07:55:22
grd_3431,asg_0154,stu_0821,92,2026-11-12 05:43:46
grd_3432,asg_0154,stu_0601,93,2026-11-10 11:46:40
grd_3433,asg_0154,stu_0816,83,2026-11-12 16:16:03
grd_3434,asg_0154,stu_0887,55,2026-11-14 15:02:05
grd_3435,asg_0154,stu_0400,62,2026-11-12 02:28:52
grd_3436,asg_0154,stu_0466,68,2026-11-12 18:53:17
grd_3437,asg_0154,stu_0668,70,2026-11-09 01:34:30
grd_3438,asg_0154,stu_0319,92,2026-11-06 05:31:06
grd_3439,asg_0154,stu_0464,76,2026-11-04 06:02:34
grd_3440,asg_0154,stu_0560,58,2026-11-05 08:15:02
grd_3441,asg_0155,stu_0123,78,2026-11-27 13:02:33
grd_3442,asg_0155,stu_0068,57,2026-11-28 18:53:47
grd_3443,asg_0155,stu_1267,87,2026-11-29 21:37:29
grd_3444,asg_0155,stu_1324,92,2026-12-03 08:36:19
grd_3445,asg_0155,stu_0897,85,2026-12-01 18:52:02
grd_3446,asg_0155,stu_0549,93,2026-12-03 15:19:17
grd_3447,asg_0155,stu_0775,59,2026-11-28 05:09:40
grd_3448,asg_0155,stu_1134,79,2026-12-03 15:10:27
grd_3449,asg_0155,stu_0332,89,2026-11-27 00:48:27
grd_3450,asg_0155,stu_0821,65,2026-11-23 18:43:46
grd_3451,asg_0155,stu_0601,72,2026-11-24 08:21:45
grd_3452,asg_0155,stu_1340,71,2026-12-06 00:10:08
grd_3453,asg_0155,stu_0816,91,2026-12-03 02:41:25
grd_3454,asg_0155,stu_0887,90,2026-11-24 08:21:43
grd_3455,asg_0155,stu_0400,84,2026-11-27 10:19:37
grd_3456,asg_0155,stu_0466,62,2026-12-02 23:21:31
grd_3457,asg_0155,stu_0668,55,2026-11-26 15:42:15
grd_3458,asg_0155,stu_0528,82,2026-11-27 14:04:21
grd_3459,asg_0155,stu_0319,84,2026-11-23 11:57:39
grd_3460,asg_0155,stu_0560,64,2026-12-05 13:04:05
grd_3461,asg_0156,stu_0123,84,2026-12-03 07:34:03
grd_3462,asg_0156,stu_0992,140,2026-11-28 18:07:48
grd_3463,asg_0156,stu_1267,142,2026-12-04 14:43:06
grd_3464,asg_0156,stu_0549,90,2026-12-06 14:15:45
grd_3465,asg_0156,stu_1134,115,2026-11-29 16:54:59
grd_3466,asg_0156,stu_0332,138,2026-12-02 11:16:35
grd_3467,asg_0156,stu_1347,140,2026-11-28 19:43:46
grd_3468,asg_0156,stu_1340,118,2026-12-05 11:43:15
grd_3469,asg_0156,stu_0816,87,2026-12-02 16:11:39
grd_3470,asg_0156,stu_0466,111,2026-12-05 17:59:29
grd_3471,asg_0156,stu_0528,87,2026-12-02 15:35:15
grd_3472,asg_0156,stu_0319,127,2026-12-04 09:24:14
grd_3473,asg_0156,stu_0560,113,2026-12-03 17:55:48
grd_3474,asg_0157,stu_0734,178,2026-10-05 18:37:21
grd_3475,asg_0157,stu_0846,166,2026-10-04 23:21:00
grd_3476,asg_0157,stu_0773,170,2026-09-26 04:36:07
grd_3477,asg_0157,stu_1182,174,2026-09-27 01:16:19
grd_3478,asg_0157,stu_0486,152,2026-10-06 08:12:28
grd_3479,asg_0157,stu_0679,123,2026-10-03 08:37:10
grd_3480,asg_0157,stu_0275,136,2026-09-29 15:36:58
grd_3481,asg_0157,stu_1308,156,2026-10-07 12:02:50
grd_3482,asg_0157,stu_0208,177,2026-10-04 19:46:37
grd_3483,asg_0157,stu_0546,152,2026-10-02 05:13:49
grd_3484,asg_0157,stu_0014,161,2026-09-21 01:00:00
grd_3485,asg_0157,stu_1276,147,2026-09-28 10:38:24
grd_3486,asg_0157,stu_0121,186,2026-10-06 01:45:20
grd_3487,asg_0157,stu_0172,114,2026-09-25 14:35:57
grd_3488,asg_0157,stu_0980,146,2026-09-30 07:04:36
grd_3489,asg_0157,stu_0247,187,2026-09-28 11:33:21
grd_3490,asg_0157,stu_0449,157,2026-10-01 14:29:37
grd_3491,asg_0157,stu_0025,185,2026-09-27 22:16:03
grd_3492,asg_0157,stu_0758,170,2026-10-04 22:20:59
grd_3493,asg_0157,stu_0076,141,2026-09-27 21:26:15
grd_3494,asg_0157,stu_0360,190,2026-10-06 22:08:42
grd_3495,asg_0157,stu_0162,111,2026-09-28 22:28:05
grd_3496,asg_0157,stu_0192,150,2026-09-25 16:09:58
grd_3497,asg_0157,stu_1362,162,2026-09-28 13:30:41
grd_3498,asg_0157,stu_0370,166,2026-10-02 01:43:36
grd_3499,asg_0157,stu_1384,162,2026-10-03 03:12:24
grd_3500,asg_0157,stu_0250,112,2026-09-28 18:50:25
grd_3501,asg_0157,stu_0906,181,2026-10-02 02:21:53
grd_3502,asg_0157,stu_0612,160,2026-10-05 11:00:47
grd_3503,asg_0158,stu_0734,88,2026-10-10 21:08:41
grd_3504,asg_0158,stu_0846,76,2026-10-12 10:35:04
grd_3505,asg_0158,stu_0764,85,2026-10-07 00:02:34
grd_3506,asg_0158,stu_0773,91,2026-10-16 02:25:22
grd_3507,asg_0158,stu_1182,79,2026-10-16 21:07:05
grd_3508,asg_0158,stu_0275,59,2026-10-15 13:23:17
grd_3509,asg_0158,stu_0981,81,2026-10-17 03:48:17
grd_3510,asg_0158,stu_0208,82,2026-10-15 02:27:04
grd_3511,asg_0158,stu_0546,66,2026-10-09 09:06:52
grd_3512,asg_0158,stu_0014,85,2026-10-02 03:00:00
grd_3513,asg_0158,stu_1276,87,2026-10-07 16:49:44
grd_3514,asg_0158,stu_0180,65,2026-10-08 09:34:37
grd_3515,asg_0158,stu_0172,85,2026-10-07 00:26:57
grd_3516,asg_0158,stu_0247,86,2026-10-10 23:51:40
grd_3517,asg_0158,stu_0449,97,2026-10-05 15:13:40
grd_3518,asg_0158,stu_0758,89,2026-10-07 02:15:20
grd_3519,asg_0158,stu_0087,81,2026-10-13 23:10:44
grd_3520,asg_0158,stu_0360,60,2026-10-14 10:42:15
grd_3521,asg_0158,stu_1129,68,2026-10-17 14:35:22
grd_3522,asg_0158,stu_0162,75,2026-10-13 03:32:16
grd_3523,asg_0158,stu_0192,81,2026-10-07 02:07:29
grd_3524,asg_0158,stu_0854,68,2026-10-11 17:10:46
grd_3525,asg_0158,stu_0370,77,2026-10-10 01:34:35
grd_3526,asg_0158,stu_1384,81,2026-10-08 00:22:47
grd_3527,asg_0158,stu_0501,67,2026-10-19 02:50:28
grd_3528,asg_0158,stu_0250,63,2026-10-13 03:22:31
grd_3529,asg_0158,stu_0906,56,2026-10-16 00:57:38
grd_3530,asg_0158,stu_0612,65,2026-10-13 21:45:29
grd_3531,asg_0159,stu_0734,61,2026-10-24 16:43:09
grd_3532,asg_0159,stu_0846,63,2026-10-25 08:06:39
grd_3533,asg_0159,stu_0764,70,2026-10-25 14:36:43
grd_3534,asg_0159,stu_0773,59,2026-11-05 18:28:28
grd_3535,asg_0159,stu_1182,74,2026-11-01 07:50:15
grd_3536,asg_0159,stu_1308,87,2026-11-01 05:27:51
grd_3537,asg_0159,stu_0981,69,2026-10-26 02:21:30
grd_3538,asg_0159,stu_1276,91,2026-10-22 12:51:39
grd_3539,asg_0159,stu_0180,90,2026-11-01 11:33:04
grd_3540,asg_0159,stu_0121,75,2026-10-24 00:30:00
grd_3541,asg_0159,stu_0172,63,2026-10-31 19:06:09
grd_3542,asg_0159,stu_0980,91,2026-10-28 20:15:52
grd_3543,asg_0159,stu_0247,72,2026-11-02 21:44:52
grd_3544,asg_0159,stu_0449,58,2026-10-26 22:54:54
grd_3545,asg_0159,stu_0758,87,2026-10-27 23:52:35
grd_3546,asg_0159,stu_0076,84,2026-10-28 07:08:03
grd_3547,asg_0159,stu_0087,63,2026-10-26 07:22:05
grd_3548,asg_0159,stu_0360,57,2026-10-24 02:01:19
grd_3549,asg_0159,stu_1129,87,2026-10-28 16:37:38
grd_3550,asg_0159,stu_0162,66,2026-10-26 11:29:56
grd_3551,asg_0159,stu_0192,97,2026-10-28 06:17:58
grd_3552,asg_0159,stu_1362,78,2026-10-28 17:55:16
grd_3553,asg_0159,stu_0370,79,2026-10-29 08:55:28
grd_3554,asg_0159,stu_0739,92,2026-11-02 06:33:41
grd_3555,asg_0159,stu_1384,82,2026-11-05 17:41:35
grd_3556,asg_0159,stu_0501,77,2026-10-29 03:05:41
grd_3557,asg_0159,stu_0250,74,2026-10-26 15:41:26
grd_3558,asg_0159,stu_0906,85,2026-10-23 21:50:50
grd_3559,asg_0159,stu_0612,76,2026-11-01 20:14:54
grd_3560,asg_0160,stu_0734,80,2026-11-08 13:54:04
grd_3561,asg_0160,stu_1182,88,2026-11-08 14:22:27
grd_3562,asg_0160,stu_0486,79,2026-11-09 16:15:24
grd_3563,asg_0160,stu_1308,92,2026-10-30 14:43:20
grd_3564,asg_0160,stu_0208,92,2026-11-08 04:17:52
grd_3565,asg_0160,stu_0014,77,2026-11-03 20:00:00
grd_3566,asg_0160,stu_1276,78,2026-11-04 06:24:10
grd_3567,asg_0160,stu_0180,64,2026-11-07 16:44:15
grd_3568,asg_0160,stu_0121,61,2026-10-30 06:46:48
grd_3569,asg_0160,stu_0172,71,2026-11-08 08:29:32
grd_3570,asg_0160,stu_0980,80,2026-11-09 16:24:50
grd_3571,asg_0160,stu_0247,95,2026-11-09 12:27:03
grd_3572,asg_0160,stu_0025,83,2026-11-07 13:11:07
grd_3573,asg_0160,stu_0087,60,2026-11-07 04:42:01
grd_3574,asg_0160,stu_0360,95,2026-11-01 08:52:10
grd_3575,asg_0160,stu_1129,76,2026-11-03 13:25:48
grd_3576,asg_0160,stu_0192,70,2026-11-05 07:45:02
grd_3577,asg_0160,stu_1362,58,2026-11-04 14:17:00
grd_3578,asg_0160,stu_0501,58,2026-11-07 04:29:16
grd_3579,asg_0160,stu_0906,62,2026-11-06 09:34:36
grd_3580,asg_0160,stu_0612,85,2026-11-05 09:55:48
grd_3581,asg_0161,stu_0846,105,2026-11-21 19:34:00
grd_3582,asg_0161,stu_0764,137,2026-11-19 03:05:27
grd_3583,asg_0161,stu_0773,129,2026-11-25 19:41:35
grd_3584,asg_0161,stu_1182,93,2026-11-28 18:54:49
grd_3585,asg_0161,stu_0486,124,2026-11-25 21:10:00
grd_3586,asg_0161,stu_1308,139,2026-11-22 06:56:06
grd_3587,asg_0161,stu_0981,130,2026-11-25 23:19:39
grd_3588,asg_0161,stu_0208,117,2026-11-24 00:26:19
grd_3589,asg_0161,stu_0546,87,2026-11-20 06:17:07
grd_3590,asg_0161,stu_1276,106,2026-11-28 00:59:45
grd_3591,asg_0161,stu_0121,133,2026-11-26 00:34:37
grd_3592,asg_0161,stu_0172,84,2026-11-26 22:57:21
grd_3593,asg_0161,stu_0247,114,2026-11-29 17:54:21
grd_3594,asg_0161,stu_0449,85,2026-11-22 20:24:55
grd_3595,asg_0161,stu_0025,118,2026-11-20 15:05:41
grd_3596,asg_0161,stu_0758,114,2026-11-22 11:36:54
grd_3597,asg_0161,stu_0087,85,2026-11-24 14:24:32
grd_3598,asg_0161,stu_0360,109,2026-11-21 01:11:27
grd_3599,asg_0161,stu_0162,127,2026-11-30 16:37:13
grd_3600,asg_0161,stu_0854,120,2026-11-23 05:54:11
grd_3601,asg_0161,stu_1362,101,2026-11-26 01:47:11
grd_3602,asg_0161,stu_0370,108,2026-11-25 16:58:40
grd_3603,asg_0161,stu_0739,124,2026-11-24 00:31:32
grd_3604,asg_0161,stu_0501,131,2026-11-23 11:49:45
grd_3605,asg_0161,stu_0612,114,2026-11-28 05:21:10
grd_3606,asg_0162,stu_0734,96,2026-12-18 03:33:15
grd_3607,asg_0162,stu_0846,57,2026-12-07 14:54:27
grd_3608,asg_0162,stu_0764,83,2026-12-14 21:11:08
grd_3609,asg_0162,stu_1182,58,2026-12-10 20:54:42
grd_3610,asg_0162,stu_0486,55,2026-12-13 11:59:20
grd_3611,asg_0162,stu_0679,89,2026-12-12 17:49:49
grd_3612,asg_0162,stu_1308,66,2026-12-14 08:33:46
grd_3613,asg_0162,stu_0981,75,2026-12-16 02:13:24
grd_3614,asg_0162,stu_0546,77,2026-12-09 22:31:34
grd_3615,asg_0162,stu_1276,92,2026-12-12 16:47:00
grd_3616,asg_0162,stu_0180,94,2026-12-08 20:32:42
grd_3617,asg_0162,stu_0172,89,2026-12-06 22:27:01
grd_3618,asg_0162,stu_0980,90,2026-12-09 19:20:40
grd_3619,asg_0162,stu_0449,67,2026-12-10 12:12:22
grd_3620,asg_0162,stu_0025,68,2026-12-18 01:37:31
grd_3621,asg_0162,stu_0758,57,2026-12-07 10:10:18
grd_3622,asg_0162,stu_0076,76,2026-12-16 00:59:51
grd_3623,asg_0162,stu_0087,88,2026-12-17 09:17:14
grd_3624,asg_0162,stu_0360,79,2026-12-14 20:57:03
grd_3625,asg_0162,stu_1129,67,2026-12-15 06:40:15
grd_3626,asg_0162,stu_0162,69,2026-12-11 00:39:31
grd_3627,asg_0162,stu_0192,86,2026-12-06 19:48:33
grd_3628,asg_0162,stu_0854,63,2026-12-06 04:54:41
grd_3629,asg_0162,stu_1362,82,2026-12-18 00:27:09
grd_3630,asg_0162,stu_1384,86,2026-12-04 15:28:43
grd_3631,asg_0162,stu_0501,66,2026-12-08 02:54:59
grd_3632,asg_0162,stu_0250,74,2026-12-11 19:46:37
grd_3633,asg_0162,stu_0906,97,2026-12-17 06:31:04
grd_3634,asg_0162,stu_0612,96,2026-12-14 16:08:32
grd_3635,asg_0163,stu_1325,150,2026-09-26 22:56:54
grd_3636,asg_0163,stu_0566,136,2026-10-03 21:53:22
grd_3637,asg_0163,stu_1316,170,2026-10-03 00:55:40
grd_3638,asg_0163,stu_0689,171,2026-09-27 14:05:00
grd_3639,asg_0163,stu_0192,190,2026-09-30 15:07:41
grd_3640,asg_0163,stu_0102,132,2026-10-03 14:06:53
grd_3641,asg_0163,stu_0091,190,2026-10-02 09:40:32
grd_3642,asg_0163,stu_0626,160,2026-09-29 08:22:28
grd_3643,asg_0163,stu_1054,185,2026-09-25 22:49:16
grd_3644,asg_0163,stu_1051,154,2026-10-04 09:29:21
grd_3645,asg_0163,stu_0488,184,2026-09-28 06:58:02
grd_3646,asg_0163,stu_0901,113,2026-10-02 18:58:54
grd_3647,asg_0163,stu_0116,181,2026-09-25 14:04:34
grd_3648,asg_0163,stu_0287,160,2026-10-02 02:53:37
grd_3649,asg_0163,stu_0970,169,2026-09-28 11:25:39
grd_3650,asg_0164,stu_1325,93,2026-10-12 23:18:24
grd_3651,asg_0164,stu_0566,100,2026-10-18 04:32:27
grd_3652,asg_0164,stu_1316,87,2026-10-16 01:32:31
grd_3653,asg_0164,stu_0210,142,2026-10-06 04:30:03
grd_3654,asg_0164,stu_0689,144,2026-10-18 16:36:55
grd_3655,asg_0164,stu_0192,142,2026-10-11 21:46:16
grd_3656,asg_0164,stu_0102,104,2026-10-11 00:06:12
grd_3657,asg_0164,stu_0626,138,2026-10-15 10:52:57
grd_3658,asg_0164,stu_1054,116,2026-10-17 08:14:16
grd_3659,asg_0164,stu_1051,132,2026-10-15 22:21:12
grd_3660,asg_0164,stu_0100,115,2026-10-17 19:22:15
grd_3661,asg_0164,stu_0488,106,2026-10-09 06:31:38
grd_3662,asg_0164,stu_0901,133,2026-10-14 07:34:15
grd_3663,asg_0164,stu_0835,121,2026-10-15 00:51:53
grd_3664,asg_0164,stu_0116,124,2026-10-16 01:54:27
grd_3665,asg_0164,stu_0424,96,2026-10-14 11:20:50
grd_3666,asg_0165,stu_1325,85,2026-10-27 10:34:00
grd_3667,asg_0165,stu_1316,83,2026-11-01 08:12:31
grd_3668,asg_0165,stu_0689,72,2026-10-27 19:16:29
grd_3669,asg_0165,stu_0192,93,2026-11-02 10:11:25
grd_3670,asg_0165,stu_0102,90,2026-11-02 01:38:04
grd_3671,asg_0165,stu_0091,84,2026-11-04 23:34:08
grd_3672,asg_0165,stu_0626,66,2026-11-04 02:30:38
grd_3673,asg_0165,stu_1054,59,2026-11-01 09:23:01
grd_3674,asg_0165,stu_1051,59,2026-10-31 00:56:45
grd_3675,asg_0165,stu_0100,84,2026-10-29 11:37:27
grd_3676,asg_0165,stu_0488,82,2026-10-29 12:27:47
grd_3677,asg_0165,stu_0901,95,2026-11-02 17:51:48
grd_3678,asg_0165,stu_0835,64,2026-11-02 16:10:15
grd_3679,asg_0165,stu_0116,66,2026-10-29 06:22:47
grd_3680,asg_0165,stu_0424,90,2026-10-31 23:28:42
grd_3681,asg_0165,stu_0287,96,2026-10-24 23:48:38
grd_3682,asg_0165,stu_0970,67,2026-10-31 00:53:58
grd_3683,asg_0166,stu_0566,31,2026-11-13 16:12:03
grd_3684,asg_0166,stu_0210,34,2026-11-04 02:46:21
grd_3685,asg_0166,stu_0689,40,2026-11-08 02:15:43
grd_3686,asg_0166,stu_0192,47,2026-11-04 04:04:01
grd_3687,asg_0166,stu_0102,30,2026-11-14 12:18:41
grd_3688,asg_0166,stu_0091,28,2026-11-13 16:52:49
grd_3689,asg_0166,stu_0626,40,2026-11-14 14:11:28
grd_3690,asg_0166,stu_1054,42,2026-11-12 01:28:27
grd_3691,asg_0166,stu_1051,41,2026-11-10 05:18:43
grd_3692,asg_0166,stu_0100,39,2026-11-09 01:46:20
grd_3693,asg_0166,stu_0488,45,2026-11-07 14:08:06
grd_3694,asg_0166,stu_0901,32,2026-11-04 20:50:09
grd_3695,asg_0166,stu_0835,39,2026-11-08 09:48:24
grd_3696,asg_0166,stu_0424,46,2026-11-06 09:35:01
grd_3697,asg_0166,stu_0287,46,2026-11-13 16:24:13
grd_3698,asg_0166,stu_0970,29,2026-11-12 10:41:23
grd_3699,asg_0167,stu_1325,87,2026-11-24 11:45:51
grd_3700,asg_0167,stu_0566,95,2026-11-27 18:44:21
grd_3701,asg_0167,stu_1316,61,2026-12-01 18:01:49
grd_3702,asg_0167,stu_0210,55,2026-11-25 13:10:02
grd_3703,asg_0167,stu_0192,58,2026-11-20 08:35:39
grd_3704,asg_0167,stu_0102,73,2026-11-25 21:25:28
grd_3705,asg_0167,stu_0091,81,2026-11-23 11:35:46
grd_3706,asg_0167,stu_0626,68,2026-11-24 18:05:15
grd_3707,asg_0167,stu_1054,85,2026-11-25 22:54:34
grd_3708,asg_0167,stu_1051,79,2026-11-30 07:41:39
grd_3709,asg_0167,stu_0100,62,2026-11-25 06:43:04
grd_3710,asg_0167,stu_0488,74,2026-11-27 16:51:13
grd_3711,asg_0167,stu_0901,70,2026-11-22 20:57:40
grd_3712,asg_0167,stu_0116,71,2026-11-27 12:45:07
grd_3713,asg_0167,stu_0424,90,2026-11-29 15:55:24
grd_3714,asg_0167,stu_0287,85,2026-11-21 14:57:09
grd_3715,asg_0167,stu_0970,96,2026-11-26 03:49:04
grd_3716,asg_0168,stu_0689,98,2026-12-01 16:00:12
grd_3717,asg_0168,stu_0102,122,2026-11-30 23:01:10
grd_3718,asg_0168,stu_0091,97,2026-12-03 13:23:12
grd_3719,asg_0168,stu_0626,110,2026-11-30 20:47:40
grd_3720,asg_0168,stu_1054,94,2026-11-30 21:24:38
grd_3721,asg_0168,stu_1051,85,2026-12-01 14:22:45
grd_3722,asg_0168,stu_0100,99,2026-12-01 12:29:42
grd_3723,asg_0168,stu_0488,139,2026-11-28 18:32:08
grd_3724,asg_0168,stu_0901,123,2026-12-06 18:23:09
grd_3725,asg_0168,stu_0835,112,2026-11-29 15:29:20
grd_3726,asg_0168,stu_0116,113,2026-12-03 10:55:49
grd_3727,asg_0168,stu_0424,105,2026-12-03 19:32:32
grd_3728,asg_0168,stu_0287,88,2026-12-01 23:15:59
grd_3729,asg_0168,stu_0970,108,2026-12-05 12:23:55
grd_3730,asg_0169,stu_0728,70,2026-10-06 12:34:47
grd_3731,asg_0169,stu_0064,70,2026-10-03 04:55:00
grd_3732,asg_0169,stu_1027,91,2026-10-01 23:00:20
grd_3733,asg_0169,stu_0013,73,2026-10-09 08:59:59
grd_3734,asg_0169,stu_0470,70,2026-10-07 04:54:38
grd_3735,asg_0169,stu_0287,60,2026-10-01 23:48:14
grd_3736,asg_0169,stu_1178,88,2026-10-03 22:03:26
grd_3737,asg_0169,stu_0892,70,2026-09-28 21:56:06
grd_3738,asg_0169,stu_1349,94,2026-10-05 09:37:05
grd_3739,asg_0169,stu_0788,58,2026-10-06 07:19:48
grd_3740,asg_0169,stu_0909,82,2026-10-08 13:05:17
grd_3741,asg_0169,stu_0098,72,2026-09-27 01:03:31
grd_3742,asg_0169,stu_1138,65,2026-10-04 22:30:39
grd_3743,asg_0169,stu_1330,86,2026-10-04 14:36:43
grd_3744,asg_0169,stu_0879,57,2026-10-02 09:39:32
grd_3745,asg_0169,stu_0658,68,2026-10-01 20:08:27
grd_3746,asg_0169,stu_1093,67,2026-09-28 16:06:20
grd_3747,asg_0170,stu_0728,37,2026-10-06 05:23:36
grd_3748,asg_0170,stu_1027,42,2026-10-11 11:59:52
grd_3749,asg_0170,stu_0470,31,2026-10-06 05:22:13
grd_3750,asg_0170,stu_0433,42,2026-10-12 15:26:29
grd_3751,asg_0170,stu_1349,40,2026-10-07 15:03:26
grd_3752,asg_0170,stu_0788,44,2026-10-02 12:38:26
grd_3753,asg_0170,stu_0909,31,2026-10-07 10:35:46
grd_3754,asg_0170,stu_0098,42,2026-10-06 07:09:54
grd_3755,asg_0170,stu_1138,41,2026-10-11 08:11:27
grd_3756,asg_0170,stu_1330,36,2026-10-11 16:50:45
grd_3757,asg_0170,stu_0879,39,2026-10-05 10:31:37
grd_3758,asg_0171,stu_0728,93,2026-10-29 20:58:02
grd_3759,asg_0171,stu_1027,102,2026-10-31 11:19:35
grd_3760,asg_0171,stu_0013,89,2026-10-31 06:29:34
grd_3761,asg_0171,stu_0470,96,2026-10-31 01:55:55
grd_3762,asg_0171,stu_0287,91,2026-10-20 00:21:14
grd_3763,asg_0171,stu_1178,129,2026-10-21 17:45:44
grd_3764,asg_0171,stu_0433,136,2026-10-22 17:56:05
grd_3765,asg_0171,stu_0892,129,2026-10-24 17:30:47
grd_3766,asg_0171,stu_1349,105,2026-11-02 06:20:34
grd_3767,asg_0171,stu_0788,90,2026-10-21 12:57:00
grd_3768,asg_0171,stu_0909,113,2026-10-24 01:13:04
grd_3769,asg_0171,stu_1137,125,2026-10-25 09:45:22
grd_3770,asg_0171,stu_0098,109,2026-10-25 07:19:59
grd_3771,asg_0171,stu_1138,110,2026-10-27 06:48:04
grd_3772,asg_0171,stu_0879,113,2026-10-31 17:32:27
grd_3773,asg_0171,stu_1093,135,2026-10-27 06:46:22
grd_3774,asg_0172,stu_0064,79,2026-11-11 18:43:52
grd_3775,asg_0172,stu_1027,87,2026-11-20 19:31:08
grd_3776,asg_0172,stu_0013,62,2026-11-17 06:26:02
grd_3777,asg_0172,stu_1178,77,2026-11-12 04:10:44
grd_3778,asg_0172,stu_0433,66,2026-11-18 19:09:44
grd_3779,asg_0172,stu_0892,74,2026-11-13 06:01:02
grd_3780,asg_0172,stu_0788,84,2026-11-07 16:21:36
grd_3781,asg_0172,stu_1137,69,2026-11-11 03:45:44
grd_3782,asg_0172,stu_0098,59,2026-11-11 05:13:28
grd_3783,asg_0172,stu_1330,80,2026-11-12 21:56:38
grd_3784,asg_0172,stu_0879,72,2026-11-22 19:09:24
grd_3785,asg_0172,stu_0658,64,2026-11-15 15:54:49
grd_3786,asg_0172,stu_1093,81,2026-11-11 14:31:15
grd_3787,asg_0173,stu_0728,94,2026-11-15 13:06:57
grd_3788,asg_0173,stu_0064,92,2026-11-18 05:26:04
grd_3789,asg_0173,stu_1027,72,2026-11-21 13:33:11
grd_3790,asg_0173,stu_0470,57,2026-11-14 12:00:23
grd_3791,asg_0173,stu_0287,94,2026-11-21 04:33:48
grd_3792,asg_0173,stu_1178,93,2026-11-15 06:57:36
grd_3793,asg_0173,stu_0433,74,2026-11-13 13:50:45
grd_3794,asg_0173,stu_0892,73,2026-11-17 04:48:03
grd_3795,asg_0173,stu_1330,80,2026-11-22 13:56:43
grd_3796,asg_0173,stu_1093,79,2026-11-21 09:18:50
grd_3797,asg_0174,stu_0728,67,2026-12-04 16:54:24
grd_3798,asg_0174,stu_0064,90,2026-12-05 18:07:25
grd_3799,asg_0174,stu_1027,73,2026-12-10 15:04:15
grd_3800,asg_0174,stu_0470,56,2026-12-01 19:06:23
grd_3801,asg_0174,stu_1178,92,2026-12-09 12:25:45
grd_3802,asg_0174,stu_0433,57,2026-12-09 02:41:18
grd_3803,asg_0174,stu_1349,77,2026-12-11 06:52:20
grd_3804,asg_0174,stu_0788,73,2026-12-09 23:56:44
grd_3805,asg_0174,stu_0909,77,2026-12-03 22:12:54
grd_3806,asg_0174,stu_1137,71,2026-12-06 20:19:00
grd_3807,asg_0174,stu_0098,67,2026-12-05 23:03:32
grd_3808,asg_0174,stu_1138,91,2026-12-05 21:25:51
grd_3809,asg_0174,stu_1330,94,2026-12-09 23:53:28
grd_3810,asg_0174,stu_0879,58,2026-12-07 12:48:33
grd_3811,asg_0174,stu_0658,74,2026-12-09 19:09:48
grd_3812,asg_0174,stu_1093,76,2026-12-09 10:48:33
grd_3813,asg_0175,stu_1197,82,2026-10-01 13:50:13
grd_3814,asg_0175,stu_0087,76,2026-09-23 15:06:38
grd_3815,asg_0175,stu_1155,95,2026-09-27 10:43:21
grd_3816,asg_0175,stu_0304,74,2026-10-01 19:52:42
grd_3817,asg_0175,stu_0116,86,2026-09-25 13:34:06
grd_3818,asg_0175,stu_1084,91,2026-09-22 13:13:42
grd_3819,asg_0175,stu_0054,83,2026-09-28 13:00:58
grd_3820,asg_0175,stu_1045,75,2026-09-27 10:39:26
grd_3821,asg_0175,stu_1040,82,2026-09-26 16:08:25
grd_3822,asg_0175,stu_0695,83,2026-10-01 21:37:33
grd_3823,asg_0175,stu_1090,85,2026-09-28 20:08:04
grd_3824,asg_0175,stu_1143,71,2026-10-01 21:02:15
grd_3825,asg_0175,stu_0020,70,2026-10-01 10:55:03
grd_3826,asg_0175,stu_1362,85,2026-09-24 09:12:21
grd_3827,asg_0175,stu_0761,94,2026-10-02 10:15:37
grd_3828,asg_0175,stu_1104,68,2026-09-23 10:26:35
grd_3829,asg_0175,stu_0576,73,2026-09-24 11:47:08
grd_3830,asg_0176,stu_0931,95,2026-10-17 12:07:32
grd_3831,asg_0176,stu_1197,78,2026-10-18 22:38:20
grd_3832,asg_0176,stu_0087,94,2026-10-15 12:04:58
grd_3833,asg_0176,stu_1155,56,2026-10-22 02:11:40
grd_3834,asg_0176,stu_0304,60,2026-10-20 03:05:01
grd_3835,asg_0176,stu_0865,64,2026-10-22 08:42:36
grd_3836,asg_0176,stu_0750,56,2026-10-16 17:42:58
grd_3837,asg_0176,stu_1084,71,2026-10-12 20:59:52
grd_3838,asg_0176,stu_0054,74,2026-10-12 06:25:37
grd_3839,asg_0176,stu_1045,95,2026-10-13 06:44:00
grd_3840,asg_0176,stu_1040,60,2026-10-15 20:55:22
grd_3841,asg_0176,stu_0695,71,2026-10-16 06:34:01
grd_3842,asg_0176,stu_1143,86,2026-10-13 03:19:18
grd_3843,asg_0176,stu_1346,76,2026-10-20 10:46:38
grd_3844,asg_0176,stu_0440,77,2026-10-17 07:37:25
grd_3845,asg_0176,stu_0020,57,2026-10-15 20:16:18
grd_3846,asg_0176,stu_0204,83,2026-10-12 01:17:36
grd_3847,asg_0176,stu_1362,79,2026-10-13 07:25:44
grd_3848,asg_0176,stu_0761,84,2026-10-20 02:57:48
grd_3849,asg_0176,stu_0576,73,2026-10-13 12:18:24
grd_3850,asg_0177,stu_1197,93,2026-10-29 03:55:57
grd_3851,asg_0177,stu_0087,97,2026-10-20 18:06:35
grd_3852,asg_0177,stu_1155,83,2026-10-27 01:15:40
grd_3853,asg_0177,stu_0304,74,2026-10-24 15:42:49
grd_3854,asg_0177,stu_0865,58,2026-10-29 17:25:44
grd_3855,asg_0177,stu_0750,86,2026-10-29 15:49:00
grd_3856,asg_0177,stu_0116,77,2026-10-28 13:37:21
grd_3857,asg_0177,stu_1084,91,2026-10-25 05:56:36
grd_3858,asg_0177,stu_0054,92,2026-10-24 10:51:55
grd_3859,asg_0177,stu_1045,93,2026-10-20 11:12:41
grd_3860,asg_0177,stu_1040,65,2026-10-28 14:06:39
grd_3861,asg_0177,stu_0695,96,2026-10-23 16:40:20
grd_3862,asg_0177,stu_1090,88,2026-10-24 14:57:30
grd_3863,asg_0177,stu_1143,75,2026-10-23 16:53:59
grd_3864,asg_0177,stu_1346,56,2026-10-22 16:52:59
grd_3865,asg_0177,stu_0440,78,2026-10-23 02:09:50
grd_3866,asg_0177,stu_0020,55,2026-10-22 01:05:38
grd_3867,asg_0177,stu_0204,95,2026-10-29 23:16:32
grd_3868,asg_0177,stu_1362,87,2026-10-24 06:21:48
grd_3869,asg_0177,stu_0761,92,2026-10-24 12:33:47
grd_3870,asg_0177,stu_0576,79,2026-10-27 07:17:44
grd_3871,asg_0178,stu_0931,70,2026-11-04 21:21:53
grd_3872,asg_0178,stu_0087,86,2026-11-03 22:59:47
grd_3873,asg_0178,stu_1155,86,2026-11-03 09:19:26
grd_3874,asg_0178,stu_0304,85,2026-11-01 08:55:24
grd_3875,asg_0178,stu_0116,66,2026-11-02 18:43:04
grd_3876,asg_0178,stu_1084,89,2026-11-05 20:24:36
grd_3877,asg_0178,stu_0054,67,2026-11-06 05:12:58
grd_3878,asg_0178,stu_0695,58,2026-11-05 06:48:30
grd_3879,asg_0178,stu_1090,95,2026-11-06 22:48:23
grd_3880,asg_0178,stu_1143,67,2026-11-02 05:57:00
grd_3881,asg_0178,stu_0440,76,2026-11-01 00:51:11
grd_3882,asg_0178,stu_0204,63,2026-11-04 15:02:01
grd_3883,asg_0178,stu_0761,64,2026-11-04 06:14:00
grd_3884,asg_0178,stu_0576,59,2026-10-31 23:57:55
grd_3885,asg_0179,stu_0931,61,2026-11-26 12:31:35
grd_3886,asg_0179,stu_1197,80,2026-11-28 18:21:46
grd_3887,asg_0179,stu_0087,85,2026-11-27 02:05:38
grd_3888,asg_0179,stu_1155,89,2026-11-30 14:28:44
grd_3889,asg_0179,stu_0304,83,2026-11-28 17:41:49
grd_3890,asg_0179,stu_0865,65,2026-11-28 21:33:08
grd_3891,asg_0179,stu_0750,77,2026-11-24 08:02:35
grd_3892,asg_0179,stu_0116,96,2026-11-21 13:06:07
grd_3893,asg_0179,stu_1084,71,2026-11-18 21:33:24
grd_3894,asg_0179,stu_0054,77,2026-11-27 12:27:14
grd_3895,asg_0179,stu_1040,83,2026-11-22 04:49:57
grd_3896,asg_0179,stu_1090,62,2026-11-23 06:31:50
grd_3897,asg_0179,stu_1143,70,2026-11-29 23:17:34
grd_3898,asg_0179,stu_1346,60,2026-11-27 07:09:49
grd_3899,asg_0179,stu_0440,92,2026-11-29 03:46:23
grd_3900,asg_0179,stu_0204,76,2026-11-21 09:23:33
grd_3901,asg_0179,stu_1362,77,2026-11-25 15:53:02
grd_3902,asg_0179,stu_0761,84,2026-11-30 19:06:34
grd_3903,asg_0179,stu_1104,62,2026-11-30 11:50:58
grd_3904,asg_0179,stu_0576,77,2026-11-27 19:31:10
grd_3905,asg_0180,stu_1197,106,2026-12-11 03:04:56
grd_3906,asg_0180,stu_0087,141,2026-12-12 01:33:27
grd_3907,asg_0180,stu_1155,93,2026-12-07 00:28:43
grd_3908,asg_0180,stu_0865,109,2026-12-12 05:17:02
grd_3909,asg_0180,stu_0750,86,2026-12-10 04:46:08
grd_3910,asg_0180,stu_0054,83,2026-12-13 16:17:55
grd_3911,asg_0180,stu_1040,143,2026-12-15 13:01:47
grd_3912,asg_0180,stu_0695,96,2026-12-09 04:43:53
grd_3913,asg_0180,stu_1090,124,2026-12-11 23:23:27
grd_3914,asg_0180,stu_1346,110,2026-12-14 06:20:11
grd_3915,asg_0180,stu_0440,86,2026-12-08 15:09:47
grd_3916,asg_0180,stu_0020,138,2026-12-13 13:57:18
grd_3917,asg_0180,stu_1362,127,2026-12-09 21:56:28
grd_3918,asg_0180,stu_0761,136,2026-12-04 20:41:54
grd_3919,asg_0180,stu_1104,135,2026-12-09 00:58:57
grd_3920,asg_0180,stu_0576,136,2026-12-13 13:17:18
grd_3921,asg_0181,stu_0225,100,2026-09-28 20:19:40
grd_3922,asg_0181,stu_0558,118,2026-09-19 14:44:20
grd_3923,asg_0181,stu_0100,128,2026-09-22 17:05:53
grd_3924,asg_0181,stu_0167,88,2026-09-25 21:54:37
grd_3925,asg_0181,stu_0591,136,2026-09-22 19:38:21
grd_3926,asg_0181,stu_0509,133,2026-09-26 18:54:21
grd_3927,asg_0181,stu_0443,112,2026-09-24 16:01:41
grd_3928,asg_0181,stu_0022,140,2026-09-19 13:21:32
grd_3929,asg_0181,stu_0889,108,2026-09-23 12:21:16
grd_3930,asg_0181,stu_1346,121,2026-09-28 18:23:28
grd_3931,asg_0181,stu_1214,87,2026-09-23 23:52:54
grd_3932,asg_0181,stu_0300,107,2026-09-22 15:30:51
grd_3933,asg_0181,stu_1005,91,2026-09-19 00:29:02
grd_3934,asg_0182,stu_0225,87,2026-10-12 01:12:13
grd_3935,asg_0182,stu_0558,61,2026-10-03 21:08:00
grd_3936,asg_0182,stu_0100,63,2026-10-09 16:18:32
grd_3937,asg_0182,stu_0167,60,2026-10-03 11:42:48
grd_3938,asg_0182,stu_0591,92,2026-10-08 08:17:29
grd_3939,asg_0182,stu_0509,65,2026-10-11 04:59:13
grd_3940,asg_0182,stu_0208,91,2026-10-04 00:07:03
grd_3941,asg_0182,stu_0443,79,2026-10-02 22:46:03
grd_3942,asg_0182,stu_0581,68,2026-10-11 12:03:02
grd_3943,asg_0182,stu_0889,68,2026-10-08 12:15:15
grd_3944,asg_0182,stu_1215,80,2026-10-11 21:06:36
grd_3945,asg_0182,stu_1346,64,2026-10-06 11:10:36
grd_3946,asg_0182,stu_0908,68,2026-10-08 06:37:35
grd_3947,asg_0182,stu_1214,59,2026-10-04 01:10:34
grd_3948,asg_0182,stu_1005,95,2026-10-03 22:47:58
grd_3949,asg_0182,stu_0948,71,2026-10-10 13:16:25
grd_3950,asg_0183,stu_0225,139,2026-10-23 15:15:18
grd_3951,asg_0183,stu_0558,126,2026-10-19 18:53:21
grd_3952,asg_0183,stu_0167,124,2026-10-20 12:50:40
grd_3953,asg_0183,stu_1085,130,2026-10-18 23:14:22
grd_3954,asg_0183,stu_0509,113,2026-10-17 18:19:43
grd_3955,asg_0183,stu_0208,129,2026-10-23 22:43:56
grd_3956,asg_0183,stu_0581,125,2026-10-19 21:44:05
grd_3957,asg_0183,stu_0889,135,2026-10-16 19:33:02
grd_3958,asg_0183,stu_0484,115,2026-10-25 22:07:55
grd_3959,asg_0183,stu_1346,133,2026-10-16 13:39:11
grd_3960,asg_0183,stu_0908,94,2026-10-21 22:25:08
grd_3961,asg_0184,stu_0912,57,2026-11-05 01:13:43
grd_3962,asg_0184,stu_0100,55,2026-11-09 17:32:58
grd_3963,asg_0184,stu_1282,91,2026-10-31 14:59:18
grd_3964,asg_0184,stu_0591,75,2026-11-06 04:02:47
grd_3965,asg_0184,stu_1085,57,2026-11-02 20:50:37
grd_3966,asg_0184,stu_0509,89,2026-10-31 23:37:43
grd_3967,asg_0184,stu_0208,92,2026-11-01 18:39:58
grd_3968,asg_0184,stu_0443,78,2026-11-10 08:01:03
grd_3969,asg_0184,stu_0022,93,2026-11-09 12:40:20
grd_3970,asg_0184,stu_0581,93,2026-11-08 23:24:45
grd_3971,asg_0184,stu_0484,56,2026-11-03 08:40:17
grd_3972,asg_0184,stu_1215,67,2026-11-09 07:55:51
grd_3973,asg_0184,stu_0694,67,2026-11-04 16:40:03
grd_3974,asg_0184,stu_1214,82,2026-11-07 19:56:53
grd_3975,asg_0184,stu_1005,66,2026-11-06 22:52:20
grd_3976,asg_0185,stu_0558,131,2026-11-15 10:16:14
grd_3977,asg_0185,stu_0912,142,2026-11-20 13:39:44
grd_3978,asg_0185,stu_0100,118,2026-11-13 03:55:58
grd_3979,asg_0185,stu_0167,97,2026-11-17 09:04:46
grd_3980,asg_0185,stu_1282,108,2026-11-20 03:50:09
grd_3981,asg_0185,stu_0509,105,2026-11-22 13:36:31
grd_3982,asg_0185,stu_0022,85,2026-11-17 07:22:49
grd_3983,asg_0185,stu_0581,119,2026-11-13 05:41:41
grd_3984,asg_0185,stu_0889,98,2026-11-19 12:33:08
grd_3985,asg_0185,stu_0484,116,2026-11-19 12:36:48
grd_3986,asg_0185,stu_1215,114,2026-11-21 07:04:12
grd_3987,asg_0185,stu_0951,141,2026-11-13 02:30:44
grd_3988,asg_0185,stu_0694,93,2026-11-15 11:16:09
grd_3989,asg_0185,stu_1346,131,2026-11-21 11:32:56
grd_3990,asg_0185,stu_0908,114,2026-11-16 13:06:30
grd_3991,asg_0185,stu_0300,126,2026-11-20 06:07:36
grd_3992,asg_0185,stu_1005,119,2026-11-15 15:38:38
grd_3993,asg_0186,stu_0225,63,2026-12-12 08:06:42
grd_3994,asg_0186,stu_0558,85,2026-12-11 17:33:15
grd_3995,asg_0186,stu_0100,57,2026-12-08 16:31:50
grd_3996,asg_0186,stu_0167,69,2026-12-02 01:54:20
grd_3997,asg_0186,stu_1282,63,2026-12-04 00:19:03
grd_3998,asg_0186,stu_1085,87,2026-12-08 16:36:23
grd_3999,asg_0186,stu_0509,94,2026-12-03 21:15:59
grd_4000,asg_0186,stu_0208,65,2026-12-13 07:53:03
grd_4001,asg_0186,stu_0443,89,2026-12-09 08:47:41
grd_4002,asg_0186,stu_0022,57,2026-12-06 00:01:04
grd_4003,asg_0186,stu_0581,89,2026-12-06 18:16:55
grd_4004,asg_0186,stu_1215,97,2026-12-05 02:00:02
grd_4005,asg_0186,stu_0951,84,2026-12-16 06:24:56
grd_4006,asg_0186,stu_0694,95,2026-12-07 10:07:33
grd_4007,asg_0186,stu_1346,56,2026-12-07 21:02:46
grd_4008,asg_0186,stu_0908,92,2026-12-08 12:03:35
grd_4009,asg_0186,stu_1214,61,2026-12-11 06:01:31
grd_4010,asg_0186,stu_0300,91,2026-12-08 12:41:25
grd_4011,asg_0186,stu_0948,62,2026-12-11 21:27:45
grd_4012,asg_0187,stu_0963,134,2026-09-30 16:47:31
grd_4013,asg_0187,stu_1197,114,2026-10-10 15:51:23
grd_4014,asg_0187,stu_0618,128,2026-10-07 17:33:13
grd_4015,asg_0187,stu_0052,155,2026-09-29 13:20:56
grd_4016,asg_0187,stu_0441,129,2026-10-01 10:10:13
grd_4017,asg_0187,stu_1195,193,2026-10-02 08:49:40
grd_4018,asg_0187,stu_1169,191,2026-09-29 11:57:28
grd_4019,asg_0187,stu_0767,155,2026-09-27 10:37:07
grd_4020,asg_0187,stu_0791,159,2026-09-28 15:18:59
grd_4021,asg_0187,stu_0287,177,2026-10-05 21:42:09
grd_4022,asg_0187,stu_1297,143,2026-09-27 14:09:05
grd_4023,asg_0187,stu_0739,110,2026-10-03 12:42:17
grd_4024,asg_0187,stu_0548,174,2026-10-04 06:05:01
grd_4025,asg_0187,stu_1178,170,2026-10-01 19:43:51
grd_4026,asg_0187,stu_0927,157,2026-10-01 02:13:16
grd_4027,asg_0187,stu_0383,130,2026-10-01 00:26:58
grd_4028,asg_0187,stu_0122,133,2026-10-10 10:00:55
grd_4029,asg_0187,stu_1103,173,2026-10-04 06:21:49
grd_4030,asg_0187,stu_0951,124,2026-10-09 02:40:05
grd_4031,asg_0188,stu_0963,37,2026-10-10 21:22:43
grd_4032,asg_0188,stu_1197,30,2026-10-10 19:53:18
grd_4033,asg_0188,stu_0618,45,2026-10-08 15:17:37
grd_4034,asg_0188,stu_0160,43,2026-10-11 18:50:57
grd_4035,asg_0188,stu_0441,43,2026-10-03 18:43:38
grd_4036,asg_0188,stu_1195,39,2026-10-09 17:12:48
grd_4037,asg_0188,stu_1169,42,2026-10-07 18:14:09
grd_4038,asg_0188,stu_0767,46,2026-10-06 17:41:40
grd_4039,asg_0188,stu_0791,37,2026-10-12 18:58:59
grd_4040,asg_0188,stu_0287,31,2026-10-11 17:05:24
grd_4041,asg_0188,stu_1297,35,2026-10-07 17:05:29
grd_4042,asg_0188,stu_0739,38,2026-10-07 21:28:23
grd_4043,asg_0188,stu_0548,48,2026-10-05 13:20:05
grd_4044,asg_0188,stu_1178,29,2026-10-08 09:18:16
grd_4045,asg_0188,stu_0383,46,2026-10-03 13:08:33
grd_4046,asg_0188,stu_0122,46,2026-10-05 17:46:55
grd_4047,asg_0188,stu_1103,45,2026-10-11 11:08:11
grd_4048,asg_0188,stu_0951,44,2026-10-11 18:48:47
grd_4049,asg_0189,stu_0963,38,2026-10-29 02:37:03
grd_4050,asg_0189,stu_1197,41,2026-10-26 04:52:16
grd_4051,asg_0189,stu_1195,43,2026-10-24 08:51:29
grd_4052,asg_0189,stu_1169,47,2026-11-01 09:18:50
grd_4053,asg_0189,stu_0767,32,2026-10-28 21:48:26
grd_4054,asg_0189,stu_1324,45,2026-10-30 07:32:10
grd_4055,asg_0189,stu_0791,39,2026-10-27 23:45:23
grd_4056,asg_0189,stu_0287,41,2026-10-22 06:21:00
grd_4057,asg_0189,stu_1297,44,2026-10-23 19:20:54
grd_4058,asg_0189,stu_0739,40,2026-10-29 13:46:59
grd_4059,asg_0189,stu_1178,33,2026-10-21 23:25:29
grd_4060,asg_0189,stu_0927,38,2026-10-23 18:21:32
grd_4061,asg_0189,stu_0383,35,2026-10-28 00:21:34
grd_4062,asg_0189,stu_0122,45,2026-10-25 16:08:43
grd_4063,asg_0189,stu_1103,32,2026-10-23 21:45:05
grd_4064,asg_0190,stu_0963,71,2026-11-05 17:45:49
grd_4065,asg_0190,stu_1197,69,2026-11-11 21:11:24
grd_4066,asg_0190,stu_0618,57,2026-11-03 12:54:30
grd_4067,asg_0190,stu_0052,76,2026-11-14 07:49:53
grd_4068,asg_0190,stu_0160,70,2026-11-09 15:45:50
grd_4069,asg_0190,stu_0441,61,2026-11-06 16:24:26
grd_4070,asg_0190,stu_1169,93,2026-11-06 15:05:06
grd_4071,asg_0190,stu_1324,82,2026-11-02 23:10:29
grd_4072,asg_0190,stu_0287,88,2026-11-09 07:17:59
grd_4073,asg_0190,stu_0739,56,2026-11-08 06:18:26
grd_4074,asg_0190,stu_0548,74,2026-11-06 21:46:45
grd_4075,asg_0190,stu_1178,93,2026-11-10 18:30:56
grd_4076,asg_0190,stu_0383,62,2026-11-12 05:05:36
grd_4077,asg_0190,stu_0122,59,2026-11-13 12:35:31
grd_4078,asg_0190,stu_0951,68,2026-11-06 01:03:10
grd_4079,asg_0190,stu_0836,90,2026-11-06 05:37:42
grd_4080,asg_0191,stu_0963,177,2026-11-21 17:14:12
grd_4081,asg_0191,stu_1197,161,2026-11-22 08:44:51
grd_4082,asg_0191,stu_0052,123,2026-11-13 19:08:06
grd_4083,asg_0191,stu_0441,116,2026-11-18 12:24:33
grd_4084,asg_0191,stu_1195,128,2026-11-18 12:48:00
grd_4085,asg_0191,stu_1169,170,2026-11-20 06:12:43
grd_4086,asg_0191,stu_0767,147,2026-11-22 23:53:41
grd_4087,asg_0191,stu_0791,146,2026-11-24 03:26:04
grd_4088,asg_0191,stu_0287,184,2026-11-22 05:21:31
grd_4089,asg_0191,stu_0739,123,2026-11-22 05:22:37
grd_4090,asg_0191,stu_0548,164,2026-11-14 11:22:26
grd_4091,asg_0191,stu_0927,135,2026-11-14 18:28:54
grd_4092,asg_0191,stu_0122,164,2026-11-23 20:29:08
grd_4093,asg_0191,stu_1103,118,2026-11-20 11:56:30
grd_4094,asg_0191,stu_0951,159,2026-11-23 07:02:01
grd_4095,asg_0191,stu_0836,121,2026-11-20 10:24:13
grd_4096,asg_0192,stu_1197,111,2026-12-12 20:40:54
grd_4097,asg_0192,stu_0618,120,2026-12-09 16:47:28
grd_4098,asg_0192,stu_0052,110,2026-12-11 13:40:31
grd_4099,asg_0192,stu_1195,102,2026-12-12 07:49:47
grd_4100,asg_0192,stu_1169,136,2026-12-10 15:09:02
grd_4101,asg_0192,stu_0767,98,2026-12-09 06:26:41
grd_4102,asg_0192,stu_1324,123,2026-12-11 01:42:24
grd_4103,asg_0192,stu_0791,110,2026-12-08 17:23:05
grd_4104,asg_0192,stu_0287,117,2026-12-12 08:17:03
grd_4105,asg_0192,stu_1297,141,2026-12-10 18:42:25
grd_4106,asg_0192,stu_0739,137,2026-12-11 00:28:35
grd_4107,asg_0192,stu_0548,93,2026-12-10 15:37:57
grd_4108,asg_0192,stu_1178,99,2026-12-09 23:02:20
grd_4109,asg_0192,stu_0927,108,2026-12-13 04:04:14
grd_4110,asg_0192,stu_0383,89,2026-12-12 12:47:02
grd_4111,asg_0192,stu_0122,131,2026-12-10 12:45:14
grd_4112,asg_0192,stu_1103,97,2026-12-09 15:31:39
grd_4113,asg_0192,stu_0836,106,2026-12-14 21:37:18
grd_4114,asg_0193,stu_0383,73,2026-09-27 09:04:53
grd_4115,asg_0193,stu_0847,82,2026-09-24 18:50:30
grd_4116,asg_0193,stu_0660,74,2026-09-24 17:14:56
grd_4117,asg_0193,stu_1310,95,2026-09-29 18:27:53
grd_4118,asg_0193,stu_0574,65,2026-09-20 12:25:23
grd_4119,asg_0193,stu_1142,60,2026-09-19 04:13:35
grd_4120,asg_0193,stu_1043,88,2026-09-21 12:59:50
grd_4121,asg_0193,stu_0412,57,2026-09-26 19:28:56
grd_4122,asg_0193,stu_0881,64,2026-09-29 18:14:59
grd_4123,asg_0193,stu_0806,88,2026-09-25 07:17:28
grd_4124,asg_0193,stu_0713,83,2026-09-23 11:07:09
grd_4125,asg_0193,stu_0379,73,2026-09-27 19:55:03
grd_4126,asg_0193,stu_1205,55,2026-09-28 02:18:06
grd_4127,asg_0193,stu_0196,81,2026-09-23 13:05:29
grd_4128,asg_0193,stu_1255,88,2026-09-26 16:28:21
grd_4129,asg_0193,stu_0458,90,2026-09-19 07:42:43
grd_4130,asg_0193,stu_0356,86,2026-09-20 22:20:38
grd_4131,asg_0193,stu_0647,84,2026-09-20 00:14:35
grd_4132,asg_0193,stu_1012,96,2026-09-28 07:18:11
grd_4133,asg_0193,stu_0855,63,2026-09-23 09:06:10
grd_4134,asg_0193,stu_0606,97,2026-09-25 17:12:55
grd_4135,asg_0193,stu_1148,69,2026-09-23 18:03:36
grd_4136,asg_0193,stu_1068,64,2026-09-25 04:13:11
grd_4137,asg_0193,stu_0075,79,2026-09-28 14:30:07
grd_4138,asg_0193,stu_1052,92,2026-09-28 04:58:59
grd_4139,asg_0194,stu_0643,129,2026-10-06 19:47:21
grd_4140,asg_0194,stu_0847,130,2026-10-11 18:01:01
grd_4141,asg_0194,stu_0660,117,2026-10-11 13:24:53
grd_4142,asg_0194,stu_0607,121,2026-10-16 12:33:17
grd_4143,asg_0194,stu_1310,114,2026-10-11 14:09:50
grd_4144,asg_0194,stu_0466,93,2026-10-07 09:21:50
grd_4145,asg_0194,stu_0162,117,2026-10-12 00:45:49
grd_4146,asg_0194,stu_0574,123,2026-10-14 12:03:55
grd_4147,asg_0194,stu_1142,105,2026-10-14 16:01:20
grd_4148,asg_0194,stu_0539,102,2026-10-17 06:58:51
grd_4149,asg_0194,stu_1082,86,2026-10-08 17:30:54
grd_4150,asg_0194,stu_1043,96,2026-10-09 18:55:08
grd_4151,asg_0194,stu_0623,104,2026-10-13 16:37:34
grd_4152,asg_0194,stu_0881,115,2026-10-15 06:53:45
grd_4153,asg_0194,stu_0713,130,2026-10-07 13:29:17
grd_4154,asg_0194,stu_1207,129,2026-10-19 09:03:28
grd_4155,asg_0194,stu_0779,85,2026-10-14 22:27:23
grd_4156,asg_0194,stu_1205,135,2026-10-14 09:12:07
grd_4157,asg_0194,stu_0835,136,2026-10-13 17:35:15
grd_4158,asg_0194,stu_1255,99,2026-10-09 21:28:26
grd_4159,asg_0194,stu_1221,139,2026-10-14 10:16:10
grd_4160,asg_0194,stu_0458,106,2026-10-07 21:48:15
grd_4161,asg_0194,stu_0356,90,2026-10-12 02:11:17
grd_4162,asg_0194,stu_0647,127,2026-10-18 01:45:40
grd_4163,asg_0194,stu_1075,134,2026-10-19 07:28:51
grd_4164,asg_0194,stu_0010,123,2026-10-09 11:45:39
grd_4165,asg_0194,stu_0739,137,2026-10-11 05:14:05
grd_4166,asg_0194,stu_0226,108,2026-10-14 03:47:51
grd_4167,asg_0194,stu_1012,131,2026-10-12 16:50:10
grd_4168,asg_0194,stu_0855,138,2026-10-15 00:03:31
grd_4169,asg_0194,stu_0606,84,2026-10-12 20:25:57
grd_4170,asg_0194,stu_0933,117,2026-10-14 18:33:38
grd_4171,asg_0194,stu_1148,112,2026-10-15 08:44:17
grd_4172,asg_0194,stu_1068,92,2026-10-18 01:21:35
grd_4173,asg_0194,stu_1052,99,2026-10-19 03:28:06
grd_4174,asg_0195,stu_0643,56,2026-10-29 04:59:05
grd_4175,asg_0195,stu_0383,61,2026-10-22 23:39:25
grd_4176,asg_0195,stu_0847,70,2026-10-28 23:29:33
grd_4177,asg_0195,stu_0607,66,2026-10-27 05:45:57
grd_4178,asg_0195,stu_1310,91,2026-11-02 09:47:56
grd_4179,asg_0195,stu_0466,71,2026-11-03 22:19:17
grd_4180,asg_0195,stu_0162,83,2026-11-02 13:38:06
grd_4181,asg_0195,stu_0574,89,2026-10-24 15:16:19
grd_4182,asg_0195,stu_1142,76,2026-11-02 05:59:44
grd_4183,asg_0195,stu_0539,62,2026-11-01 05:56:56
grd_4184,asg_0195,stu_1082,88,2026-10-21 21:36:19
grd_4185,asg_0195,stu_0890,96,2026-11-01 12:24:22
grd_4186,asg_0195,stu_1043,65,2026-10-25 23:40:33
grd_4187,asg_0195,stu_0412,96,2026-10-24 21:42:07
grd_4188,asg_0195,stu_0623,70,2026-11-03 15:19:22
grd_4189,asg_0195,stu_0881,67,2026-10-25 09:57:54
grd_4190,asg_0195,stu_0806,94,2026-11-02 23:48:34
grd_4191,asg_0195,stu_0780,96,2026-10-28 02:31:35
grd_4192,asg_0195,stu_0713,59,2026-10-30 02:14:31
grd_4193,asg_0195,stu_0379,95,2026-10-29 02:43:19
grd_4194,asg_0195,stu_1207,71,2026-10-31 02:52:44
grd_4195,asg_0195,stu_0779,91,2026-10-25 19:46:23
grd_4196,asg_0195,stu_1205,71,2026-10-25 16:52:49
grd_4197,asg_0195,stu_0835,79,2026-11-03 10:00:02
grd_4198,asg_0195,stu_0196,92,2026-10-28 12:28:19
grd_4199,asg_0195,stu_1133,81,2026-10-27 04:24:58
grd_4200,asg_0195,stu_0458,94,2026-10-21 16:15:55
grd_4201,asg_0195,stu_0356,63,2026-10-30 21:51:59
grd_4202,asg_0195,stu_0647,77,2026-10-27 11:32:18
grd_4203,asg_0195,stu_0010,84,2026-10-28 13:18:19
grd_4204,asg_0195,stu_0739,79,2026-10-29 04:11:27
grd_4205,asg_0195,stu_0226,95,2026-10-27 04:27:39
grd_4206,asg_0195,stu_1012,81,2026-10-25 06:59:20
grd_4207,asg_0195,stu_0933,76,2026-10-25 03:48:39
grd_4208,asg_0195,stu_1148,69,2026-10-28 07:09:09
grd_4209,asg_0195,stu_1068,63,2026-10-26 09:16:55
grd_4210,asg_0195,stu_0075,80,2026-10-29 03:24:47
grd_4211,asg_0195,stu_1287,70,2026-11-03 14:10:04
grd_4212,asg_0195,stu_1052,81,2026-10-26 16:14:26
grd_4213,asg_0196,stu_0643,37,2026-11-15 12:31:49
grd_4214,asg_0196,stu_0383,33,2026-11-07 06:37:56
grd_4215,asg_0196,stu_0847,35,2026-11-15 07:45:19
grd_4216,asg_0196,stu_0660,32,2026-11-06 02:49:11
grd_4217,asg_0196,stu_0607,39,2026-11-11 12:31:45
grd_4218,asg_0196,stu_1310,39,2026-11-11 23:29:01
grd_4219,asg_0196,stu_0466,44,2026-11-15 16:33:53
grd_4220,asg_0196,stu_0162,45,2026-11-10 11:13:26
grd_4221,asg_0196,stu_0574,30,2026-11-05 23:17:43
grd_4222,asg_0196,stu_1142,32,2026-11-13 12:08:46
grd_4223,asg_0196,stu_0539,37,2026-11-09 08:54:59
grd_4224,asg_0196,stu_1082,34,2026-11-15 17:40:01
grd_4225,asg_0196,stu_0890,29,2026-11-13 01:45:59
grd_4226,asg_0196,stu_1043,44,2026-11-14 03:27:23
grd_4227,asg_0196,stu_0412,48,2026-11-09 11:01:18
grd_4228,asg_0196,stu_0881,40,2026-11-15 16:01:02
grd_4229,asg_0196,stu_0806,32,2026-11-10 10:18:33
grd_4230,asg_0196,stu_0780,43,2026-11-12 16:28:55
grd_4231,asg_0196,stu_0713,33,2026-11-13 13:55:41
grd_4232,asg_0196,stu_0379,35,2026-11-17 07:30:00
grd_4233,asg_0196,stu_0779,30,2026-11-14 07:13:01
grd_4234,asg_0196,stu_1205,39,2026-11-15 18:36:54
grd_4235,asg_0196,stu_0835,39,2026-11-14 05:03:09
grd_4236,asg_0196,stu_0196,43,2026-11-07 21:12:34
grd_4237,asg_0196,stu_1133,37,2026-11-13 15:34:24
grd_4238,asg_0196,stu_1255,28,2026-11-10 18:07:44
grd_4239,asg_0196,stu_0458,31,2026-11-10 08:29:01
grd_4240,asg_0196,stu_0356,33,2026-11-17 18:00:56
grd_4241,asg_0196,stu_0647,47,2026-11-06 04:30:54
grd_4242,asg_0196,stu_1075,46,2026-11-06 04:45:06
grd_4243,asg_0196,stu_0010,42,2026-11-14 14:23:36
grd_4244,asg_0196,stu_0739,28,2026-11-12 22:25:37
grd_4245,asg_0196,stu_0226,36,2026-11-09 19:34:31
grd_4246,asg_0196,stu_1012,35,2026-11-11 08:18:08
grd_4247,asg_0196,stu_0855,47,2026-11-10 01:09:56
grd_4248,asg_0196,stu_0606,38,2026-11-13 05:26:00
grd_4249,asg_0196,stu_0933,39,2026-11-08 15:34:25
grd_4250,asg_0196,stu_1148,33,2026-11-11 21:48:24
grd_4251,asg_0196,stu_1068,42,2026-11-15 19:10:09
grd_4252,asg_0196,stu_0075,39,2026-11-15 20:20:30
grd_4253,asg_0196,stu_1287,33,2026-11-10 02:09:42
grd_4254,asg_0196,stu_1052,30,2026-11-05 03:25:32
grd_4255,asg_0197,stu_0643,125,2026-11-27 06:55:44
grd_4256,asg_0197,stu_0383,122,2026-11-30 10:06:09
grd_4257,asg_0197,stu_0660,137,2026-11-25 23:10:49
grd_4258,asg_0197,stu_0607,100,2026-12-06 13:18:21
grd_4259,asg_0197,stu_1310,98,2026-11-28 11:47:48
grd_4260,asg_0197,stu_0466,122,2026-12-02 04:59:07
grd_4261,asg_0197,stu_0162,95,2026-12-03 08:28:41
grd_4262,asg_0197,stu_0574,142,2026-12-05 21:01:59
grd_4263,asg_0197,stu_1142,85,2026-12-01 21:42:19
grd_4264,asg_0197,stu_0539,106,2026-12-02 10:56:16
grd_4265,asg_0197,stu_1082,120,2026-12-01 03:19:49
grd_4266,asg_0197,stu_0890,96,2026-12-03 17:03:43
grd_4267,asg_0197,stu_1043,131,2026-11-27 16:36:34
grd_4268,asg_0197,stu_0412,139,2026-11-29 04:15:10
grd_4269,asg_0197,stu_0623,121,2026-11-25 10:13:25
grd_4270,asg_0197,stu_0881,138,2026-12-01 18:07:26
grd_4271,asg_0197,stu_0806,116,2026-11-22 15:03:14
grd_4272,asg_0197,stu_0780,141,2026-12-04 21:49:14
grd_4273,asg_0197,stu_0379,139,2026-11-26 19:44:56
grd_4274,asg_0197,stu_1207,137,2026-12-07 08:14:39
grd_4275,asg_0197,stu_0779,87,2026-12-04 09:00:18
grd_4276,asg_0197,stu_1205,87,2026-11-22 20:58:38
grd_4277,asg_0197,stu_0835,83,2026-11-22 21:33:51
grd_4278,asg_0197,stu_0196,131,2026-12-01 19:56:00
grd_4279,asg_0197,stu_1255,96,2026-11-29 07:46:44
grd_4280,asg_0197,stu_1221,84,2026-11-27 03:11:28
grd_4281,asg_0197,stu_0458,140,2026-11-28 15:35:24
grd_4282,asg_0197,stu_0356,104,2026-12-01 19:46:52
grd_4283,asg_0197,stu_1075,85,2026-12-04 13:24:51
grd_4284,asg_0197,stu_0739,90,2026-11-26 15:38:07
grd_4285,asg_0197,stu_0226,83,2026-12-02 11:57:16
grd_4286,asg_0197,stu_1012,137,2026-11-23 09:58:14
grd_4287,asg_0197,stu_0855,103,2026-11-27 01:35:58
grd_4288,asg_0197,stu_0606,91,2026-11-30 05:55:33
grd_4289,asg_0197,stu_1148,139,2026-12-04 15:44:42
grd_4290,asg_0197,stu_1068,132,2026-11-29 20:47:01
grd_4291,asg_0197,stu_0075,131,2026-11-26 15:39:29
grd_4292,asg_0197,stu_1287,96,2026-11-28 12:07:04
grd_4293,asg_0197,stu_1052,115,2026-11-29 13:54:32
grd_4294,asg_0198,stu_0643,138,2026-12-15 08:40:13
grd_4295,asg_0198,stu_0383,116,2026-12-14 09:39:23
grd_4296,asg_0198,stu_0847,124,2026-12-14 14:36:17
grd_4297,asg_0198,stu_0660,128,2026-12-12 09:45:29
grd_4298,asg_0198,stu_0607,112,2026-12-06 19:15:43
grd_4299,asg_0198,stu_1310,85,2026-12-12 17:27:52
grd_4300,asg_0198,stu_0466,126,2026-12-09 18:06:44
grd_4301,asg_0198,stu_0574,104,2026-12-16 10:15:18
grd_4302,asg_0198,stu_1142,139,2026-12-16 11:13:34
grd_4303,asg_0198,stu_0539,99,2026-12-19 08:37:19
grd_4304,asg_0198,stu_1082,84,2026-12-15 20:49:38
grd_4305,asg_0198,stu_0412,107,2026-12-12 13:40:13
grd_4306,asg_0198,stu_0623,89,2026-12-14 11:42:42
grd_4307,asg_0198,stu_0806,101,2026-12-11 06:02:45
grd_4308,asg_0198,stu_0780,123,2026-12-10 22:15:52
grd_4309,asg_0198,stu_0713,140,2026-12-13 05:37:16
grd_4310,asg_0198,stu_0379,101,2026-12-08 16:42:17
grd_4311,asg_0198,stu_1207,107,2026-12-18 03:27:30
grd_4312,asg_0198,stu_0779,132,2026-12-12 09:51:48
grd_4313,asg_0198,stu_1205,104,2026-12-10 19:33:30
grd_4314,asg_0198,stu_1133,120,2026-12-09 18:03:50
grd_4315,asg_0198,stu_1255,138,2026-12-06 11:50:01
grd_4316,asg_0198,stu_0458,119,2026-12-12 21:46:13
grd_4317,asg_0198,stu_0647,103,2026-12-05 18:52:53
grd_4318,asg_0198,stu_1075,118,2026-12-08 23:42:58
grd_4319,asg_0198,stu_0010,101,2026-12-12 14:32:45
grd_4320,asg_0198,stu_0739,110,2026-12-10 05:00:01
grd_4321,asg_0198,stu_0226,98,2026-12-08 13:46:40
grd_4322,asg_0198,stu_1012,114,2026-12-12 19:22:13
grd_4323,asg_0198,stu_0855,84,2026-12-15 12:18:03
grd_4324,asg_0198,stu_0606,116,2026-12-11 18:00:13
grd_4325,asg_0198,stu_0933,123,2026-12-18 21:22:21
grd_4326,asg_0198,stu_1148,108,2026-12-09 17:48:27
grd_4327,asg_0198,stu_0075,142,2026-12-09 03:32:13
grd_4328,asg_0198,stu_1052,116,2026-12-12 23:16:09
grd_4329,asg_0199,stu_0301,122,2026-09-27 16:49:54
grd_4330,asg_0199,stu_0513,121,2026-09-23 20:54:07
grd_4331,asg_0199,stu_1136,86,2026-09-20 17:46:18
grd_4332,asg_0199,stu_0355,102,2026-09-28 09:30:07
grd_4333,asg_0199,stu_0860,131,2026-09-21 14:59:50
grd_4334,asg_0199,stu_0616,119,2026-09-25 09:58:11
grd_4335,asg_0199,stu_0392,91,2026-09-26 10:14:32
grd_4336,asg_0199,stu_0212,113,2026-09-21 15:54:18
grd_4337,asg_0199,stu_0739,120,2026-09-22 18:40:16
grd_4338,asg_0199,stu_0953,98,2026-09-22 11:24:21
grd_4339,asg_0199,stu_0029,118,2026-09-19 12:10:39
grd_4340,asg_0199,stu_0543,137,2026-09-26 14:10:12
grd_4341,asg_0199,stu_0914,135,2026-09-22 19:36:54
grd_4342,asg_0199,stu_0827,128,2026-09-22 18:35:24
grd_4343,asg_0199,stu_0296,126,2026-09-26 08:04:04
grd_4344,asg_0199,stu_1231,142,2026-09-24 09:36:14
grd_4345,asg_0199,stu_0578,133,2026-09-22 13:13:57
grd_4346,asg_0199,stu_1130,100,2026-09-22 19:38:18
grd_4347,asg_0199,stu_0732,124,2026-09-20 14:40:21
grd_4348,asg_0200,stu_0301,36,2026-10-12 06:11:36
grd_4349,asg_0200,stu_0513,37,2026-10-08 14:51:26
grd_4350,asg_0200,stu_0989,34,2026-10-11 01:46:53
grd_4351,asg_0200,stu_1136,37,2026-10-16 17:57:01
grd_4352,asg_0200,stu_0860,39,2026-10-08 20:32:20
grd_4353,asg_0200,stu_0348,41,2026-10-14 09:30:46
grd_4354,asg_0200,stu_0616,38,2026-10-12 15:45:20
grd_4355,asg_0200,stu_0392,36,2026-10-16 00:43:26
grd_4356,asg_0200,stu_0212,28,2026-10-11 05:02:58
grd_4357,asg_0200,stu_0739,47,2026-10-13 20:00:24
grd_4358,asg_0200,stu_0953,37,2026-10-14 18:47:24
grd_4359,asg_0200,stu_0574,46,2026-10-14 16:28:53
grd_4360,asg_0200,stu_0029,28,2026-10-05 05:07:02
grd_4361,asg_0200,stu_0543,41,2026-10-12 20:25:33
grd_4362,asg_0200,stu_0313,47,2026-10-12 19:18:20
grd_4363,asg_0200,stu_0914,43,2026-10-10 20:31:12
grd_4364,asg_0200,stu_0827,41,2026-10-10 09:16:56
grd_4365,asg_0200,stu_0296,33,2026-10-15 04:55:42
grd_4366,asg_0200,stu_1231,33,2026-10-18 00:32:05
grd_4367,asg_0200,stu_0578,28,2026-10-12 15:29:24
grd_4368,asg_0200,stu_0796,35,2026-10-14 03:13:29
grd_4369,asg_0200,stu_0808,35,2026-10-10 23:17:01
grd_4370,asg_0201,stu_0513,172,2026-10-17 11:45:21
grd_4371,asg_0201,stu_0989,188,2026-10-19 07:31:58
grd_4372,asg_0201,stu_1136,165,2026-10-23 06:48:06
grd_4373,asg_0201,stu_0860,171,2026-10-20 06:32:34
grd_4374,asg_0201,stu_0616,167,2026-10-19 16:08:27
grd_4375,asg_0201,stu_0392,164,2026-10-25 10:37:36
grd_4376,asg_0201,stu_0212,136,2026-10-23 15:20:31
grd_4377,asg_0201,stu_0739,127,2026-10-19 07:30:58
grd_4378,asg_0201,stu_0953,182,2026-10-17 06:14:23
grd_4379,asg_0201,stu_0029,118,2026-10-16 14:14:29
grd_4380,asg_0201,stu_0827,113,2026-10-23 09:24:01
grd_4381,asg_0201,stu_0296,176,2026-10-22 11:12:32
grd_4382,asg_0201,stu_1231,182,2026-10-25 06:30:34
grd_4383,asg_0201,stu_0796,113,2026-10-24 07:43:42
grd_4384,asg_0201,stu_0808,156,2026-10-24 09:25:03
grd_4385,asg_0202,stu_0301,62,2026-11-11 02:04:10
grd_4386,asg_0202,stu_0513,69,2026-11-12 05:43:14
grd_4387,asg_0202,stu_0989,62,2026-11-10 18:26:58
grd_4388,asg_0202,stu_1136,76,2026-11-15 10:38:14
grd_4389,asg_0202,stu_0860,62,2026-11-09 13:16:58
grd_4390,asg_0202,stu_0348,79,2026-11-11 05:00:27
grd_4391,asg_0202,stu_0616,66,2026-11-15 11:03:58
grd_4392,asg_0202,stu_0392,95,2026-11-08 00:42:08
grd_4393,asg_0202,stu_0953,80,2026-11-05 20:18:09
grd_4394,asg_0202,stu_0574,61,2026-11-12 18:26:28
grd_4395,asg_0202,stu_0029,88,2026-11-15 22:41:34
grd_4396,asg_0202,stu_0543,81,2026-11-08 16:53:14
grd_4397,asg_0202,stu_0313,89,2026-11-11 04:02:09
grd_4398,asg_0202,stu_0914,94,2026-11-09 09:25:52
grd_4399,asg_0202,stu_0827,58,2026-11-13 15:22:27
grd_4400,asg_0202,stu_1231,85,2026-11-08 03:42:54
grd_4401,asg_0202,stu_0578,56,2026-11-06 12:17:46
grd_4402,asg_0202,stu_1130,92,2026-11-13 15:46:00
grd_4403,asg_0202,stu_0732,67,2026-11-13 14:36:03
grd_4404,asg_0203,stu_0301,58,2026-11-16 14:44:29
grd_4405,asg_0203,stu_0989,91,2026-11-22 13:21:17
grd_4406,asg_0203,stu_0355,95,2026-11-19 19:08:06
grd_4407,asg_0203,stu_0860,71,2026-11-15 14:31:45
grd_4408,asg_0203,stu_0392,58,2026-11-23 20:17:40
grd_4409,asg_0203,stu_0212,62,2026-11-21 16:30:34
grd_4410,asg_0203,stu_0739,88,2026-11-21 12:05:38
grd_4411,asg_0203,stu_0953,76,2026-11-15 23:23:24
grd_4412,asg_0203,stu_0574,56,2026-11-15 16:48:35
grd_4413,asg_0203,stu_0029,80,2026-11-13 23:39:39
grd_4414,asg_0203,stu_0543,87,2026-11-22 22:05:36
grd_4415,asg_0203,stu_0914,66,2026-11-19 18:20:32
grd_4416,asg_0203,stu_1231,94,2026-11-18 15:53:47
grd_4417,asg_0203,stu_1130,86,2026-11-13 17:15:21
grd_4418,asg_0203,stu_0796,55,2026-11-19 12:33:45
grd_4419,asg_0203,stu_0732,68,2026-11-19 17:33:51
grd_4420,asg_0203,stu_1134,59,2026-11-18 12:33:54
grd_4421,asg_0203,stu_0808,90,2026-11-22 18:13:07
grd_4422,asg_0204,stu_0513,137,2026-12-16 06:10:58
grd_4423,asg_0204,stu_0989,113,2026-12-17 07:55:58
grd_4424,asg_0204,stu_1136,164,2026-12-13 16:40:48
grd_4425,asg_0204,stu_0355,132,2026-12-10 11:11:00
grd_4426,asg_0204,stu_0860,190,2026-12-07 23:26:56
grd_4427,asg_0204,stu_0616,133,2026-12-20 23:24:56
grd_4428,asg_0204,stu_0392,187,2026-12-10 20:46:09
grd_4429,asg_0204,stu_0212,166,2026-12-07 14:23:33
grd_4430,asg_0204,stu_0953,160,2026-12-14 12:06:53
grd_4431,asg_0204,stu_0574,174,2026-12-08 11:09:45
grd_4432,asg_0204,stu_0543,144,2026-12-10 21:55:29
grd_4433,asg_0204,stu_0313,168,2026-12-13 23:22:13
grd_4434,asg_0204,stu_0914,125,2026-12-19 12:45:51
grd_4435,asg_0204,stu_0827,129,2026-12-15 15:58:45
grd_4436,asg_0204,stu_1231,146,2026-12-08 00:32:19
grd_4437,asg_0204,stu_0796,169,2026-12-19 08:50:31
grd_4438,asg_0204,stu_0732,145,2026-12-13 08:37:35
grd_4439,asg_0204,stu_1134,111,2026-12-14 08:11:06
grd_4440,asg_0205,stu_0450,124,2026-09-27 23:13:33
grd_4441,asg_0205,stu_0229,127,2026-09-26 16:47:09
grd_4442,asg_0205,stu_0788,87,2026-09-24 20:48:44
grd_4443,asg_0205,stu_1084,91,2026-09-18 23:37:28
grd_4444,asg_0205,stu_0133,94,2026-09-27 11:41:06
grd_4445,asg_0205,stu_1035,104,2026-09-21 11:15:22
grd_4446,asg_0205,stu_1115,108,2026-09-23 19:56:43
grd_4447,asg_0205,stu_0687,105,2026-09-21 16:49:46
grd_4448,asg_0205,stu_0670,119,2026-09-18 18:11:53
grd_4449,asg_0205,stu_0714,105,2026-09-18 12:01:22
grd_4450,asg_0205,stu_1271,141,2026-09-21 17:49:07
grd_4451,asg_0205,stu_0285,87,2026-09-24 22:11:46
grd_4452,asg_0206,stu_0381,113,2026-10-09 08:07:49
grd_4453,asg_0206,stu_0229,92,2026-10-06 08:06:43
grd_4454,asg_0206,stu_0788,98,2026-10-02 18:13:42
grd_4455,asg_0206,stu_1084,100,2026-10-03 08:23:20
grd_4456,asg_0206,stu_0133,133,2026-10-06 10:21:47
grd_4457,asg_0206,stu_1115,127,2026-10-10 12:39:09
grd_4458,asg_0206,stu_0440,126,2026-10-07 09:22:51
grd_4459,asg_0206,stu_1314,134,2026-10-03 07:22:54
grd_4460,asg_0206,stu_0670,104,2026-10-05 09:46:40
grd_4461,asg_0206,stu_1271,144,2026-10-08 19:35:21
grd_4462,asg_0207,stu_0450,41,2026-10-29 02:42:09
grd_4463,asg_0207,stu_0381,33,2026-10-31 17:42:10
grd_4464,asg_0207,stu_0229,28,2026-11-01 10:23:23
grd_4465,asg_0207,stu_0788,28,2026-10-24 23:23:07
grd_4466,asg_0207,stu_1084,48,2026-10-19 21:32:09
grd_4467,asg_0207,stu_0133,36,2026-10-24 12:00:37
grd_4468,asg_0207,stu_1035,39,2026-10-22 16:10:44
grd_4469,asg_0207,stu_1115,46,2026-10-29 01:31:34
grd_4470,asg_0207,stu_0440,43,2026-10-24 07:15:43
grd_4471,asg_0207,stu_0687,40,2026-10-25 22:58:40
grd_4472,asg_0207,stu_0670,48,2026-10-29 15:11:04
grd_4473,asg_0207,stu_0714,30,2026-10-30 15:03:55
grd_4474,asg_0207,stu_1271,35,2026-10-22 06:37:40
grd_4475,asg_0207,stu_0285,47,2026-10-30 19:18:34
grd_4476,asg_0207,stu_0619,28,2026-10-22 23:50:40
grd_4477,asg_0208,stu_0381,71,2026-11-11 13:10:07
grd_4478,asg_0208,stu_0229,94,2026-11-15 20:29:10
grd_4479,asg_0208,stu_0788,60,2026-11-11 14:44:29
grd_4480,asg_0208,stu_1084,78,2026-11-06 12:58:28
grd_4481,asg_0208,stu_0133,95,2026-11-09 15:20:04
grd_4482,asg_0208,stu_1115,95,2026-11-17 06:42:01
grd_4483,asg_0208,stu_1314,70,2026-11-05 11:52:02
grd_4484,asg_0208,stu_0670,80,2026-11-11 07:17:41
grd_4485,asg_0208,stu_0714,83,2026-11-08 07:02:41
grd_4486,asg_0208,stu_0623,82,2026-11-20 14:22:16
grd_4487,asg_0208,stu_0285,78,2026-11-12 03:19:45
grd_4488,asg_0208,stu_0148,97,2026-11-19 02:06:26
grd_4489,asg_0208,stu_0619,76,2026-11-15 22:12:32
grd_4490,asg_0209,stu_0450,59,2026-11-29 16:58:15
grd_4491,asg_0209,stu_0381,97,2026-12-04 20:42:37
grd_4492,asg_0209,stu_0229,79,2026-11-30 20:43:28
grd_4493,asg_0209,stu_0788,63,2026-11-30 20:17:13
grd_4494,asg_0209,stu_1084,89,2026-11-30 06:57:34
grd_4495,asg_0209,stu_0133,79,2026-11-29 18:30:07
grd_4496,asg_0209,stu_1035,91,2026-11-25 09:36:09
grd_4497,asg_0209,stu_1115,73,2026-11-27 00:42:45
grd_4498,asg_0209,stu_0440,69,2026-11-28 23:15:17
grd_4499,asg_0209,stu_1314,66,2026-11-30 23:23:45
grd_4500,asg_0209,stu_0687,74,2026-12-01 07:35:07
grd_4501,asg_0209,stu_0670,86,2026-12-01 20:09:08
grd_4502,asg_0209,stu_0714,69,2026-11-28 16:05:16
grd_4503,asg_0209,stu_0623,91,2026-11-21 12:33:32
grd_4504,asg_0209,stu_0285,84,2026-12-01 01:51:17
grd_4505,asg_0209,stu_0148,79,2026-12-01 13:27:06
grd_4506,asg_0209,stu_0619,85,2026-11-22 20:23:36
grd_4507,asg_0210,stu_0381,70,2026-12-13 16:42:24
grd_4508,asg_0210,stu_0229,56,2026-12-06 02:46:38
grd_4509,asg_0210,stu_0788,73,2026-12-14 19:05:14
grd_4510,asg_0210,stu_0133,60,2026-12-13 11:02:21
grd_4511,asg_0210,stu_1035,73,2026-12-07 02:43:31
grd_4512,asg_0210,stu_1314,61,2026-12-07 06:06:24
grd_4513,asg_0210,stu_0687,74,2026-12-11 22:27:11
grd_4514,asg_0210,stu_0670,57,2026-12-09 10:41:03
grd_4515,asg_0210,stu_0714,65,2026-12-14 18:02:17
grd_4516,asg_0210,stu_0623,65,2026-12-12 05:47:09
grd_4517,asg_0210,stu_1271,65,2026-12-09 02:01:04
grd_4518,asg_0210,stu_0148,94,2026-12-08 00:48:44
grd_4519,asg_0210,stu_0619,58,2026-12-08 04:27:45
grd_4520,asg_0211,stu_0754,88,2026-10-04 10:44:21
grd_4521,asg_0211,stu_0748,114,2026-09-30 11:49:08
grd_4522,asg_0211,stu_1394,108,2026-09-29 09:11:32
grd_4523,asg_0211,stu_0466,119,2026-10-02 17:47:57
grd_4524,asg_0211,stu_0411,98,2026-10-03 12:31:51
grd_4525,asg_0211,stu_0928,106,2026-10-02 14:06:18
grd_4526,asg_0211,stu_0130,86,2026-10-05 19:14:01
grd_4527,asg_0211,stu_0876,110,2026-09-26 05:44:48
grd_4528,asg_0211,stu_1226,117,2026-09-28 13:31:59
grd_4529,asg_0211,stu_0728,99,2026-10-02 08:42:49
grd_4530,asg_0211,stu_0014,138,2026-09-27 05:18:48
grd_4531,asg_0211,stu_1222,119,2026-10-03 04:07:00
grd_4532,asg_0211,stu_0028,93,2026-10-02 07:16:15
grd_4533,asg_0211,stu_0334,107,2026-10-03 17:46:41
grd_4534,asg_0211,stu_1218,86,2026-10-04 17:26:20
grd_4535,asg_0211,stu_0192,103,2026-10-04 23:09:26
grd_4536,asg_0212,stu_0608,78,2026-10-02 08:33:50
grd_4537,asg_0212,stu_1394,68,2026-10-03 13:19:53
grd_4538,asg_0212,stu_0466,87,2026-10-07 14:34:16
grd_4539,asg_0212,stu_0411,88,2026-10-09 04:26:21
grd_4540,asg_0212,stu_0928,83,2026-10-08 15:34:42
grd_4541,asg_0212,stu_0876,91,2026-10-07 10:50:40
grd_4542,asg_0212,stu_1226,76,2026-10-12 14:53:47
grd_4543,asg_0212,stu_0625,90,2026-10-11 13:34:35
grd_4544,asg_0212,stu_0988,78,2026-10-06 07:20:36
grd_4545,asg_0212,stu_1222,79,2026-10-07 15:52:06
grd_4546,asg_0212,stu_0334,70,2026-10-07 14:44:48
grd_4547,asg_0212,stu_0658,96,2026-10-04 21:08:33
grd_4548,asg_0212,stu_0192,96,2026-10-05 06:03:59
grd_4549,asg_0213,stu_0754,134,2026-10-26 17:06:15
grd_4550,asg_0213,stu_0617,116,2026-10-26 01:23:52
grd_4551,asg_0213,stu_0608,185,2026-10-23 03:17:40
grd_4552,asg_0213,stu_0914,116,2026-10-31 16:33:06
grd_4553,asg_0213,stu_0748,130,2026-10-28 05:49:15
grd_4554,asg_0213,stu_1394,185,2026-10-28 07:33:51
grd_4555,asg_0213,stu_0466,181,2026-11-03 20:49:01
grd_4556,asg_0213,stu_0411,150,2026-10-27 17:34:01
grd_4557,asg_0213,stu_0928,132,2026-11-05 17:16:56
grd_4558,asg_0213,stu_0130,157,2026-10-29 22:58:34
grd_4559,asg_0213,stu_1226,184,2026-10-29 14:38:51
grd_4560,asg_0213,stu_0728,152,2026-11-01 12:17:56
grd_4561,asg_0213,stu_0014,155,2026-10-25 19:53:01
grd_4562,asg_0213,stu_0988,178,2026-10-26 00:25:38
grd_4563,asg_0213,stu_1222,133,2026-11-04 15:23:19
grd_4564,asg_0213,stu_0028,163,2026-10-29 13:35:55
grd_4565,asg_0213,stu_0658,168,2026-11-01 13:18:42
grd_4566,asg_0213,stu_1218,160,2026-10-30 13:53:03
grd_4567,asg_0214,stu_0754,33,2026-11-08 09:37:40
grd_4568,asg_0214,stu_0608,38,2026-11-10 17:44:40
grd_4569,asg_0214,stu_0748,45,2026-11-14 14:22:38
grd_4570,asg_0214,stu_0411,31,2026-11-04 18:40:35
grd_4571,asg_0214,stu_0876,31,2026-11-12 08:21:29
grd_4572,asg_0214,stu_1226,38,2026-11-13 14:03:15
grd_4573,asg_0214,stu_0728,39,2026-11-07 22:45:01
grd_4574,asg_0214,stu_0014,42,2026-10-31 19:00:00
grd_4575,asg_0214,stu_0625,29,2026-11-03 17:20:44
grd_4576,asg_0214,stu_0988,29,2026-11-15 07:50:05
grd_4577,asg_0214,stu_1222,41,2026-11-04 16:40:04
grd_4578,asg_0214,stu_1218,41,2026-11-05 10:44:54
grd_4579,asg_0214,stu_0192,45,2026-11-06 21:51:20
grd_4580,asg_0215,stu_0754,134,2026-11-29 15:40:04
grd_4581,asg_0215,stu_0617,137,2026-11-20 17:14:30
grd_4582,asg_0215,stu_0748,190,2026-11-26 23:48:32
grd_4583,asg_0215,stu_1394,182,2026-11-27 18:27:19
grd_4584,asg_0215,stu_0466,156,2026-12-06 06:52:27
grd_4585,asg_0215,stu_0411,129,2026-12-02 14:30:01
grd_4586,asg_0215,stu_0928,188,2026-11-29 08:25:13
grd_4587,asg_0215,stu_0130,115,2026-12-01 17:59:26
grd_4588,asg_0215,stu_0876,167,2026-11-25 16:36:27
grd_4589,asg_0215,stu_1226,136,2026-12-03 09:26:05
grd_4590,asg_0215,stu_0728,163,2026-11-27 17:11:30
grd_4591,asg_0215,stu_0014,174,2026-11-18 23:00:00
grd_4592,asg_0215,stu_0625,137,2026-12-01 06:22:16
grd_4593,asg_0215,stu_0988,123,2026-12-05 14:49:48
grd_4594,asg_0215,stu_1222,115,2026-12-04 11:30:21
grd_4595,asg_0215,stu_0028,145,2026-11-29 06:59:48
grd_4596,asg_0215,stu_0334,135,2026-11-30 07:41:48
grd_4597,asg_0215,stu_0658,153,2026-11-29 16:12:24
grd_4598,asg_0215,stu_1218,138,2026-11-24 03:20:03
grd_4599,asg_0215,stu_0192,116,2026-11-25 01:54:46
grd_4600,asg_0216,stu_0754,81,2026-12-10 21:12:18
grd_4601,asg_0216,stu_0617,85,2026-12-10 13:30:06
grd_4602,asg_0216,stu_0608,84,2026-12-12 01:30:48
grd_4603,asg_0216,stu_0914,86,2026-12-08 06:10:08
grd_4604,asg_0216,stu_0466,61,2026-12-07 00:14:36
grd_4605,asg_0216,stu_0411,68,2026-12-04 05:44:09
grd_4606,asg_0216,stu_0130,71,2026-12-03 20:58:35
grd_4607,asg_0216,stu_0876,87,2026-12-02 07:00:11
grd_4608,asg_0216,stu_1226,83,2026-12-08 10:02:58
grd_4609,asg_0216,stu_0728,83,2026-12-08 11:44:36
grd_4610,asg_0216,stu_0014,73,2026-12-04 21:00:00
grd_4611,asg_0216,stu_0625,91,2026-12-07 00:06:23
grd_4612,asg_0216,stu_0988,65,2026-12-04 17:13:42
grd_4613,asg_0216,stu_0028,70,2026-12-03 14:08:18
grd_4614,asg_0216,stu_0334,85,2026-12-05 21:25:43
grd_4615,asg_0216,stu_0658,62,2026-12-10 12:20:51
grd_4616,asg_0216,stu_0192,95,2026-12-07 21:44:31
grd_4617,asg_0217,stu_1093,66,2026-10-01 19:21:19
grd_4618,asg_0217,stu_0706,93,2026-10-02 16:01:25
grd_4619,asg_0217,stu_0791,73,2026-10-01 01:49:53
grd_4620,asg_0217,stu_0177,57,2026-09-24 19:44:29
grd_4621,asg_0217,stu_0902,66,2026-09-30 19:53:43
grd_4622,asg_0217,stu_0178,69,2026-10-03 17:10:27
grd_4623,asg_0217,stu_1188,75,2026-09-26 14:32:55
grd_4624,asg_0217,stu_0705,69,2026-10-03 21:09:40
grd_4625,asg_0217,stu_0321,68,2026-10-07 11:39:32
grd_4626,asg_0217,stu_0270,64,2026-10-01 09:30:54
grd_4627,asg_0217,stu_0094,66,2026-09-27 04:30:29
grd_4628,asg_0217,stu_0964,62,2026-09-24 20:19:24
grd_4629,asg_0217,stu_0607,81,2026-09-25 12:28:42
grd_4630,asg_0217,stu_0613,75,2026-10-09 21:46:00
grd_4631,asg_0217,stu_0729,64,2026-10-09 18:48:04
grd_4632,asg_0217,stu_1259,77,2026-10-03 15:10:18
grd_4633,asg_0217,stu_0515,80,2026-10-01 23:51:58
grd_4634,asg_0217,stu_1197,56,2026-10-08 05:14:27
grd_4635,asg_0217,stu_0494,83,2026-09-27 01:07:19
grd_4636,asg_0217,stu_0328,61,2026-10-01 12:03:43
grd_4637,asg_0217,stu_0783,81,2026-10-07 17:38:20
grd_4638,asg_0217,stu_0266,89,2026-10-02 19:53:21
grd_4639,asg_0217,stu_0120,91,2026-09-30 06:21:41
grd_4640,asg_0217,stu_1091,83,2026-09-26 18:07:40
grd_4641,asg_0217,stu_0323,76,2026-10-05 23:57:17
grd_4642,asg_0217,stu_1191,79,2026-10-03 10:05:17
grd_4643,asg_0217,stu_1121,93,2026-10-04 09:42:08
grd_4644,asg_0217,stu_0200,84,2026-10-02 15:41:54
grd_4645,asg_0217,stu_0098,94,2026-10-07 22:37:31
grd_4646,asg_0217,stu_1029,83,2026-09-28 19:34:29
grd_4647,asg_0217,stu_1015,93,2026-10-04 05:40:05
grd_4648,asg_0217,stu_0456,60,2026-09-29 09:30:04
grd_4649,asg_0217,stu_0487,88,2026-09-24 19:19:47
grd_4650,asg_0217,stu_1115,74,2026-10-01 20:50:49
grd_4651,asg_0217,stu_0097,86,2026-09-24 06:08:05
grd_4652,asg_0217,stu_1168,94,2026-09-30 12:21:56
grd_4653,asg_0217,stu_1190,57,2026-10-06 09:50:53
grd_4654,asg_0217,stu_0703,58,2026-10-02 04:42:09
grd_4655,asg_0218,stu_1093,55,2026-10-10 15:37:55
grd_4656,asg_0218,stu_0791,73,2026-10-09 00:05:02
grd_4657,asg_0218,stu_0057,87,2026-10-11 14:36:45
grd_4658,asg_0218,stu_0178,91,2026-10-16 09:39:53
grd_4659,asg_0218,stu_0321,59,2026-10-13 18:58:31
grd_4660,asg_0218,stu_0270,79,2026-10-14 02:51:48
grd_4661,asg_0218,stu_0964,79,2026-10-12 22:37:55
grd_4662,asg_0218,stu_0607,92,2026-10-07 19:18:34
grd_4663,asg_0218,stu_1195,83,2026-10-10 18:38:04
grd_4664,asg_0218,stu_0613,83,2026-10-12 11:21:16
grd_4665,asg_0218,stu_0729,71,2026-10-13 09:44:00
grd_4666,asg_0218,stu_0537,68,2026-10-13 01:28:28
grd_4667,asg_0218,stu_0515,58,2026-10-14 23:44:37
grd_4668,asg_0218,stu_0328,88,2026-10-18 17:41:07
grd_4669,asg_0218,stu_0369,97,2026-10-10 09:35:16
grd_4670,asg_0218,stu_0266,76,2026-10-16 09:16:23
grd_4671,asg_0218,stu_1091,73,2026-10-10 04:55:04
grd_4672,asg_0218,stu_0323,92,2026-10-08 20:41:05
grd_4673,asg_0218,stu_1191,70,2026-10-11 01:26:41
grd_4674,asg_0218,stu_0200,92,2026-10-15 02:56:11
grd_4675,asg_0218,stu_0098,68,2026-10-18 21:04:43
grd_4676,asg_0218,stu_1018,63,2026-10-16 04:37:09
grd_4677,asg_0218,stu_0487,90,2026-10-07 11:57:36
grd_4678,asg_0218,stu_0213,87,2026-10-12 00:42:59
grd_4679,asg_0218,stu_1115,91,2026-10-15 17:02:47
grd_4680,asg_0218,stu_1168,91,2026-10-11 07:18:16
grd_4681,asg_0218,stu_1190,59,2026-10-12 00:04:19
grd_4682,asg_0218,stu_0703,91,2026-10-09 21:38:09
grd_4683,asg_0219,stu_0706,90,2026-10-20 14:16:10
grd_4684,asg_0219,stu_0177,94,2026-10-31 13:46:27
grd_4685,asg_0219,stu_0057,78,2026-10-25 08:13:46
grd_4686,asg_0219,stu_0902,78,2026-10-28 01:59:06
grd_4687,asg_0219,stu_0178,65,2026-10-29 07:46:19
grd_4688,asg_0219,stu_0321,60,2026-10-21 19:51:37
grd_4689,asg_0219,stu_0270,78,2026-10-27 13:18:12
grd_4690,asg_0219,stu_0094,90,2026-10-29 22:37:48
grd_4691,asg_0219,stu_1195,93,2026-10-22 05:44:10
grd_4692,asg_0219,stu_0613,76,2026-10-23 00:15:34
grd_4693,asg_0219,stu_0729,77,2026-10-22 07:00:25
grd_4694,asg_0219,stu_1259,62,2026-10-27 13:28:46
grd_4695,asg_0219,stu_0537,93,2026-10-20 06:04:15
grd_4696,asg_0219,stu_0515,89,2026-10-20 19:36:47
grd_4697,asg_0219,stu_1197,94,2026-10-28 13:39:58
grd_4698,asg_0219,stu_0494,80,2026-10-25 23:10:07
grd_4699,asg_0219,stu_0328,60,2026-10-28 14:56:19
grd_4700,asg_0219,stu_0783,65,2026-10-30 12:34:21
grd_4701,asg_0219,stu_0369,89,2026-10-24 03:35:11
grd_4702,asg_0219,stu_0120,77,2026-10-23 15:58:05
grd_4703,asg_0219,stu_1091,91,2026-10-25 19:19:50
grd_4704,asg_0219,stu_0323,90,2026-10-25 08:18:03
grd_4705,asg_0219,stu_1191,62,2026-10-22 16:13:49
grd_4706,asg_0219,stu_1121,77,2026-10-23 23:35:36
grd_4707,asg_0219,stu_0200,82,2026-10-25 19:04:12
grd_4708,asg_0219,stu_1029,91,2026-10-28 15:09:29
grd_4709,asg_0219,stu_1015,79,2026-10-30 02:13:41
grd_4710,asg_0219,stu_0456,93,2026-10-26 02:33:46
grd_4711,asg_0219,stu_0487,80,2026-10-31 06:12:49
grd_4712,asg_0219,stu_1115,66,2026-10-30 12:59:49
grd_4713,asg_0219,stu_1168,67,2026-10-28 06:27:36
grd_4714,asg_0219,stu_0703,65,2026-10-19 22:07:07
grd_4715,asg_0220,stu_0706,85,2026-11-04 09:36:55
grd_4716,asg_0220,stu_0177,66,2026-11-03 12:51:35
grd_4717,asg_0220,stu_0178,87,2026-11-07 09:31:43
grd_4718,asg_0220,stu_1188,71,2026-11-05 10:19:18
grd_4719,asg_0220,stu_0705,89,2026-11-09 11:04:49
grd_4720,asg_0220,stu_0321,79,2026-11-01 11:26:17
grd_4721,asg_0220,stu_0270,67,2026-11-05 07:24:41
grd_4722,asg_0220,stu_0094,69,2026-10-30 13:18:27
grd_4723,asg_0220,stu_0613,83,2026-10-30 05:02:07
grd_4724,asg_0220,stu_0729,75,2026-11-08 05:02:02
grd_4725,asg_0220,stu_1259,71,2026-11-09 10:59:40
grd_4726,asg_0220,stu_0537,57,2026-11-06 04:11:07
grd_4727,asg_0220,stu_0515,96,2026-11-05 08:35:01
grd_4728,asg_0220,stu_0494,89,2026-10-31 08:07:00
grd_4729,asg_0220,stu_0783,57,2026-11-06 13:43:44
grd_4730,asg_0220,stu_0369,74,2026-11-01 16:04:37
grd_4731,asg_0220,stu_0266,60,2026-10-31 10:53:47
grd_4732,asg_0220,stu_0120,60,2026-11-07 08:15:12
grd_4733,asg_0220,stu_1091,75,2026-10-30 13:19:23
grd_4734,asg_0220,stu_1121,86,2026-11-06 16:59:04
grd_4735,asg_0220,stu_1029,95,2026-10-30 11:41:53
grd_4736,asg_0220,stu_1018,87,2026-11-09 10:54:38
grd_4737,asg_0220,stu_1015,78,2026-11-01 08:15:21
grd_4738,asg_0220,stu_0487,65,2026-11-05 09:59:50
grd_4739,asg_0220,stu_0213,81,2026-11-03 12:42:08
grd_4740,asg_0220,stu_0097,83,2026-11-08 11:11:11
grd_4741,asg_0220,stu_1168,62,2026-10-31 15:25:24
grd_4742,asg_0220,stu_1190,96,2026-11-03 10:55:36
grd_4743,asg_0221,stu_0706,42,2026-11-25 23:35:38
grd_4744,asg_0221,stu_0791,36,2026-11-30 07:26:01
grd_4745,asg_0221,stu_0177,44,2026-11-27 09:36:06
grd_4746,asg_0221,stu_0057,48,2026-11-25 02:39:44
grd_4747,asg_0221,stu_0902,42,2026-11-29 10:25:44
grd_4748,asg_0221,stu_0178,32,2026-11-30 09:34:56
grd_4749,asg_0221,stu_0705,46,2026-11-23 16:55:53
grd_4750,asg_0221,stu_0321,46,2026-11-30 02:12:33
grd_4751,asg_0221,stu_0270,47,2026-12-03 15:27:25
grd_4752,asg_0221,stu_0964,41,2026-11-24 09:28:09
grd_4753,asg_0221,stu_0607,43,2026-11-21 06:10:43
grd_4754,asg_0221,stu_1195,30,2026-11-26 13:54:53
grd_4755,asg_0221,stu_0613,43,2026-11-30 22:45:56
grd_4756,asg_0221,stu_0729,40,2026-11-26 06:10:43
grd_4757,asg_0221,stu_1259,48,2026-11-24 07:34:11
grd_4758,asg_0221,stu_0537,43,2026-11-27 18:47:38
grd_4759,asg_0221,stu_0494,36,2026-12-01 06:01:35
grd_4760,asg_0221,stu_0328,41,2026-12-01 12:38:35
grd_4761,asg_0221,stu_0783,36,2026-12-03 09:15:36
grd_4762,asg_0221,stu_0369,35,2026-11-24 20:49:31
grd_4763,asg_0221,stu_0266,40,2026-11-28 12:13:18
grd_4764,asg_0221,stu_1091,44,2026-11-30 10:08:15
grd_4765,asg_0221,stu_0323,47,2026-11-26 06:34:58
grd_4766,asg_0221,stu_1191,28,2026-11-23 12:40:14
grd_4767,asg_0221,stu_1121,28,2026-11-28 08:30:14
grd_4768,asg_0221,stu_0200,33,2026-11-26 01:37:06
grd_4769,asg_0221,stu_0098,36,2026-11-26 04:48:29
grd_4770,asg_0221,stu_1029,31,2026-11-24 19:51:37
grd_4771,asg_0221,stu_1015,35,2026-11-28 06:48:02
grd_4772,asg_0221,stu_0487,29,2026-11-27 12:06:13
grd_4773,asg_0221,stu_0213,34,2026-12-04 18:19:13
grd_4774,asg_0221,stu_1115,42,2026-11-29 04:52:37
grd_4775,asg_0221,stu_1168,45,2026-11-22 18:51:22
grd_4776,asg_0221,stu_1190,29,2026-12-03 12:00:24
grd_4777,asg_0221,stu_0703,41,2026-11-26 21:20:34
grd_4778,asg_0222,stu_1093,68,2026-12-15 13:41:38
grd_4779,asg_0222,stu_0706,59,2026-12-04 22:54:10
grd_4780,asg_0222,stu_0791,87,2026-12-11 05:11:57
grd_4781,asg_0222,stu_0177,93,2026-12-04 04:00:53
grd_4782,asg_0222,stu_0057,75,2026-12-15 02:46:50
grd_4783,asg_0222,stu_0902,86,2026-12-06 03:06:43
grd_4784,asg_0222,stu_0178,65,2026-12-15 16:39:06
grd_4785,asg_0222,stu_1188,90,2026-12-18 15:55:21
grd_4786,asg_0222,stu_0321,55,2026-12-15 06:14:09
grd_4787,asg_0222,stu_0270,61,2026-12-11 21:26:13
grd_4788,asg_0222,stu_0607,62,2026-12-12 12:31:47
grd_4789,asg_0222,stu_1195,88,2026-12-11 17:24:54
grd_4790,asg_0222,stu_0613,94,2026-12-10 04:22:56
grd_4791,asg_0222,stu_0729,60,2026-12-09 14:18:54
grd_4792,asg_0222,stu_1259,73,2026-12-04 05:11:04
grd_4793,asg_0222,stu_0537,61,2026-12-04 08:17:05
grd_4794,asg_0222,stu_0515,70,2026-12-16 23:04:57
grd_4795,asg_0222,stu_1197,66,2026-12-12 16:17:35
grd_4796,asg_0222,stu_0494,67,2026-12-14 09:03:55
grd_4797,asg_0222,stu_0783,70,2026-12-14 11:07:19
grd_4798,asg_0222,stu_0369,95,2026-12-07 02:29:43
grd_4799,asg_0222,stu_0266,97,2026-12-13 02:56:02
grd_4800,asg_0222,stu_0120,71,2026-12-13 20:43:26
grd_4801,asg_0222,stu_0323,68,2026-12-08 19:53:56
grd_4802,asg_0222,stu_1191,84,2026-12-15 20:27:30
grd_4803,asg_0222,stu_1121,62,2026-12-14 10:33:28
grd_4804,asg_0222,stu_0098,82,2026-12-10 18:24:06
grd_4805,asg_0222,stu_1029,71,2026-12-09 18:47:42
grd_4806,asg_0222,stu_1018,59,2026-12-08 02:43:15
grd_4807,asg_0222,stu_1015,80,2026-12-08 03:41:58
grd_4808,asg_0222,stu_0456,56,2026-12-17 05:32:34
grd_4809,asg_0222,stu_0487,59,2026-12-06 16:44:25
grd_4810,asg_0222,stu_0213,85,2026-12-07 00:17:58
grd_4811,asg_0222,stu_1115,75,2026-12-13 03:27:01
grd_4812,asg_0222,stu_1168,58,2026-12-10 21:53:02
grd_4813,asg_0222,stu_1190,73,2026-12-13 23:24:33
grd_4814,asg_0222,stu_0703,94,2026-12-14 07:43:23
grd_4815,asg_0223,stu_0477,88,2026-09-30 22:54:38
grd_4816,asg_0223,stu_1341,78,2026-10-05 13:49:55
grd_4817,asg_0223,stu_0567,60,2026-09-30 07:36:02
grd_4818,asg_0223,stu_0525,59,2026-10-04 13:54:17
grd_4819,asg_0223,stu_0134,97,2026-09-25 21:31:42
grd_4820,asg_0223,stu_1195,75,2026-09-29 14:04:47
grd_4821,asg_0223,stu_0104,70,2026-10-06 09:23:53
grd_4822,asg_0223,stu_0410,93,2026-10-05 21:01:34
grd_4823,asg_0223,stu_0950,84,2026-10-03 02:20:43
grd_4824,asg_0223,stu_0861,74,2026-10-01 06:20:35
grd_4825,asg_0223,stu_1260,81,2026-09-29 02:18:10
grd_4826,asg_0223,stu_1309,58,2026-10-05 20:31:50
grd_4827,asg_0223,stu_0352,76,2026-09-27 10:33:11
grd_4828,asg_0223,stu_0174,59,2026-09-27 16:53:28
grd_4829,asg_0223,stu_1112,60,2026-10-02 22:00:07
grd_4830,asg_0223,stu_0565,56,2026-10-05 22:07:13
grd_4831,asg_0223,stu_0243,95,2026-09-28 20:32:02
grd_4832,asg_0223,stu_0365,61,2026-10-01 08:06:08
grd_4833,asg_0223,stu_0634,65,2026-09-28 03:36:54
grd_4834,asg_0223,stu_0380,93,2026-09-25 15:55:45
grd_4835,asg_0223,stu_0519,95,2026-09-23 23:13:56
grd_4836,asg_0223,stu_1206,87,2026-09-29 11:56:52
grd_4837,asg_0223,stu_1270,73,2026-10-08 22:52:14
grd_4838,asg_0223,stu_0931,74,2026-10-04 19:05:37
grd_4839,asg_0223,stu_0718,91,2026-09-24 17:40:52
grd_4840,asg_0223,stu_1030,91,2026-10-06 02:18:20
grd_4841,asg_0223,stu_0280,76,2026-10-01 21:11:47
grd_4842,asg_0224,stu_0477,60,2026-10-14 06:52:45
grd_4843,asg_0224,stu_1341,81,2026-10-16 21:34:10
grd_4844,asg_0224,stu_0567,88,2026-10-15 22:51:06
grd_4845,asg_0224,stu_0525,67,2026-10-07 18:58:22
grd_4846,asg_0224,stu_0134,88,2026-10-17 09:10:05
grd_4847,asg_0224,stu_1195,69,2026-10-13 00:54:04
grd_4848,asg_0224,stu_0104,73,2026-10-14 09:26:03
grd_4849,asg_0224,stu_0410,77,2026-10-16 17:30:57
grd_4850,asg_0224,stu_1015,86,2026-10-12 20:39:13
grd_4851,asg_0224,stu_0205,79,2026-10-10 12:11:48
grd_4852,asg_0224,stu_0950,91,2026-10-12 00:58:38
grd_4853,asg_0224,stu_0642,83,2026-10-16 21:36:53
grd_4854,asg_0224,stu_0861,95,2026-10-19 01:25:48
grd_4855,asg_0224,stu_1260,75,2026-10-07 17:26:01
grd_4856,asg_0224,stu_1309,58,2026-10-11 09:22:00
grd_4857,asg_0224,stu_0352,66,2026-10-18 06:31:31
grd_4858,asg_0224,stu_0174,78,2026-10-20 15:14:49
grd_4859,asg_0224,stu_1370,88,2026-10-13 22:54:45
grd_4860,asg_0224,stu_0565,82,2026-10-19 22:21:34
grd_4861,asg_0224,stu_0243,92,2026-10-20 22:23:11
grd_4862,asg_0224,stu_0365,64,2026-10-21 04:12:59
grd_4863,asg_0224,stu_0634,92,2026-10-12 21:05:35
grd_4864,asg_0224,stu_0519,60,2026-10-16 08:09:33
grd_4865,asg_0224,stu_1206,57,2026-10-09 19:33:13
grd_4866,asg_0224,stu_1270,91,2026-10-12 12:42:30
grd_4867,asg_0224,stu_0931,74,2026-10-18 15:10:43
grd_4868,asg_0224,stu_0718,60,2026-10-18 19:25:17
grd_4869,asg_0224,stu_1030,93,2026-10-10 18:19:10
grd_4870,asg_0224,stu_0280,59,2026-10-16 08:08:37
grd_4871,asg_0225,stu_0477,47,2026-11-04 03:38:51
grd_4872,asg_0225,stu_1341,33,2026-10-25 10:21:09
grd_4873,asg_0225,stu_0134,37,2026-10-30 07:32:19
grd_4874,asg_0225,stu_1195,37,2026-10-25 17:52:39
grd_4875,asg_0225,stu_0104,34,2026-10-30 03:55:19
grd_4876,asg_0225,stu_0410,42,2026-10-29 18:13:42
grd_4877,asg_0225,stu_0242,32,2026-10-31 15:23:19
grd_4878,asg_0225,stu_0098,42,2026-10-29 19:08:03
grd_4879,asg_0225,stu_0205,37,2026-10-26 15:19:03
grd_4880,asg_0225,stu_0950,36,2026-10-25 09:45:37
grd_4881,asg_0225,stu_0642,41,2026-10-23 04:24:35
grd_4882,asg_0225,stu_0861,42,2026-10-26 17:46:20
grd_4883,asg_0225,stu_1260,30,2026-11-01 15:52:46
grd_4884,asg_0225,stu_1309,45,2026-10-31 05:37:53
grd_4885,asg_0225,stu_0352,30,2026-10-27 13:31:16
grd_4886,asg_0225,stu_0174,31,2026-10-29 14:49:57
grd_4887,asg_0225,stu_1112,44,2026-10-31 18:19:38
grd_4888,asg_0225,stu_1370,41,2026-11-04 15:07:31
grd_4889,asg_0225,stu_0565,35,2026-11-01 06:00:25
grd_4890,asg_0225,stu_0243,37,2026-10-29 10:06:22
grd_4891,asg_0225,stu_0365,48,2026-10-27 09:50:35
grd_4892,asg_0225,stu_0634,46,2026-10-29 07:47:20
grd_4893,asg_0225,stu_0519,33,2026-10-25 16:00:56
grd_4894,asg_0225,stu_1206,36,2026-11-03 23:46:19
grd_4895,asg_0225,stu_1270,42,2026-10-31 12:01:32
grd_4896,asg_0225,stu_0931,45,2026-10-30 09:31:46
grd_4897,asg_0225,stu_0280,37,2026-11-01 12:58:06
grd_4898,asg_0226,stu_0477,186,2026-11-04 23:18:58
grd_4899,asg_0226,stu_1341,154,2026-11-04 18:17:24
grd_4900,asg_0226,stu_0567,170,2026-11-05 22:36:41
grd_4901,asg_0226,stu_0525,167,2026-11-06 11:16:04
grd_4902,asg_0226,stu_0134,164,2026-11-07 04:40:23
grd_4903,asg_0226,stu_1015,179,2026-11-03 16:27:31
grd_4904,asg_0226,stu_0205,178,2026-11-04 19:26:15
grd_4905,asg_0226,stu_0642,187,2026-11-07 02:13:22
grd_4906,asg_0226,stu_0861,115,2026-11-06 07:55:57
grd_4907,asg_0226,stu_1260,166,2026-11-09 10:19:49
grd_4908,asg_0226,stu_1309,160,2026-11-04 11:04:35
grd_4909,asg_0226,stu_0352,162,2026-11-10 16:25:31
grd_4910,asg_0226,stu_0565,114,2026-11-05 21:02:48
grd_4911,asg_0226,stu_0243,170,2026-11-07 14:16:30
grd_4912,asg_0226,stu_0634,139,2026-11-10 05:32:59
grd_4913,asg_0226,stu_0519,131,2026-11-10 10:59:57
grd_4914,asg_0226,stu_1270,178,2026-11-05 00:16:18
grd_4915,asg_0226,stu_0931,137,2026-11-08 21:28:04
grd_4916,asg_0226,stu_1030,134,2026-11-06 16:01:33
grd_4917,asg_0226,stu_0280,192,2026-11-07 08:46:22
grd_4918,asg_0227,stu_1341,30,2026-11-21 07:13:36
grd_4919,asg_0227,stu_0567,43,2026-11-16 07:52:25
grd_4920,asg_0227,stu_0525,44,2026-11-18 12:22:00
grd_4921,asg_0227,stu_0134,48,2026-11-13 09:29:04
grd_4922,asg_0227,stu_1195,28,2026-11-14 10:07:35
grd_4923,asg_0227,stu_0104,34,2026-11-19 12:36:55
grd_4924,asg_0227,stu_0410,28,2026-11-16 13:00:03
grd_4925,asg_0227,stu_0242,43,2026-11-14 18:13:54
grd_4926,asg_0227,stu_1015,43,2026-11-19 11:51:49
grd_4927,asg_0227,stu_0205,40,2026-11-17 14:44:45
grd_4928,asg_0227,stu_0950,41,2026-11-14 15:21:09
grd_4929,asg_0227,stu_0642,42,2026-11-18 17:46:08
grd_4930,asg_0227,stu_0861,38,2026-11-20 18:23:22
grd_4931,asg_0227,stu_1260,35,2026-11-23 10:06:16
grd_4932,asg_0227,stu_1309,35,2026-11-21 10:59:01
grd_4933,asg_0227,stu_0352,32,2026-11-23 09:06:00
grd_4934,asg_0227,stu_0174,44,2026-11-17 08:42:58
grd_4935,asg_0227,stu_1112,34,2026-11-19 11:35:10
grd_4936,asg_0227,stu_1370,48,2026-11-13 15:36:47
grd_4937,asg_0227,stu_0565,31,2026-11-13 17:58:19
grd_4938,asg_0227,stu_0243,48,2026-11-19 13:14:50
grd_4939,asg_0227,stu_0365,48,2026-11-14 06:25:08
grd_4940,asg_0227,stu_1206,44,2026-11-22 10:18:31
grd_4941,asg_0227,stu_1030,30,2026-11-16 08:46:42
grd_4942,asg_0228,stu_0477,44,2026-12-19 05:43:09
grd_4943,asg_0228,stu_1341,47,2026-12-12 19:49:14
grd_4944,asg_0228,stu_0567,28,2026-12-07 16:45:28
grd_4945,asg_0228,stu_0525,37,2026-12-13 21:55:21
grd_4946,asg_0228,stu_0134,35,2026-12-08 04:19:05
grd_4947,asg_0228,stu_1195,31,2026-12-12 01:19:01
grd_4948,asg_0228,stu_0104,33,2026-12-08 03:47:25
grd_4949,asg_0228,stu_0410,39,2026-12-05 00:36:50
grd_4950,asg_0228,stu_0242,34,2026-12-16 16:53:10
grd_4951,asg_0228,stu_0098,32,2026-12-12 07:38:13
grd_4952,asg_0228,stu_1015,28,2026-12-19 13:24:40
grd_4953,asg_0228,stu_0205,31,2026-12-14 07:09:48
grd_4954,asg_0228,stu_0861,42,2026-12-13 19:49:50
grd_4955,asg_0228,stu_1260,32,2026-12-11 21:11:15
grd_4956,asg_0228,stu_0352,32,2026-12-09 01:03:25
grd_4957,asg_0228,stu_1112,42,2026-12-06 14:31:47
grd_4958,asg_0228,stu_1370,48,2026-12-03 06:02:59
grd_4959,asg_0228,stu_0565,31,2026-12-06 19:41:10
grd_4960,asg_0228,stu_0243,40,2026-12-13 02:34:31
grd_4961,asg_0228,stu_0365,45,2026-12-05 18:14:26
grd_4962,asg_0228,stu_0634,30,2026-12-12 07:44:40
grd_4963,asg_0228,stu_0380,48,2026-12-13 16:26:34
grd_4964,asg_0228,stu_0519,42,2026-12-12 08:52:10
grd_4965,asg_0228,stu_1206,48,2026-12-12 22:19:09
grd_4966,asg_0228,stu_1270,31,2026-12-08 21:21:29
grd_4967,asg_0228,stu_0931,39,2026-12-13 17:35:05
grd_4968,asg_0228,stu_0718,43,2026-12-14 18:48:12
grd_4969,asg_0228,stu_1030,38,2026-12-18 14:36:53
grd_4970,asg_0228,stu_0280,43,2026-12-05 22:56:57
grd_4971,asg_0229,stu_0547,122,2026-10-05 06:54:42
grd_4972,asg_0229,stu_0320,97,2026-10-02 04:44:19
grd_4973,asg_0229,stu_0499,118,2026-09-24 18:19:37
grd_4974,asg_0229,stu_0595,103,2026-10-04 13:17:18
grd_4975,asg_0229,stu_1017,119,2026-10-02 03:44:06
grd_4976,asg_0229,stu_0501,98,2026-09-28 06:12:47
grd_4977,asg_0229,stu_1389,96,2026-09-30 06:57:17
grd_4978,asg_0229,stu_1257,130,2026-10-01 02:56:18
grd_4979,asg_0229,stu_1113,118,2026-10-03 03:56:09
grd_4980,asg_0229,stu_1149,120,2026-09-28 06:03:21
grd_4981,asg_0229,stu_0217,100,2026-09-27 22:10:44
grd_4982,asg_0229,stu_1314,90,2026-09-23 21:44:29
grd_4983,asg_0229,stu_0798,102,2026-09-27 02:45:39
grd_4984,asg_0229,stu_0349,84,2026-09-26 07:50:39
grd_4985,asg_0229,stu_0601,87,2026-10-01 08:15:05
grd_4986,asg_0229,stu_0959,137,2026-10-04 08:55:01
grd_4987,asg_0229,stu_0209,125,2026-10-02 16:01:40
grd_4988,asg_0229,stu_1272,105,2026-10-02 15:02:42
grd_4989,asg_0229,stu_0271,90,2026-10-01 20:15:58
grd_4990,asg_0229,stu_0716,99,2026-09-25 03:13:33
grd_4991,asg_0229,stu_1193,101,2026-10-08 05:44:56
grd_4992,asg_0229,stu_0991,118,2026-09-23 21:30:33
grd_4993,asg_0229,stu_0769,137,2026-09-24 02:36:12
grd_4994,asg_0229,stu_1243,98,2026-10-03 17:37:47
grd_4995,asg_0229,stu_0630,86,2026-09-25 13:25:29
grd_4996,asg_0229,stu_1352,132,2026-10-07 19:33:45
grd_4997,asg_0229,stu_0772,90,2026-09-24 16:01:44
grd_4998,asg_0229,stu_0781,101,2026-10-03 13:14:13
grd_4999,asg_0229,stu_0047,85,2026-10-07 04:43:03
grd_5000,asg_0229,stu_1307,105,2026-09-27 09:07:27
grd_5001,asg_0229,stu_1127,98,2026-09-29 21:25:23
grd_5002,asg_0229,stu_0757,104,2026-10-06 07:43:52
grd_5003,asg_0230,stu_0547,83,2026-10-09 16:59:17
grd_5004,asg_0230,stu_0803,92,2026-10-10 00:44:53
grd_5005,asg_0230,stu_0320,58,2026-10-07 09:51:35
grd_5006,asg_0230,stu_0499,70,2026-10-20 13:19:13
grd_5007,asg_0230,stu_0334,63,2026-10-10 15:55:15
grd_5008,asg_0230,stu_0524,73,2026-10-11 14:36:26
grd_5009,asg_0230,stu_0595,71,2026-10-18 04:44:52
grd_5010,asg_0230,stu_1221,82,2026-10-20 19:41:08
grd_5011,asg_0230,stu_1017,61,2026-10-14 04:37:21
grd_5012,asg_0230,stu_0501,59,2026-10-14 11:07:26
grd_5013,asg_0230,stu_1389,70,2026-10-14 10:48:01
grd_5014,asg_0230,stu_1365,85,2026-10-16 04:21:53
grd_5015,asg_0230,stu_1149,65,2026-10-17 07:51:17
grd_5016,asg_0230,stu_0217,66,2026-10-11 07:53:25
grd_5017,asg_0230,stu_1314,93,2026-10-19 19:17:34
grd_5018,asg_0230,stu_1095,66,2026-10-18 15:01:05
grd_5019,asg_0230,stu_0798,74,2026-10-06 10:22:35
grd_5020,asg_0230,stu_0349,65,2026-10-10 03:54:16
grd_5021,asg_0230,stu_0601,56,2026-10-16 23:45:27
grd_5022,asg_0230,stu_0209,62,2026-10-15 04:14:19
grd_5023,asg_0230,stu_1272,68,2026-10-13 15:39:09
grd_5024,asg_0230,stu_0271,82,2026-10-18 15:51:59
grd_5025,asg_0230,stu_0716,77,2026-10-12 06:59:46
grd_5026,asg_0230,stu_1193,60,2026-10-17 05:56:02
grd_5027,asg_0230,stu_0991,58,2026-10-08 01:13:56
grd_5028,asg_0230,stu_0630,67,2026-10-12 03:56:03
grd_5029,asg_0230,stu_1120,77,2026-10-16 23:17:26
grd_5030,asg_0230,stu_1111,64,2026-10-12 07:31:55
grd_5031,asg_0230,stu_0772,66,2026-10-15 21:06:20
grd_5032,asg_0230,stu_0781,71,2026-10-10 23:53:01
grd_5033,asg_0230,stu_0047,91,2026-10-11 17:25:38
grd_5034,asg_0230,stu_1307,64,2026-10-19 09:22:33
grd_5035,asg_0230,stu_1127,65,2026-10-14 11:05:03
grd_5036,asg_0230,stu_0916,80,2026-10-13 08:17:35
grd_5037,asg_0230,stu_0757,94,2026-10-18 06:23:15
grd_5038,asg_0231,stu_0803,37,2026-10-30 09:49:45
grd_5039,asg_0231,stu_0320,46,2026-11-01 20:08:21
grd_5040,asg_0231,stu_0334,34,2026-10-24 13:20:18
grd_5041,asg_0231,stu_0524,38,2026-10-24 19:08:00
grd_5042,asg_0231,stu_1221,29,2026-10-25 18:18:50
grd_5043,asg_0231,stu_0724,47,2026-10-22 17:40:22
grd_5044,asg_0231,stu_0501,34,2026-10-26 10:15:55
grd_5045,asg_0231,stu_1389,42,2026-10-22 11:30:12
grd_5046,asg_0231,stu_1257,29,2026-10-24 08:40:57
grd_5047,asg_0231,stu_1365,48,2026-10-29 14:22:16
grd_5048,asg_0231,stu_0217,43,2026-10-23 01:25:47
grd_5049,asg_0231,stu_1314,38,2026-10-28 13:37:41
grd_5050,asg_0231,stu_1095,32,2026-10-27 17:32:20
grd_5051,asg_0231,stu_0209,34,2026-10-31 15:55:43
grd_5052,asg_0231,stu_1272,40,2026-10-30 08:05:10
grd_5053,asg_0231,stu_0271,40,2026-10-24 17:28:04
grd_5054,asg_0231,stu_0716,36,2026-10-21 23:37:40
grd_5055,asg_0231,stu_1193,41,2026-10-31 15:40:46
grd_5056,asg_0231,stu_0991,46,2026-10-31 15:29:32
grd_5057,asg_0231,stu_0769,28,2026-10-28 22:52:49
grd_5058,asg_0231,stu_1120,39,2026-10-24 05:08:01
grd_5059,asg_0231,stu_1352,38,2026-10-29 04:56:42
grd_5060,asg_0231,stu_1111,38,2026-10-26 11:52:09
grd_5061,asg_0231,stu_0781,29,2026-10-27 08:30:24
grd_5062,asg_0231,stu_0047,42,2026-10-31 21:43:25
grd_5063,asg_0231,stu_1127,42,2026-10-27 16:24:07
grd_5064,asg_0231,stu_0916,43,2026-11-02 04:44:40
grd_5065,asg_0231,stu_0757,42,2026-10-28 21:59:15
grd_5066,asg_0232,stu_0547,118,2026-11-16 05:16:28
grd_5067,asg_0232,stu_0499,138,2026-11-04 02:05:38
grd_5068,asg_0232,stu_0524,116,2026-11-15 06:53:05
grd_5069,asg_0232,stu_0595,110,2026-11-03 22:27:49
grd_5070,asg_0232,stu_1221,185,2026-11-09 08:25:00
grd_5071,asg_0232,stu_0724,157,2026-11-07 08:08:07
grd_5072,asg_0232,stu_0501,167,2026-11-08 05:46:34
grd_5073,asg_0232,stu_1389,194,2026-11-07 08:42:26
grd_5074,asg_0232,stu_1365,128,2026-11-09 05:04:36
grd_5075,asg_0232,stu_1113,138,2026-11-12 00:22:43
grd_5076,asg_0232,stu_1149,163,2026-11-09 23:59:04
grd_5077,asg_0232,stu_0217,136,2026-11-16 07:26:59
grd_5078,asg_0232,stu_1314,128,2026-11-07 13:18:18
grd_5079,asg_0232,stu_1095,137,2026-11-10 16:52:37
grd_5080,asg_0232,stu_0798,183,2026-11-12 12:56:14
grd_5081,asg_0232,stu_0349,142,2026-11-09 21:02:22
grd_5082,asg_0232,stu_0959,180,2026-11-06 14:44:06
grd_5083,asg_0232,stu_0209,192,2026-11-09 20:58:53
grd_5084,asg_0232,stu_1272,115,2026-11-06 12:03:42
grd_5085,asg_0232,stu_0271,166,2026-11-12 02:59:00
grd_5086,asg_0232,stu_0716,146,2026-11-10 15:10:19
grd_5087,asg_0232,stu_1193,163,2026-11-03 19:24:47
grd_5088,asg_0232,stu_0991,160,2026-11-03 14:52:36
grd_5089,asg_0232,stu_0769,120,2026-11-16 16:51:09
grd_5090,asg_0232,stu_1120,136,2026-11-08 08:35:50
grd_5091,asg_0232,stu_1352,179,2026-11-14 08:54:37
grd_5092,asg_0232,stu_1111,183,2026-11-10 03:39:11
grd_5093,asg_0232,stu_0772,194,2026-11-05 02:32:51
grd_5094,asg_0232,stu_0781,161,2026-11-06 12:40:42
grd_5095,asg_0232,stu_0047,192,2026-11-11 04:23:29
grd_5096,asg_0232,stu_1307,135,2026-11-08 15:45:40
grd_5097,asg_0232,stu_1127,150,2026-11-11 03:11:03
grd_5098,asg_0232,stu_0916,167,2026-11-02 13:13:17
grd_5099,asg_0232,stu_0757,122,2026-11-07 21:58:20
grd_5100,asg_0233,stu_0547,78,2026-11-29 01:36:22
grd_5101,asg_0233,stu_0803,91,2026-11-29 18:20:50
grd_5102,asg_0233,stu_0320,57,2026-12-03 08:31:52
grd_5103,asg_0233,stu_0499,93,2026-12-06 07:22:15
grd_5104,asg_0233,stu_0334,63,2026-11-24 05:30:07
grd_5105,asg_0233,stu_0524,83,2026-11-27 22:05:58
grd_5106,asg_0233,stu_0595,58,2026-11-25 04:57:56
grd_5107,asg_0233,stu_0724,59,2026-11-29 12:50:54
grd_5108,asg_0233,stu_1017,83,2026-11-27 09:41:34
grd_5109,asg_0233,stu_1389,74,2026-12-01 19:23:37
grd_5110,asg_0233,stu_1257,55,2026-12-01 04:43:34
grd_5111,asg_0233,stu_1365,55,2026-11-26 17:54:28
grd_5112,asg_0233,stu_1113,88,2026-11-29 07:58:34
grd_5113,asg_0233,stu_1149,76,2026-12-04 11:53:27
grd_5114,asg_0233,stu_1314,59,2026-11-29 12:40:34
grd_5115,asg_0233,stu_1095,79,2026-12-07 15:32:40
grd_5116,asg_0233,stu_0798,78,2026-11-25 14:11:54
grd_5117,asg_0233,stu_0349,67,2026-12-03 18:44:35
grd_5118,asg_0233,stu_0601,72,2026-12-03 17:34:41
grd_5119,asg_0233,stu_0209,69,2026-12-04 17:46:39
grd_5120,asg_0233,stu_1272,62,2026-12-05 12:19:04
grd_5121,asg_0233,stu_0271,82,2026-12-01 00:43:10
grd_5122,asg_0233,stu_1193,80,2026-11-29 20:31:06
grd_5123,asg_0233,stu_0991,93,2026-11-30 15:16:40
grd_5124,asg_0233,stu_0769,97,2026-11-22 17:06:37
grd_5125,asg_0233,stu_1243,72,2026-12-02 07:10:26
grd_5126,asg_0233,stu_0630,68,2026-12-06 08:03:52
grd_5127,asg_0233,stu_1120,65,2026-11-29 16:18:25
grd_5128,asg_0233,stu_1352,82,2026-11-25 06:22:38
grd_5129,asg_0233,stu_1111,77,2026-11-23 09:30:02
grd_5130,asg_0233,stu_0772,92,2026-12-03 12:50:29
grd_5131,asg_0233,stu_0781,64,2026-11-30 12:21:29
grd_5132,asg_0233,stu_1307,89,2026-11-29 10:41:05
grd_5133,asg_0233,stu_0916,88,2026-12-05 19:22:42
grd_5134,asg_0233,stu_0757,77,2026-11-25 06:07:51
grd_5135,asg_0234,stu_0547,34,2026-12-05 22:57:39
grd_5136,asg_0234,stu_0803,46,2026-12-09 07:11:06
grd_5137,asg_0234,stu_0320,44,2026-12-07 07:29:58
grd_5138,asg_0234,stu_0334,37,2026-12-12 21:44:38
grd_5139,asg_0234,stu_0524,32,2026-12-02 12:47:02
grd_5140,asg_0234,stu_0724,36,2026-12-07 06:56:13
grd_5141,asg_0234,stu_0501,41,2026-12-06 15:46:14
grd_5142,asg_0234,stu_1389,30,2026-12-05 04:43:11
grd_5143,asg_0234,stu_1257,36,2026-12-10 22:28:29
grd_5144,asg_0234,stu_1149,28,2026-12-03 00:45:53
grd_5145,asg_0234,stu_0217,37,2026-12-06 04:09:37
grd_5146,asg_0234,stu_1314,38,2026-12-08 11:10:01
grd_5147,asg_0234,stu_1095,43,2026-12-04 17:28:27
grd_5148,asg_0234,stu_0798,34,2026-12-06 20:04:49
grd_5149,asg_0234,stu_0349,43,2026-12-05 12:40:56
grd_5150,asg_0234,stu_0601,40,2026-12-05 16:59:40
grd_5151,asg_0234,stu_0959,35,2026-12-08 20:22:47
grd_5152,asg_0234,stu_0209,29,2026-12-06 11:31:14
grd_5153,asg_0234,stu_1272,37,2026-12-03 09:08:03
grd_5154,asg_0234,stu_0271,31,2026-12-09 16:47:02
grd_5155,asg_0234,stu_0716,32,2026-12-08 20:17:20
grd_5156,asg_0234,stu_1193,48,2026-12-11 15:59:41
grd_5157,asg_0234,stu_0991,30,2026-12-12 21:17:59
grd_5158,asg_0234,stu_0769,40,2026-12-04 04:47:22
grd_5159,asg_0234,stu_1243,39,2026-12-07 03:11:27
grd_5160,asg_0234,stu_0630,28,2026-12-11 17:12:15
grd_5161,asg_0234,stu_1120,47,2026-12-07 15:19:07
grd_5162,asg_0234,stu_1352,32,2026-12-05 12:38:48
grd_5163,asg_0234,stu_0772,41,2026-12-10 14:47:57
grd_5164,asg_0234,stu_0781,47,2026-12-04 15:19:52
grd_5165,asg_0234,stu_0047,30,2026-12-08 16:55:49
grd_5166,asg_0234,stu_1307,48,2026-12-04 11:55:33
grd_5167,asg_0234,stu_1127,44,2026-12-05 13:35:16
grd_5168,asg_0234,stu_0916,39,2026-12-10 18:31:54
grd_5169,asg_0234,stu_0757,40,2026-12-08 00:06:41
grd_5170,asg_0235,stu_0719,41,2026-09-22 09:40:22
grd_5171,asg_0235,stu_1220,45,2026-09-29 15:19:56
grd_5172,asg_0235,stu_1395,30,2026-09-25 14:08:39
grd_5173,asg_0235,stu_1168,38,2026-09-20 11:48:44
grd_5174,asg_0235,stu_0825,31,2026-09-20 13:58:38
grd_5175,asg_0235,stu_0474,28,2026-09-22 08:41:39
grd_5176,asg_0235,stu_0687,46,2026-09-24 20:17:22
grd_5177,asg_0235,stu_0203,31,2026-09-22 12:01:48
grd_5178,asg_0235,stu_0444,42,2026-09-21 18:47:59
grd_5179,asg_0235,stu_0658,31,2026-09-24 07:26:43
grd_5180,asg_0235,stu_0555,47,2026-09-21 23:56:16
grd_5181,asg_0235,stu_0558,34,2026-09-22 16:39:25
grd_5182,asg_0235,stu_1035,34,2026-09-21 22:52:24
grd_5183,asg_0235,stu_1139,44,2026-09-22 02:12:54
grd_5184,asg_0235,stu_0412,37,2026-09-29 10:13:25
grd_5185,asg_0235,stu_0049,31,2026-09-27 08:01:04
grd_5186,asg_0235,stu_0401,37,2026-09-29 00:17:29
grd_5187,asg_0235,stu_0794,44,2026-09-29 07:40:19
grd_5188,asg_0235,stu_1134,48,2026-09-20 09:47:26
grd_5189,asg_0235,stu_0939,28,2026-09-27 20:31:45
grd_5190,asg_0235,stu_0762,29,2026-09-24 18:05:53
grd_5191,asg_0235,stu_0037,44,2026-09-28 02:49:48
grd_5192,asg_0235,stu_1066,36,2026-09-28 06:24:10
grd_5193,asg_0235,stu_0893,45,2026-09-23 10:26:44
grd_5194,asg_0235,stu_1118,41,2026-09-24 14:53:19
grd_5195,asg_0235,stu_1109,36,2026-09-22 22:25:35
grd_5196,asg_0235,stu_0623,31,2026-09-24 03:54:40
grd_5197,asg_0235,stu_0019,37,2026-09-26 03:50:58
grd_5198,asg_0236,stu_1071,62,2026-10-16 04:13:41
grd_5199,asg_0236,stu_0459,84,2026-10-19 15:00:53
grd_5200,asg_0236,stu_0831,78,2026-10-13 10:59:34
grd_5201,asg_0236,stu_0672,69,2026-10-16 04:55:05
grd_5202,asg_0236,stu_0719,93,2026-10-10 10:01:16
grd_5203,asg_0236,stu_1220,73,2026-10-22 12:23:55
grd_5204,asg_0236,stu_1395,72,2026-10-13 23:37:59
grd_5205,asg_0236,stu_1168,57,2026-10-18 16:13:18
grd_5206,asg_0236,stu_0486,70,2026-10-12 14:05:33
grd_5207,asg_0236,stu_0825,83,2026-10-17 17:46:58
grd_5208,asg_0236,stu_0474,61,2026-10-09 21:42:50
grd_5209,asg_0236,stu_0433,76,2026-10-22 06:14:47
grd_5210,asg_0236,stu_1055,76,2026-10-11 10:42:18
grd_5211,asg_0236,stu_0122,91,2026-10-20 12:41:54
grd_5212,asg_0236,stu_0658,92,2026-10-20 10:45:16
grd_5213,asg_0236,stu_0555,68,2026-10-16 06:07:52
grd_5214,asg_0236,stu_0364,74,2026-10-21 13:26:07
grd_5215,asg_0236,stu_0558,80,2026-10-17 22:07:33
grd_5216,asg_0236,stu_1213,79,2026-10-15 06:06:22
grd_5217,asg_0236,stu_1035,65,2026-10-25 05:57:31
grd_5218,asg_0236,stu_1139,74,2026-10-20 03:03:39
grd_5219,asg_0236,stu_0412,67,2026-10-17 02:57:26
grd_5220,asg_0236,stu_0049,83,2026-10-19 16:26:22
grd_5221,asg_0236,stu_0217,87,2026-10-12 02:47:57
grd_5222,asg_0236,stu_0794,61,2026-10-13 11:37:37
grd_5223,asg_0236,stu_0939,79,2026-10-12 22:51:05
grd_5224,asg_0236,stu_0275,61,2026-10-24 20:11:52
grd_5225,asg_0236,stu_0762,63,2026-10-21 21:12:44
grd_5226,asg_0236,stu_0893,70,2026-10-14 19:24:43
grd_5227,asg_0236,stu_1118,69,2026-10-17 06:45:27
grd_5228,asg_0236,stu_1109,66,2026-10-21 04:00:50
grd_5229,asg_0236,stu_0623,64,2026-10-18 01:38:28
grd_5230,asg_0236,stu_1303,74,2026-10-15 08:21:34
grd_5231,asg_0237,stu_1071,62,2026-10-20 20:41:31
grd_5232,asg_0237,stu_0831,86,2026-10-27 04:05:47
grd_5233,asg_0237,stu_0672,66,2026-10-20 15:38:17
grd_5234,asg_0237,stu_0719,62,2026-10-22 09:28:01
grd_5235,asg_0237,stu_1220,56,2026-10-26 23:49:48
grd_5236,asg_0237,stu_1395,68,2026-10-28 06:40:48
grd_5237,asg_0237,stu_0486,79,2026-10-28 12:49:56
grd_5238,asg_0237,stu_0825,61,2026-10-24 07:19:07
grd_5239,asg_0237,stu_0474,90,2026-10-28 05:59:16
grd_5240,asg_0237,stu_0433,81,2026-10-23 11:09:55
grd_5241,asg_0237,stu_1055,72,2026-10-22 07:06:03
grd_5242,asg_0237,stu_0687,90,2026-11-02 03:16:21
grd_5243,asg_0237,stu_0203,92,2026-10-28 23:41:36
grd_5244,asg_0237,stu_0444,61,2026-10-31 10:11:18
grd_5245,asg_0237,stu_0658,58,2026-11-03 03:12:45
grd_5246,asg_0237,stu_0555,57,2026-11-03 14:20:06
grd_5247,asg_0237,stu_0558,79,2026-10-26 10:40:37
grd_5248,asg_0237,stu_1213,83,2026-10-28 09:18:57
grd_5249,asg_0237,stu_1035,58,2026-10-31 10:44:44
grd_5250,asg_0237,stu_1139,61,2026-10-30 10:36:46
grd_5251,asg_0237,stu_0412,81,2026-10-27 00:34:30
grd_5252,asg_0237,stu_0049,70,2026-11-01 02:07:22
grd_5253,asg_0237,stu_0401,87,2026-10-25 18:32:26
grd_5254,asg_0237,stu_0217,85,2026-10-23 13:34:28
grd_5255,asg_0237,stu_0794,63,2026-10-23 02:55:43
grd_5256,asg_0237,stu_0939,62,2026-10-28 09:49:32
grd_5257,asg_0237,stu_0893,74,2026-10-27 07:47:02
grd_5258,asg_0237,stu_1118,61,2026-10-22 04:49:59
grd_5259,asg_0237,stu_1109,85,2026-11-02 18:13:55
grd_5260,asg_0237,stu_0623,75,2026-10-24 15:34:10
grd_5261,asg_0237,stu_0019,90,2026-10-15 23:00:00
grd_5262,asg_0237,stu_1303,86,2026-11-02 00:14:48
grd_5263,asg_0238,stu_1071,76,2026-11-06 17:06:23
grd_5264,asg_0238,stu_0831,95,2026-11-15 02:38:25
grd_5265,asg_0238,stu_0672,64,2026-11-10 17:10:39
grd_5266,asg_0238,stu_0719,92,2026-11-09 04:30:24
grd_5267,asg_0238,stu_1220,94,2026-11-15 14:14:52
grd_5268,asg_0238,stu_1395,90,2026-11-10 09:02:43
grd_5269,asg_0238,stu_0486,58,2026-11-17 05:22:22
grd_5270,asg_0238,stu_0474,90,2026-11-14 20:37:11
grd_5271,asg_0238,stu_0172,60,2026-11-04 04:24:04
grd_5272,asg_0238,stu_1055,60,2026-11-11 14:28:38
grd_5273,asg_0238,stu_0687,71,2026-11-08 14:05:42
grd_5274,asg_0238,stu_0122,77,2026-11-10 09:12:15
grd_5275,asg_0238,stu_0444,95,2026-11-10 04:41:52
grd_5276,asg_0238,stu_0658,71,2026-11-08 20:12:56
grd_5277,asg_0238,stu_0364,92,2026-11-18 19:52:40
grd_5278,asg_0238,stu_0558,57,2026-11-15 21:13:08
grd_5279,asg_0238,stu_1213,94,2026-11-13 08:02:28
grd_5280,asg_0238,stu_0991,90,2026-11-13 07:08:10
grd_5281,asg_0238,stu_1139,94,2026-11-12 22:48:25
grd_5282,asg_0238,stu_0049,84,2026-11-13 08:34:49
grd_5283,asg_0238,stu_0401,80,2026-11-09 17:11:52
grd_5284,asg_0238,stu_0217,82,2026-11-07 21:20:31
grd_5285,asg_0238,stu_0794,90,2026-11-06 04:39:03
grd_5286,asg_0238,stu_0939,90,2026-11-06 13:34:33
grd_5287,asg_0238,stu_0275,92,2026-11-08 03:05:41
grd_5288,asg_0238,stu_0762,88,2026-11-10 00:14:10
grd_5289,asg_0238,stu_0037,95,2026-11-07 22:12:19
grd_5290,asg_0238,stu_0893,72,2026-11-16 16:07:11
grd_5291,asg_0238,stu_1118,96,2026-11-08 14:42:12
grd_5292,asg_0238,stu_1109,87,2026-11-16 19:05:45
grd_5293,asg_0238,stu_0623,65,2026-11-13 18:45:27
grd_5294,asg_0238,stu_0019,82,2026-11-07 18:50:11
grd_5295,asg_0238,stu_1303,87,2026-11-12 17:44:13
grd_5296,asg_0239,stu_1071,38,2026-11-24 10:26:00
grd_5297,asg_0239,stu_0831,46,2026-11-24 06:21:45
grd_5298,asg_0239,stu_0719,46,2026-11-24 01:08:51
grd_5299,asg_0239,stu_1168,33,2026-11-14 11:47:36
grd_5300,asg_0239,stu_0486,43,2026-11-21 06:26:29
grd_5301,asg_0239,stu_0825,39,2026-11-18 18:17:48
grd_5302,asg_0239,stu_0433,46,2026-11-22 03:05:48
grd_5303,asg_0239,stu_1055,38,2026-11-15 16:39:49
grd_5304,asg_0239,stu_0687,31,2026-11-16 18:29:42
grd_5305,asg_0239,stu_0203,48,2026-11-17 12:25:45
grd_5306,asg_0239,stu_0444,39,2026-11-19 18:38:04
grd_5307,asg_0239,stu_0658,33,2026-11-24 09:13:42
grd_5308,asg_0239,stu_0555,38,2026-11-16 03:33:59
grd_5309,asg_0239,stu_0364,29,2026-11-22 06:36:47
grd_5310,asg_0239,stu_0558,31,2026-11-17 18:35:56
grd_5311,asg_0239,stu_1035,46,2026-11-19 15:23:14
grd_5312,asg_0239,stu_1139,30,2026-11-14 01:16:47
grd_5313,asg_0239,stu_0412,33,2026-11-19 02:54:35
grd_5314,asg_0239,stu_0217,40,2026-11-21 05:55:23
grd_5315,asg_0239,stu_0794,32,2026-11-13 23:41:54
grd_5316,asg_0239,stu_1134,36,2026-11-16 05:34:54
grd_5317,asg_0239,stu_0939,48,2026-11-16 14:06:16
grd_5318,asg_0239,stu_0275,35,2026-11-18 09:18:47
grd_5319,asg_0239,stu_0037,40,2026-11-23 19:06:59
grd_5320,asg_0239,stu_0893,47,2026-11-19 16:00:33
grd_5321,asg_0239,stu_1109,38,2026-11-17 09:53:40
grd_5322,asg_0239,stu_0623,32,2026-11-19 16:39:14
grd_5323,asg_0240,stu_1071,107,2026-12-04 08:53:06
grd_5324,asg_0240,stu_0459,131,2026-11-27 15:25:00
grd_5325,asg_0240,stu_0831,125,2026-12-01 14:47:33
grd_5326,asg_0240,stu_0719,86,2026-11-29 06:44:38
grd_5327,asg_0240,stu_1395,143,2026-11-27 10:58:54
grd_5328,asg_0240,stu_0486,124,2026-11-27 07:33:47
grd_5329,asg_0240,stu_0433,121,2026-11-30 12:21:07
grd_5330,asg_0240,stu_0172,128,2026-12-05 09:24:26
grd_5331,asg_0240,stu_1055,136,2026-11-29 12:16:17
grd_5332,asg_0240,stu_0687,109,2026-11-29 09:28:49
grd_5333,asg_0240,stu_0203,105,2026-12-04 11:44:14
grd_5334,asg_0240,stu_0555,114,2026-12-01 15:57:17
grd_5335,asg_0240,stu_0364,115,2026-12-07 04:16:21
grd_5336,asg_0240,stu_0558,140,2026-12-01 08:46:46
grd_5337,asg_0240,stu_1035,129,2026-12-01 09:00:18
grd_5338,asg_0240,stu_1139,136,2026-11-27 06:09:13
grd_5339,asg_0240,stu_0412,145,2026-12-01 14:47:19
grd_5340,asg_0240,stu_0401,103,2026-12-03 11:44:00
grd_5341,asg_0240,stu_0217,142,2026-12-04 06:56:24
grd_5342,asg_0240,stu_0794,86,2026-12-01 06:02:55
grd_5343,asg_0240,stu_1134,122,2026-11-28 13:59:19
grd_5344,asg_0240,stu_0939,124,2026-12-01 15:39:16
grd_5345,asg_0240,stu_0275,94,2026-12-07 03:57:49
grd_5346,asg_0240,stu_0762,139,2026-12-05 08:35:23
grd_5347,asg_0240,stu_1066,106,2026-12-04 10:26:56
grd_5348,asg_0240,stu_1118,103,2026-11-27 14:11:31
grd_5349,asg_0240,stu_1109,93,2026-11-30 10:07:34
grd_5350,asg_0240,stu_0623,107,2026-12-04 04:24:12
grd_5351,asg_0240,stu_0019,106,2026-11-28 20:00:00
