id,assignment_id,student_id,section_id,submitted_at
sub_00001,asg_0001,stu_1249,sec_0001,2026-09-23 02:42:11
sub_00002,asg_0001,stu_0233,sec_0001,2026-09-25 02:18:21
sub_00003,asg_0001,stu_0755,sec_0001,2026-09-27 15:26:24
sub_00004,asg_0001,stu_0632,sec_0001,2026-09-27 09:18:38
sub_00005,asg_0001,stu_0154,sec_0001,2026-09-26 11:22:37
sub_00006,asg_0001,stu_0174,sec_0001,2026-09-29 01:12:46
sub_00007,asg_0001,stu_0945,sec_0001,2026-09-22 22:50:36
sub_00008,asg_0001,stu_0383,sec_0001,2026-09-26 04:28:52
sub_00009,asg_0001,stu_0200,sec_0001,2026-09-26 02:10:29
sub_00010,asg_0001,stu_0760,sec_0001,2026-09-29 03:37:14
sub_00011,asg_0001,stu_1397,sec_0001,2026-09-25 14:35:53
sub_00012,asg_0001,stu_0754,sec_0001,2026-09-26 15:56:17
sub_00013,asg_0001,stu_1185,sec_0001,2026-09-27 06:00:15
sub_00014,asg_0001,stu_0171,sec_0001,2026-09-23 20:21:53
sub_00015,asg_0001,stu_1306,sec_0001,2026-09-29 15:12:32
sub_00016,asg_0001,stu_0817,sec_0001,2026-09-24 13:58:59
sub_00017,asg_0001,stu_0567,sec_0001,2026-09-28 06:01:30
sub_00018,asg_0001,stu_1202,sec_0001,2026-09-23 10:26:32
sub_00019,asg_0001,stu_1314,sec_0001,2026-09-23 13:21:23
sub_00020,asg_0001,stu_0688,sec_0001,2026-09-26 11:27:29
sub_00021,asg_0001,stu_1057,sec_0001,2026-09-29 03:49:21
sub_00022,asg_0001,stu_1385,sec_0001,2026-09-28 21:55:49
sub_00023,asg_0001,stu_1231,sec_0001,2026-09-28 07:32:29
sub_00024,asg_0001,stu_0188,sec_0001,2026-09-29 10:52:54
sub_00025,asg_0001,stu_1336,sec_0001,2026-09-24 06:22:38
sub_00026,asg_0001,stu_1107,sec_0001,2026-09-27 12:51:07
sub_00027,asg_0001,stu_1366,sec_0001,2026-09-25 16:39:21
sub_00028,asg_0001,stu_0408,sec_0001,2026-09-27 01:08:45
sub_00029,asg_0001,stu_0115,sec_0001,2026-09-25 18:05:33
sub_00030,asg_0001,stu_1036,sec_0001,2026-09-23 07:22:38
sub_00031,asg_0001,stu_0069,sec_0001,2026-09-28 04:31:35
sub_00032,asg_0001,stu_1383,sec_0001,2026-09-28 21:37:19
sub_00033,asg_0001,stu_0694,sec_0001,2026-09-26 19:48:50
sub_00034,asg_0001,stu_1146,sec_0001,2026-09-23 00:49:18
sub_00035,asg_0001,stu_1396,sec_0001,2026-09-28 04:23:42
sub_00036,asg_0002,stu_0755,sec_0001,2026-10-06 22:51:27
sub_00037,asg_0002,stu_0632,sec_0001,2026-10-06 18:59:20
sub_00038,asg_0002,stu_0154,sec_0001,2026-10-04 22:59:33
sub_00039,asg_0002,stu_0174,sec_0001,2026-10-03 18:24:22
sub_00040,asg_0002,stu_0945,sec_0001,2026-09-29 06:00:00
sub_00041,asg_0002,stu_0383,sec_0001,2026-10-03 15:39:45
sub_00042,asg_0002,stu_0200,sec_0001,2026-10-05 22:46:33
sub_00043,asg_0002,stu_0760,sec_0001,2026-10-04 00:11:17
sub_00044,asg_0002,stu_1397,sec_0001,2026-10-06 19:46:02
sub_00045,asg_0002,stu_0754,sec_0001,2026-10-04 15:24:16
sub_00046,asg_0002,stu_1185,sec_0001,2026-10-04 16:05:48
sub_00047,asg_0002,stu_0171,sec_0001,2026-10-05 17:38:24
sub_00048,asg_0002,stu_1306,sec_0001,2026-10-05 20:14:41
sub_00049,asg_0002,stu_0817,sec_0001,2026-10-04 05:30:51
sub_00050,asg_0002,stu_0567,sec_0001,2026-10-04 00:42:48
sub_00051,asg_0002,stu_1202,sec_0001,2026-10-03 22:41:54
sub_00052,asg_0002,stu_1314,sec_0001,2026-10-05 17:20:10
sub_00053,asg_0002,stu_0688,sec_0001,2026-10-03 11:53:23
sub_00054,asg_0002,stu_1385,sec_0001,2026-10-06 15:53:40
sub_00055,asg_0002,stu_1231,sec_0001,2026-10-06 09:44:42
sub_00056,asg_0002,stu_0188,sec_0001,2026-10-06 00:13:25
sub_00057,asg_0002,stu_0408,sec_0001,2026-10-06 20:33:19
sub_00058,asg_0002,stu_0115,sec_0001,2026-10-03 18:03:57
sub_00059,asg_0002,stu_1036,sec_0001,2026-10-05 18:08:31
sub_00060,asg_0002,stu_0069,sec_0001,2026-10-04 06:29:29
sub_00061,asg_0002,stu_1383,sec_0001,2026-10-05 23:12:11
sub_00062,asg_0002,stu_0694,sec_0001,2026-10-03 06:02:17
sub_00063,asg_0002,stu_1146,sec_0001,2026-10-03 19:16:36
sub_00064,asg_0003,stu_1249,sec_0001,2026-10-23 01:29:59
sub_00065,asg_0003,stu_0233,sec_0001,2026-10-21 16:11:17
sub_00066,asg_0003,stu_0632,sec_0001,2026-10-24 23:35:18
sub_00067,asg_0003,stu_0154,sec_0001,2026-10-21 20:59:19
sub_00068,asg_0003,stu_0174,sec_0001,2026-10-21 12:37:53
sub_00069,asg_0003,stu_0945,sec_0001,2026-10-26 08:33:57
sub_00070,asg_0003,stu_0383,sec_0001,2026-10-23 21:24:26
sub_00071,asg_0003,stu_0200,sec_0001,2026-10-22 04:04:24
sub_00072,asg_0003,stu_1397,sec_0001,2026-10-27 21:47:19
sub_00073,asg_0003,stu_0754,sec_0001,2026-10-27 00:07:15
sub_00074,asg_0003,stu_1185,sec_0001,2026-10-25 06:35:56
sub_00075,asg_0003,stu_0171,sec_0001,2026-10-24 05:31:43
sub_00076,asg_0003,stu_1306,sec_0001,2026-10-27 04:33:02
sub_00077,asg_0003,stu_0817,sec_0001,2026-10-26 23:07:41
sub_00078,asg_0003,stu_0567,sec_0001,2026-10-25 16:58:44
sub_00079,asg_0003,stu_1202,sec_0001,2026-10-21 22:48:29
sub_00080,asg_0003,stu_1314,sec_0001,2026-10-26 03:47:11
sub_00081,asg_0003,stu_0688,sec_0001,2026-10-23 01:27:32
sub_00082,asg_0003,stu_1057,sec_0001,2026-10-23 09:40:45
sub_00083,asg_0003,stu_1385,sec_0001,2026-10-21 17:02:38
sub_00084,asg_0003,stu_1231,sec_0001,2026-10-20 11:15:46
sub_00085,asg_0003,stu_0188,sec_0001,2026-10-26 04:13:34
sub_00086,asg_0003,stu_1336,sec_0001,2026-10-26 17:10:08
sub_00087,asg_0003,stu_1366,sec_0001,2026-10-20 13:21:26
sub_00088,asg_0003,stu_0408,sec_0001,2026-10-27 14:36:30
sub_00089,asg_0003,stu_0115,sec_0001,2026-10-23 19:34:46
sub_00090,asg_0003,stu_1036,sec_0001,2026-10-25 01:35:33
sub_00091,asg_0003,stu_0069,sec_0001,2026-10-25 09:57:45
sub_00092,asg_0003,stu_1383,sec_0001,2026-10-26 00:27:49
sub_00093,asg_0003,stu_0694,sec_0001,2026-10-21 05:10:10
sub_00094,asg_0003,stu_1396,sec_0001,2026-10-25 11:37:22
sub_00095,asg_0004,stu_1249,sec_0001,2026-10-28 09:23:03
sub_00096,asg_0004,stu_0233,sec_0001,2026-10-28 06:36:13
sub_00097,asg_0004,stu_0755,sec_0001,2026-10-28 07:36:18
sub_00098,asg_0004,stu_0632,sec_0001,2026-10-28 05:44:46
sub_00099,asg_0004,stu_0154,sec_0001,2026-10-28 11:01:40
sub_00100,asg_0004,stu_0174,sec_0001,2026-10-28 13:28:41
sub_00101,asg_0004,stu_0383,sec_0001,2026-10-28 07:37:36
sub_00102,asg_0004,stu_0200,sec_0001,2026-10-28 17:17:45
sub_00103,asg_0004,stu_0760,sec_0001,2026-10-28 02:14:02
sub_00104,asg_0004,stu_1397,sec_0001,2026-10-28 05:11:50
sub_00105,asg_0004,stu_0171,sec_0001,2026-10-28 17:11:52
sub_00106,asg_0004,stu_1306,sec_0001,2026-10-28 06:47:41
sub_00107,asg_0004,stu_1202,sec_0001,2026-10-28 10:59:03
sub_00108,asg_0004,stu_1314,sec_0001,2026-10-28 09:05:29
sub_00109,asg_0004,stu_0688,sec_0001,2026-10-28 14:11:13
sub_00110,asg_0004,stu_1385,sec_0001,2026-10-28 15:21:02
sub_00111,asg_0004,stu_1231,sec_0001,2026-10-28 15:44:19
sub_00112,asg_0004,stu_1336,sec_0001,2026-10-28 17:58:26
sub_00113,asg_0004,stu_1366,sec_0001,2026-10-28 11:27:47
sub_00114,asg_0004,stu_0408,sec_0001,2026-10-28 12:09:20
sub_00115,asg_0004,stu_1036,sec_0001,2026-10-28 13:16:58
sub_00116,asg_0004,stu_0069,sec_0001,2026-10-28 17:22:49
sub_00117,asg_0004,stu_1383,sec_0001,2026-10-28 10:39:47
sub_00118,asg_0004,stu_1146,sec_0001,2026-10-28 10:34:18
sub_00119,asg_0005,stu_0233,sec_0001,2026-11-26 14:27:43
sub_00120,asg_0005,stu_0755,sec_0001,2026-11-18 19:03:10
sub_00121,asg_0005,stu_0632,sec_0001,2026-11-21 13:37:36
sub_00122,asg_0005,stu_0154,sec_0001,2026-11-22 15:21:27
sub_00123,asg_0005,stu_0945,sec_0001,2026-11-26 17:28:53
sub_00124,asg_0005,stu_0383,sec_0001,2026-11-24 22:47:27
sub_00125,asg_0005,stu_0200,sec_0001,2026-11-23 17:25:06
sub_00126,asg_0005,stu_0760,sec_0001,2026-11-20 03:54:04
sub_00127,asg_0005,stu_1397,sec_0001,2026-11-24 05:50:30
sub_00128,asg_0005,stu_1185,sec_0001,2026-11-18 22:49:34
sub_00129,asg_0005,stu_1306,sec_0001,2026-11-20 02:40:30
sub_00130,asg_0005,stu_0817,sec_0001,2026-11-19 04:35:11
sub_00131,asg_0005,stu_0567,sec_0001,2026-11-18 09:02:42
sub_00132,asg_0005,stu_1202,sec_0001,2026-11-26 17:59:49
sub_00133,asg_0005,stu_1314,sec_0001,2026-11-22 15:32:27
sub_00134,asg_0005,stu_0688,sec_0001,2026-11-20 13:01:42
sub_00135,asg_0005,stu_1057,sec_0001,2026-11-19 22:16:17
sub_00136,asg_0005,stu_1385,sec_0001,2026-11-25 11:28:37
sub_00137,asg_0005,stu_1231,sec_0001,2026-11-26 04:40:10
sub_00138,asg_0005,stu_0188,sec_0001,2026-11-26 08:13:58
sub_00139,asg_0005,stu_1336,sec_0001,2026-11-24 18:02:25
sub_00140,asg_0005,stu_1107,sec_0001,2026-11-26 09:30:44
sub_00141,asg_0005,stu_1366,sec_0001,2026-11-16 23:05:13
sub_00142,asg_0005,stu_0408,sec_0001,2026-11-21 23:31:38
sub_00143,asg_0005,stu_0115,sec_0001,2026-11-21 14:59:33
sub_00144,asg_0005,stu_1036,sec_0001,2026-11-24 23:29:33
sub_00145,asg_0005,stu_0069,sec_0001,2026-11-21 10:23:15
sub_00146,asg_0005,stu_1383,sec_0001,2026-11-21 11:39:38
sub_00147,asg_0005,stu_0694,sec_0001,2026-11-24 13:59:51
sub_00148,asg_0005,stu_1146,sec_0001,2026-11-26 17:41:28
sub_00149,asg_0005,stu_1396,sec_0001,2026-11-19 21:03:38
sub_00150,asg_0006,stu_1249,sec_0001,2026-11-25 10:36:02
sub_00151,asg_0006,stu_0233,sec_0001,2026-11-25 09:40:43
sub_00152,asg_0006,stu_0755,sec_0001,2026-11-25 17:03:44
sub_00153,asg_0006,stu_0154,sec_0001,2026-11-25 09:15:35
sub_00154,asg_0006,stu_0174,sec_0001,2026-11-25 14:36:02
sub_00155,asg_0006,stu_0945,sec_0001,2026-11-25 11:38:58
sub_00156,asg_0006,stu_0200,sec_0001,2026-11-25 10:59:00
sub_00157,asg_0006,stu_0760,sec_0001,2026-11-25 07:05:24
sub_00158,asg_0006,stu_0754,sec_0001,2026-11-25 17:07:28
sub_00159,asg_0006,stu_1185,sec_0001,2026-11-25 10:02:46
sub_00160,asg_0006,stu_0567,sec_0001,2026-11-25 09:48:56
sub_00161,asg_0006,stu_1202,sec_0001,2026-11-25 05:43:07
sub_00162,asg_0006,stu_1314,sec_0001,2026-11-25 17:53:31
sub_00163,asg_0006,stu_0688,sec_0001,2026-11-25 11:24:51
sub_00164,asg_0006,stu_1057,sec_0001,2026-11-25 12:37:18
sub_00165,asg_0006,stu_1231,sec_0001,2026-11-25 15:11:30
sub_00166,asg_0006,stu_0188,sec_0001,2026-11-25 15:52:19
sub_00167,asg_0006,stu_1336,sec_0001,2026-11-25 09:17:42
sub_00168,asg_0006,stu_1366,sec_0001,2026-11-25 08:22:45
sub_00169,asg_0006,stu_0408,sec_0001,2026-11-25 13:01:46
sub_00170,asg_0006,stu_1036,sec_0001,2026-11-25 17:05:48
sub_00171,asg_0006,stu_0069,sec_0001,2026-11-25 13:30:58
sub_00172,asg_0006,stu_0694,sec_0001,2026-11-25 05:46:18
sub_00173,asg_0006,stu_1146,sec_0001,2026-11-25 09:23:22
sub_00174,asg_0007,stu_0729,sec_0002,2026-09-27 12:32:30
sub_00175,asg_0007,stu_1339,sec_0002,2026-09-24 08:52:55
sub_00176,asg_0007,stu_1004,sec_0002,2026-09-24 20:36:02
sub_00177,asg_0007,stu_0402,sec_0002,2026-09-27 00:15:52
sub_00178,asg_0007,stu_1258,sec_0002,2026-09-22 18:50:46
sub_00179,asg_0007,stu_1294,sec_0002,2026-09-24 23:40:41
sub_00180,asg_0007,stu_1219,sec_0002,2026-09-23 10:55:11
sub_00181,asg_0007,stu_1394,sec_0002,2026-09-24 04:19:57
sub_00182,asg_0007,stu_0789,sec_0002,2026-09-22 23:35:43
sub_00183,asg_0007,stu_1287,sec_0002,2026-09-23 19:25:35
sub_00184,asg_0007,stu_1115,sec_0002,2026-09-26 21:50:21
sub_00185,asg_0007,stu_0978,sec_0002,2026-09-28 04:08:03
sub_00186,asg_0007,stu_1097,sec_0002,2026-09-28 16:28:12
sub_00187,asg_0007,stu_1148,sec_0002,2026-09-24 08:26:09
sub_00188,asg_0007,stu_1370,sec_0002,2026-09-28 06:40:25
sub_00189,asg_0007,stu_1059,sec_0002,2026-09-24 15:05:05
sub_00190,asg_0007,stu_0913,sec_0002,2026-09-26 17:16:52
sub_00191,asg_0007,stu_0323,sec_0002,2026-09-26 11:58:10
sub_00192,asg_0007,stu_1221,sec_0002,2026-09-22 19:58:10
sub_00193,asg_0007,stu_0130,sec_0002,2026-09-27 01:58:56
sub_00194,asg_0007,stu_1256,sec_0002,2026-09-24 16:16:13
sub_00195,asg_0007,stu_0423,sec_0002,2026-09-26 12:22:23
sub_00196,asg_0007,stu_0012,sec_0002,2026-09-16 01:00:00
sub_00197,asg_0007,stu_1012,sec_0002,2026-09-22 08:43:41
sub_00198,asg_0007,stu_0174,sec_0002,2026-09-28 08:54:53
sub_00199,asg_0007,stu_0072,sec_0002,2026-09-28 22:05:34
sub_00200,asg_0008,stu_0729,sec_0002,2026-10-07 19:38:42
sub_00201,asg_0008,stu_1339,sec_0002,2026-10-09 04:00:12
sub_00202,asg_0008,stu_1004,sec_0002,2026-10-08 06:14:02
sub_00203,asg_0008,stu_0402,sec_0002,2026-10-09 12:35:29
sub_00204,asg_0008,stu_1269,sec_0002,2026-10-08 09:51:13
sub_00205,asg_0008,stu_1258,sec_0002,2026-10-08 22:25:14
sub_00206,asg_0008,stu_1294,sec_0002,2026-10-04 15:26:26
sub_00207,asg_0008,stu_1219,sec_0002,2026-10-06 23:02:16
sub_00208,asg_0008,stu_0864,sec_0002,2026-10-06 02:59:23
sub_00209,asg_0008,stu_1394,sec_0002,2026-10-07 03:17:28
sub_00210,asg_0008,stu_0789,sec_0002,2026-10-05 18:36:45
sub_00211,asg_0008,stu_1287,sec_0002,2026-10-05 03:37:54
sub_00212,asg_0008,stu_1115,sec_0002,2026-10-04 12:03:17
sub_00213,asg_0008,stu_0978,sec_0002,2026-10-09 03:23:05
sub_00214,asg_0008,stu_1148,sec_0002,2026-10-08 12:33:46
sub_00215,asg_0008,stu_1370,sec_0002,2026-10-09 00:14:19
sub_00216,asg_0008,stu_1059,sec_0002,2026-10-04 04:14:47
sub_00217,asg_0008,stu_0913,sec_0002,2026-10-07 23:22:31
sub_00218,asg_0008,stu_0323,sec_0002,2026-10-07 06:09:32
sub_00219,asg_0008,stu_1221,sec_0002,2026-10-07 21:45:00
sub_00220,asg_0008,stu_0559,sec_0002,2026-10-09 07:27:19
sub_00221,asg_0008,stu_0130,sec_0002,2026-10-04 13:43:36
sub_00222,asg_0008,stu_1256,sec_0002,2026-10-09 14:37:19
sub_00223,asg_0008,stu_0423,sec_0002,2026-10-06 04:15:18
sub_00224,asg_0008,stu_1012,sec_0002,2026-10-09 11:01:43
sub_00225,asg_0008,stu_1140,sec_0002,2026-10-08 01:58:27
sub_00226,asg_0008,stu_0174,sec_0002,2026-10-09 05:40:10
sub_00227,asg_0008,stu_0072,sec_0002,2026-10-06 21:42:45
sub_00228,asg_0009,stu_0729,sec_0002,2026-10-14 15:36:16
sub_00229,asg_0009,stu_1339,sec_0002,2026-10-14 19:31:13
sub_00230,asg_0009,stu_1004,sec_0002,2026-10-14 21:17:29
sub_00231,asg_0009,stu_0402,sec_0002,2026-10-15 07:45:04
sub_00232,asg_0009,stu_1258,sec_0002,2026-10-15 15:00:15
sub_00233,asg_0009,stu_1294,sec_0002,2026-10-15 06:51:57
sub_00234,asg_0009,stu_1219,sec_0002,2026-10-15 10:26:31
sub_00235,asg_0009,stu_0864,sec_0002,2026-10-15 15:54:02
sub_00236,asg_0009,stu_1394,sec_0002,2026-10-15 09:14:39
sub_00237,asg_0009,stu_0789,sec_0002,2026-10-15 00:47:32
sub_00238,asg_0009,stu_1115,sec_0002,2026-10-15 12:18:59
sub_00239,asg_0009,stu_0978,sec_0002,2026-10-14 18:32:06
sub_00240,asg_0009,stu_1148,sec_0002,2026-10-15 11:26:22
sub_00241,asg_0009,stu_1370,sec_0002,2026-10-14 21:38:13
sub_00242,asg_0009,stu_0913,sec_0002,2026-10-15 05:06:16
sub_00243,asg_0009,stu_0559,sec_0002,2026-10-15 10:40:17
sub_00244,asg_0009,stu_1256,sec_0002,2026-10-15 05:07:03
sub_00245,asg_0009,stu_0423,sec_0002,2026-10-14 23:55:51
sub_00246,asg_0009,stu_1140,sec_0002,2026-10-15 00:46:21
sub_00247,asg_0010,stu_0729,sec_0002,2026-11-02 01:34:28
sub_00248,asg_0010,stu_1339,sec_0002,2026-11-02 14:47:10
sub_00249,asg_0010,stu_1004,sec_0002,2026-11-04 14:28:45
sub_00250,asg_0010,stu_0402,sec_0002,2026-11-01 23:19:53
sub_00251,asg_0010,stu_1269,sec_0002,2026-11-03 16:37:32
sub_00252,asg_0010,stu_1258,sec_0002,2026-11-01 15:47:35
sub_00253,asg_0010,stu_1219,sec_0002,2026-11-02 08:14:23
sub_00254,asg_0010,stu_0864,sec_0002,2026-11-03 03:11:45
sub_00255,asg_0010,stu_1394,sec_0002,2026-11-03 21:24:14
sub_00256,asg_0010,stu_0789,sec_0002,2026-11-04 23:20:56
sub_00257,asg_0010,stu_1287,sec_0002,2026-11-01 13:01:06
sub_00258,asg_0010,stu_1115,sec_0002,2026-11-01 14:27:35
sub_00259,asg_0010,stu_0978,sec_0002,2026-11-05 15:28:07
sub_00260,asg_0010,stu_1097,sec_0002,2026-11-03 14:44:51
sub_00261,asg_0010,stu_1148,sec_0002,2026-11-06 00:29:01
sub_00262,asg_0010,stu_1370,sec_0002,2026-11-03 12:45:56
sub_00263,asg_0010,stu_1059,sec_0002,2026-11-05 19:35:18
sub_00264,asg_0010,stu_0913,sec_0002,2026-11-03 03:19:19
sub_00265,asg_0010,stu_0323,sec_0002,2026-11-04 20:13:14
sub_00266,asg_0010,stu_1221,sec_0002,2026-11-06 05:44:40
sub_00267,asg_0010,stu_0559,sec_0002,2026-11-06 12:15:14
sub_00268,asg_0010,stu_0130,sec_0002,2026-11-05 12:50:53
sub_00269,asg_0010,stu_1256,sec_0002,2026-11-03 17:05:42
sub_00270,asg_0010,stu_0012,sec_0002,2026-10-28 00:00:00
sub_00271,asg_0010,stu_1012,sec_0002,2026-11-02 08:50:10
sub_00272,asg_0010,stu_1140,sec_0002,2026-11-01 17:34:15
sub_00273,asg_0010,stu_0174,sec_0002,2026-11-03 02:52:13
sub_00274,asg_0010,stu_0072,sec_0002,2026-11-06 12:20:25
sub_00275,asg_0011,stu_0729,sec_0002,2026-11-21 11:37:49
sub_00276,asg_0011,stu_1004,sec_0002,2026-11-21 12:36:48
sub_00277,asg_0011,stu_0402,sec_0002,2026-11-16 12:47:25
sub_00278,asg_0011,stu_1269,sec_0002,2026-11-20 13:29:40
sub_00279,asg_0011,stu_1258,sec_0002,2026-11-21 19:19:13
sub_00280,asg_0011,stu_1294,sec_0002,2026-11-22 15:26:01
sub_00281,asg_0011,stu_1219,sec_0002,2026-11-18 07:38:04
sub_00282,asg_0011,stu_0864,sec_0002,2026-11-18 20:26:06
sub_00283,asg_0011,stu_1394,sec_0002,2026-11-17 03:55:21
sub_00284,asg_0011,stu_0789,sec_0002,2026-11-18 04:19:20
sub_00285,asg_0011,stu_1287,sec_0002,2026-11-22 04:42:27
sub_00286,asg_0011,stu_1115,sec_0002,2026-11-21 18:45:47
sub_00287,asg_0011,stu_0978,sec_0002,2026-11-19 10:14:15
sub_00288,asg_0011,stu_1097,sec_0002,2026-11-16 23:44:51
sub_00289,asg_0011,stu_1148,sec_0002,2026-11-18 19:58:27
sub_00290,asg_0011,stu_1370,sec_0002,2026-11-20 06:00:12
sub_00291,asg_0011,stu_1059,sec_0002,2026-11-17 22:53:36
sub_00292,asg_0011,stu_1221,sec_0002,2026-11-20 06:04:29
sub_00293,asg_0011,stu_0559,sec_0002,2026-11-17 01:22:10
sub_00294,asg_0011,stu_0130,sec_0002,2026-11-20 17:17:53
sub_00295,asg_0011,stu_1256,sec_0002,2026-11-21 05:08:27
sub_00296,asg_0011,stu_0423,sec_0002,2026-11-21 23:55:03
sub_00297,asg_0011,stu_0012,sec_0002,2026-11-16 20:47:13
sub_00298,asg_0011,stu_1012,sec_0002,2026-11-21 01:11:18
sub_00299,asg_0011,stu_1140,sec_0002,2026-11-19 05:17:04
sub_00300,asg_0011,stu_0174,sec_0002,2026-11-16 19:47:11
sub_00301,asg_0012,stu_0729,sec_0002,2026-12-06 10:21:50
sub_00302,asg_0012,stu_1004,sec_0002,2026-12-04 15:42:45
sub_00303,asg_0012,stu_0402,sec_0002,2026-12-05 15:56:08
sub_00304,asg_0012,stu_1258,sec_0002,2026-12-06 04:05:16
sub_00305,asg_0012,stu_1294,sec_0002,2026-12-03 00:43:36
sub_00306,asg_0012,stu_1219,sec_0002,2026-12-06 16:39:26
sub_00307,asg_0012,stu_0864,sec_0002,2026-12-08 01:54:32
sub_00308,asg_0012,stu_1394,sec_0002,2026-12-09 05:45:12
sub_00309,asg_0012,stu_0789,sec_0002,2026-12-03 18:21:02
sub_00310,asg_0012,stu_1287,sec_0002,2026-12-06 09:57:43
sub_00311,asg_0012,stu_1115,sec_0002,2026-12-02 13:20:19
sub_00312,asg_0012,stu_0978,sec_0002,2026-12-09 00:10:50
sub_00313,asg_0012,stu_1097,sec_0002,2026-12-03 01:22:09
sub_00314,asg_0012,stu_1148,sec_0002,2026-12-09 15:32:09
sub_00315,asg_0012,stu_1370,sec_0002,2026-12-06 08:39:46
sub_00316,asg_0012,stu_1059,sec_0002,2026-12-04 04:33:13
sub_00317,asg_0012,stu_0913,sec_0002,2026-12-08 20:30:54
sub_00318,asg_0012,stu_0323,sec_0002,2026-12-01 07:35:11
sub_00319,asg_0012,stu_0559,sec_0002,2026-12-03 07:20:10
sub_00320,asg_0012,stu_0130,sec_0002,2026-12-07 02:57:25
sub_00321,asg_0012,stu_1256,sec_0002,2026-12-08 15:57:01
sub_00322,asg_0012,stu_0423,sec_0002,2026-12-09 02:37:32
sub_00323,asg_0012,stu_0012,sec_0002,2026-11-24 23:00:00
sub_00324,asg_0012,stu_1012,sec_0002,2026-12-05 18:34:45
sub_00325,asg_0012,stu_1140,sec_0002,2026-12-01 15:47:27
sub_00326,asg_0012,stu_0174,sec_0002,2026-12-04 21:06:21
sub_00327,asg_0012,stu_0072,sec_0002,2026-12-03 02:09:30
sub_00328,asg_0013,stu_0295,sec_0003,2026-09-16 19:59:02
sub_00329,asg_0013,stu_0400,sec_0003,2026-09-16 09:24:43
sub_00330,asg_0013,stu_1142,sec_0003,2026-09-16 16:13:44
sub_00331,asg_0013,stu_0115,sec_0003,2026-09-16 19:55:48
sub_00332,asg_0013,stu_1269,sec_0003,2026-09-16 15:09:10
sub_00333,asg_0013,stu_0478,sec_0003,2026-09-16 14:31:50
sub_00334,asg_0013,stu_0102,sec_0003,2026-09-16 11:12:39
sub_00335,asg_0013,stu_0411,sec_0003,2026-09-16 21:01:15
sub_00336,asg_0013,stu_1247,sec_0003,2026-09-16 13:32:28
sub_00337,asg_0013,stu_0122,sec_0003,2026-09-16 15:31:35
sub_00338,asg_0013,stu_1265,sec_0003,2026-09-16 12:08:10
sub_00339,asg_0013,stu_0234,sec_0003,2026-09-16 20:33:48
sub_00340,asg_0013,stu_0281,sec_0003,2026-09-16 17:38:57
sub_00341,asg_0013,stu_1399,sec_0003,2026-09-16 10:21:43
sub_00342,asg_0013,stu_0940,sec_0003,2026-09-16 16:27:14
sub_00343,asg_0013,stu_0211,sec_0003,2026-09-16 18:53:58
sub_00344,asg_0013,stu_1306,sec_0003,2026-09-16 18:19:22
sub_00345,asg_0013,stu_0796,sec_0003,2026-09-16 11:46:34
sub_00346,asg_0013,stu_0580,sec_0003,2026-09-16 11:02:26
sub_00347,asg_0013,stu_1299,sec_0003,2026-09-16 13:14:48
sub_00348,asg_0013,stu_1333,sec_0003,2026-09-16 12:05:51
sub_00349,asg_0013,stu_1227,sec_0003,2026-09-16 15:30:04
sub_00350,asg_0014,stu_0163,sec_0003,2026-10-01 08:33:13
sub_00351,asg_0014,stu_0295,sec_0003,2026-09-30 21:57:54
sub_00352,asg_0014,stu_1108,sec_0003,2026-10-01 15:36:05
sub_00353,asg_0014,stu_0495,sec_0003,2026-09-30 20:37:25
sub_00354,asg_0014,stu_0115,sec_0003,2026-09-30 19:07:44
sub_00355,asg_0014,stu_0036,sec_0003,2026-10-01 02:29:04
sub_00356,asg_0014,stu_0478,sec_0003,2026-10-01 19:36:54
sub_00357,asg_0014,stu_0102,sec_0003,2026-10-01 06:17:16
sub_00358,asg_0014,stu_0743,sec_0003,2026-10-01 13:55:34
sub_00359,asg_0014,stu_0411,sec_0003,2026-10-01 03:21:05
sub_00360,asg_0014,stu_0122,sec_0003,2026-10-01 01:50:33
sub_00361,asg_0014,stu_0234,sec_0003,2026-10-01 19:30:32
sub_00362,asg_0014,stu_0281,sec_0003,2026-10-01 03:01:25
sub_00363,asg_0014,stu_1399,sec_0003,2026-10-01 01:44:11
sub_00364,asg_0014,stu_1306,sec_0003,2026-10-01 06:52:16
sub_00365,asg_0014,stu_0580,sec_0003,2026-10-01 07:45:58
sub_00366,asg_0014,stu_1299,sec_0003,2026-10-01 14:29:57
sub_00367,asg_0014,stu_1333,sec_0003,2026-10-01 02:45:52
sub_00368,asg_0014,stu_1227,sec_0003,2026-09-30 21:25:14
sub_00369,asg_0015,stu_0163,sec_0003,2026-10-15 03:40:23
sub_00370,asg_0015,stu_0295,sec_0003,2026-10-15 10:11:08
sub_00371,asg_0015,stu_0400,sec_0003,2026-10-14 09:23:45
sub_00372,asg_0015,stu_0495,sec_0003,2026-10-14 16:51:27
sub_00373,asg_0015,stu_0036,sec_0003,2026-10-15 04:43:53
sub_00374,asg_0015,stu_0478,sec_0003,2026-10-15 12:54:47
sub_00375,asg_0015,stu_0102,sec_0003,2026-10-14 19:34:17
sub_00376,asg_0015,stu_0743,sec_0003,2026-10-14 18:14:37
sub_00377,asg_0015,stu_0411,sec_0003,2026-10-15 02:21:27
sub_00378,asg_0015,stu_0880,sec_0003,2026-10-15 03:52:08
sub_00379,asg_0015,stu_0234,sec_0003,2026-10-14 14:28:02
sub_00380,asg_0015,stu_0281,sec_0003,2026-10-15 14:21:24
sub_00381,asg_0015,stu_1399,sec_0003,2026-10-14 18:40:12
sub_00382,asg_0015,stu_0846,sec_0003,2026-10-14 20:08:22
sub_00383,asg_0015,stu_0940,sec_0003,2026-10-15 12:41:12
sub_00384,asg_0015,stu_0211,sec_0003,2026-10-14 08:53:56
sub_00385,asg_0015,stu_0006,sec_0003,2026-10-14 20:28:41
sub_00386,asg_0015,stu_1306,sec_0003,2026-10-15 07:06:32
sub_00387,asg_0015,stu_0796,sec_0003,2026-10-15 04:04:39
sub_00388,asg_0015,stu_1086,sec_0003,2026-10-15 03:19:34
sub_00389,asg_0015,stu_0580,sec_0003,2026-10-14 22:07:16
sub_00390,asg_0015,stu_0355,sec_0003,2026-10-15 14:39:43
sub_00391,asg_0015,stu_1333,sec_0003,2026-10-14 21:50:54
sub_00392,asg_0015,stu_1227,sec_0003,2026-10-15 04:49:06
sub_00393,asg_0016,stu_0163,sec_0003,2026-11-07 17:16:41
sub_00394,asg_0016,stu_0295,sec_0003,2026-11-05 07:26:26
sub_00395,asg_0016,stu_0400,sec_0003,2026-11-05 19:29:49
sub_00396,asg_0016,stu_1108,sec_0003,2026-11-03 06:29:48
sub_00397,asg_0016,stu_1142,sec_0003,2026-11-06 00:05:14
sub_00398,asg_0016,stu_0115,sec_0003,2026-11-03 17:12:00
sub_00399,asg_0016,stu_0036,sec_0003,2026-11-07 06:43:01
sub_00400,asg_0016,stu_1269,sec_0003,2026-11-05 12:56:28
sub_00401,asg_0016,stu_0478,sec_0003,2026-11-02 06:28:31
sub_00402,asg_0016,stu_0743,sec_0003,2026-11-01 23:06:57
sub_00403,asg_0016,stu_0411,sec_0003,2026-11-03 06:50:47
sub_00404,asg_0016,stu_1247,sec_0003,2026-11-07 19:43:30
sub_00405,asg_0016,stu_0122,sec_0003,2026-11-02 01:40:27
sub_00406,asg_0016,stu_1265,sec_0003,2026-11-06 09:11:31
sub_00407,asg_0016,stu_0880,sec_0003,2026-11-02 20:08:47
sub_00408,asg_0016,stu_0234,sec_0003,2026-11-03 12:41:26
sub_00409,asg_0016,stu_1399,sec_0003,2026-11-05 09:34:48
sub_00410,asg_0016,stu_0846,sec_0003,2026-11-06 00:50:32
sub_00411,asg_0016,stu_0940,sec_0003,2026-11-05 16:47:03
sub_00412,asg_0016,stu_0006,sec_0003,2026-11-05 21:06:37
sub_00413,asg_0016,stu_1306,sec_0003,2026-11-04 05:37:40
sub_00414,asg_0016,stu_0796,sec_0003,2026-11-07 16:06:39
sub_00415,asg_0016,stu_1086,sec_0003,2026-11-04 11:27:57
sub_00416,asg_0016,stu_0580,sec_0003,2026-11-03 03:55:20
sub_00417,asg_0016,stu_1299,sec_0003,2026-11-04 01:02:17
sub_00418,asg_0016,stu_0355,sec_0003,2026-11-04 17:43:06
sub_00419,asg_0016,stu_1333,sec_0003,2026-11-03 23:06:12
sub_00420,asg_0016,stu_1227,sec_0003,2026-11-02 20:51:03
sub_00421,asg_0017,stu_0163,sec_0003,2026-11-22 06:07:41
sub_00422,asg_0017,stu_0295,sec_0003,2026-11-23 13:58:14
sub_00423,asg_0017,stu_0400,sec_0003,2026-11-26 22:03:05
sub_00424,asg_0017,stu_1108,sec_0003,2026-11-20 05:09:43
sub_00425,asg_0017,stu_0495,sec_0003,2026-11-21 23:50:48
sub_00426,asg_0017,stu_1142,sec_0003,2026-11-26 21:13:15
sub_00427,asg_0017,stu_0115,sec_0003,2026-11-23 15:43:37
sub_00428,asg_0017,stu_0036,sec_0003,2026-11-19 20:52:36
sub_00429,asg_0017,stu_1269,sec_0003,2026-11-24 03:33:10
sub_00430,asg_0017,stu_0478,sec_0003,2026-11-18 08:29:05
sub_00431,asg_0017,stu_0102,sec_0003,2026-11-24 16:19:27
sub_00432,asg_0017,stu_0743,sec_0003,2026-11-24 05:33:26
sub_00433,asg_0017,stu_0411,sec_0003,2026-11-19 03:14:48
sub_00434,asg_0017,stu_0880,sec_0003,2026-11-20 11:53:23
sub_00435,asg_0017,stu_0234,sec_0003,2026-11-22 16:33:43
sub_00436,asg_0017,stu_0281,sec_0003,2026-11-23 07:41:36
sub_00437,asg_0017,stu_1399,sec_0003,2026-11-26 18:31:37
sub_00438,asg_0017,stu_0846,sec_0003,2026-11-26 22:08:22
sub_00439,asg_0017,stu_0940,sec_0003,2026-11-26 06:59:24
sub_00440,asg_0017,stu_0211,sec_0003,2026-11-26 03:11:10
sub_00441,asg_0017,stu_0006,sec_0003,2026-11-18 19:28:21
sub_00442,asg_0017,stu_1306,sec_0003,2026-11-20 21:38:13
sub_00443,asg_0017,stu_0796,sec_0003,2026-11-26 02:02:37
sub_00444,asg_0017,stu_1086,sec_0003,2026-11-16 20:20:57
sub_00445,asg_0017,stu_0580,sec_0003,2026-11-18 11:23:13
sub_00446,asg_0017,stu_1299,sec_0003,2026-11-22 14:51:56
sub_00447,asg_0017,stu_0355,sec_0003,2026-11-18 17:37:56
sub_00448,asg_0017,stu_1333,sec_0003,2026-11-22 04:32:58
sub_00449,asg_0017,stu_1227,sec_0003,2026-11-21 21:18:11
sub_00450,asg_0018,stu_0295,sec_0003,2026-11-25 10:55:28
sub_00451,asg_0018,stu_0400,sec_0003,2026-11-25 14:10:02
sub_00452,asg_0018,stu_1108,sec_0003,2026-11-25 12:48:47
sub_00453,asg_0018,stu_0495,sec_0003,2026-11-25 17:47:55
sub_00454,asg_0018,stu_1142,sec_0003,2026-11-25 07:33:38
sub_00455,asg_0018,stu_0707,sec_0003,2026-11-25 15:04:36
sub_00456,asg_0018,stu_0115,sec_0003,2026-11-25 14:26:13
sub_00457,asg_0018,stu_1269,sec_0003,2026-11-25 17:14:03
sub_00458,asg_0018,stu_0478,sec_0003,2026-11-25 16:42:36
sub_00459,asg_0018,stu_0102,sec_0003,2026-11-25 16:33:37
sub_00460,asg_0018,stu_0743,sec_0003,2026-11-25 10:36:33
sub_00461,asg_0018,stu_1247,sec_0003,2026-11-25 12:47:17
sub_00462,asg_0018,stu_0234,sec_0003,2026-11-25 11:47:07
sub_00463,asg_0018,stu_0281,sec_0003,2026-11-25 14:09:47
sub_00464,asg_0018,stu_1399,sec_0003,2026-11-25 13:06:49
sub_00465,asg_0018,stu_1306,sec_0003,2026-11-25 06:41:49
sub_00466,asg_0018,stu_0796,sec_0003,2026-11-25 09:46:12
sub_00467,asg_0018,stu_1086,sec_0003,2026-11-25 11:57:09
sub_00468,asg_0018,stu_0580,sec_0003,2026-11-25 15:31:22
sub_00469,asg_0018,stu_0355,sec_0003,2026-11-25 17:52:24
sub_00470,asg_0018,stu_1227,sec_0003,2026-11-25 07:37:05
sub_00471,asg_0019,stu_0440,sec_0004,2026-09-30 05:39:45
sub_00472,asg_0019,stu_0302,sec_0004,2026-09-30 02:23:41
sub_00473,asg_0019,stu_0741,sec_0004,2026-09-30 22:38:55
sub_00474,asg_0019,stu_1149,sec_0004,2026-09-26 01:11:17
sub_00475,asg_0019,stu_0225,sec_0004,2026-09-23 00:59:32
sub_00476,asg_0019,stu_0746,sec_0004,2026-09-25 09:42:35
sub_00477,asg_0019,stu_1033,sec_0004,2026-09-28 19:07:27
sub_00478,asg_0019,stu_0595,sec_0004,2026-09-26 03:45:49
sub_00479,asg_0019,stu_1168,sec_0004,2026-09-29 21:54:34
sub_00480,asg_0019,stu_1289,sec_0004,2026-09-29 14:12:36
sub_00481,asg_0019,stu_0499,sec_0004,2026-09-23 17:47:24
sub_00482,asg_0019,stu_0383,sec_0004,2026-09-26 16:37:47
sub_00483,asg_0019,stu_0217,sec_0004,2026-09-24 08:45:42
sub_00484,asg_0019,stu_0691,sec_0004,2026-09-25 03:11:08
sub_00485,asg_0019,stu_0536,sec_0004,2026-09-25 18:43:35
sub_00486,asg_0019,stu_0809,sec_0004,2026-09-23 19:57:10
sub_00487,asg_0019,stu_0841,sec_0004,2026-09-29 15:44:25
sub_00488,asg_0019,stu_1047,sec_0004,2026-09-25 21:04:23
sub_00489,asg_0019,stu_0494,sec_0004,2026-09-28 14:51:27
sub_00490,asg_0019,stu_1101,sec_0004,2026-09-25 04:32:46
sub_00491,asg_0019,stu_0583,sec_0004,2026-09-24 22:46:00
sub_00492,asg_0019,stu_1169,sec_0004,2026-09-28 01:57:56
sub_00493,asg_0019,stu_1203,sec_0004,2026-09-26 20:12:02
sub_00494,asg_0019,stu_0014,sec_0004,2026-09-28 10:42:37
sub_00495,asg_0019,stu_0286,sec_0004,2026-09-28 05:32:34
sub_00496,asg_0019,stu_0223,sec_0004,2026-09-25 14:18:11
sub_00497,asg_0019,stu_0028,sec_0004,2026-09-22 20:48:30
sub_00498,asg_0019,stu_0887,sec_0004,2026-09-24 01:30:43
sub_00499,asg_0019,stu_0197,sec_0004,2026-09-24 17:21:27
sub_00500,asg_0019,stu_0775,sec_0004,2026-09-25 01:51:28
sub_00501,asg_0019,stu_1282,sec_0004,2026-09-30 17:36:10
sub_00502,asg_0019,stu_0357,sec_0004,2026-09-25 04:26:30
sub_00503,asg_0020,stu_0440,sec_0004,2026-10-10 22:06:18
sub_00504,asg_0020,stu_0302,sec_0004,2026-10-11 14:26:59
sub_00505,asg_0020,stu_1149,sec_0004,2026-10-08 02:55:01
sub_00506,asg_0020,stu_0225,sec_0004,2026-10-08 07:26:25
sub_00507,asg_0020,stu_0746,sec_0004,2026-10-10 10:22:29
sub_00508,asg_0020,stu_1033,sec_0004,2026-10-08 02:56:13
sub_00509,asg_0020,stu_0595,sec_0004,2026-10-12 09:57:09
sub_00510,asg_0020,stu_1168,sec_0004,2026-10-06 23:41:06
sub_00511,asg_0020,stu_1289,sec_0004,2026-10-07 22:16:48
sub_00512,asg_0020,stu_0499,sec_0004,2026-10-11 02:47:54
sub_00513,asg_0020,stu_0383,sec_0004,2026-10-09 02:52:35
sub_00514,asg_0020,stu_1074,sec_0004,2026-10-07 22:58:03
sub_00515,asg_0020,stu_1214,sec_0004,2026-10-11 00:55:18
sub_00516,asg_0020,stu_1284,sec_0004,2026-10-06 19:20:12
sub_00517,asg_0020,stu_0691,sec_0004,2026-10-07 02:45:53
sub_00518,asg_0020,stu_1057,sec_0004,2026-10-10 06:42:15
sub_00519,asg_0020,stu_0536,sec_0004,2026-10-06 14:18:13
sub_00520,asg_0020,stu_0809,sec_0004,2026-10-06 23:11:36
sub_00521,asg_0020,stu_0841,sec_0004,2026-10-12 10:10:39
sub_00522,asg_0020,stu_1047,sec_0004,2026-10-07 09:08:53
sub_00523,asg_0020,stu_0494,sec_0004,2026-10-07 09:14:09
sub_00524,asg_0020,stu_1101,sec_0004,2026-10-09 16:18:49
sub_00525,asg_0020,stu_0583,sec_0004,2026-10-05 22:58:54
sub_00526,asg_0020,stu_1169,sec_0004,2026-10-07 02:09:59
sub_00527,asg_0020,stu_1203,sec_0004,2026-10-09 21:42:50
sub_00528,asg_0020,stu_0014,sec_0004,2026-10-10 05:45:26
sub_00529,asg_0020,stu_1381,sec_0004,2026-10-08 10:31:49
sub_00530,asg_0020,stu_0223,sec_0004,2026-10-07 16:01:56
sub_00531,asg_0020,stu_1239,sec_0004,2026-10-05 22:54:46
sub_00532,asg_0020,stu_0887,sec_0004,2026-10-07 01:44:44
sub_00533,asg_0020,stu_0197,sec_0004,2026-10-06 23:08:20
sub_00534,asg_0020,stu_0457,sec_0004,2026-10-12 14:55:29
sub_00535,asg_0020,stu_1282,sec_0004,2026-10-07 17:07:03
sub_00536,asg_0020,stu_0357,sec_0004,2026-10-09 14:28:04
sub_00537,asg_0021,stu_0440,sec_0004,2026-10-25 16:50:46
sub_00538,asg_0021,stu_0302,sec_0004,2026-10-24 03:53:48
sub_00539,asg_0021,stu_0741,sec_0004,2026-10-21 07:20:29
sub_00540,asg_0021,stu_1149,sec_0004,2026-10-24 18:43:54
sub_00541,asg_0021,stu_0225,sec_0004,2026-10-20 00:26:06
sub_00542,asg_0021,stu_0746,sec_0004,2026-10-23 22:18:43
sub_00543,asg_0021,stu_1033,sec_0004,2026-10-23 00:12:26
sub_00544,asg_0021,stu_0595,sec_0004,2026-10-20 06:02:07
sub_00545,asg_0021,stu_1168,sec_0004,2026-10-19 10:33:31
sub_00546,asg_0021,stu_1289,sec_0004,2026-10-22 17:42:17
sub_00547,asg_0021,stu_0499,sec_0004,2026-10-22 15:47:26
sub_00548,asg_0021,stu_0383,sec_0004,2026-10-25 09:27:21
sub_00549,asg_0021,stu_1214,sec_0004,2026-10-22 23:34:08
sub_00550,asg_0021,stu_1284,sec_0004,2026-10-21 07:15:57
sub_00551,asg_0021,stu_0217,sec_0004,2026-10-24 07:58:51
sub_00552,asg_0021,stu_0691,sec_0004,2026-10-23 18:54:42
sub_00553,asg_0021,stu_1057,sec_0004,2026-10-22 15:48:14
sub_00554,asg_0021,stu_0536,sec_0004,2026-10-24 10:18:22
sub_00555,asg_0021,stu_0809,sec_0004,2026-10-20 14:40:42
sub_00556,asg_0021,stu_0841,sec_0004,2026-10-19 15:52:05
sub_00557,asg_0021,stu_1047,sec_0004,2026-10-19 15:19:57
sub_00558,asg_0021,stu_0494,sec_0004,2026-10-25 06:31:34
sub_00559,asg_0021,stu_1101,sec_0004,2026-10-21 11:17:01
sub_00560,asg_0021,stu_0583,sec_0004,2026-10-19 21:38:23
sub_00561,asg_0021,stu_1169,sec_0004,2026-10-21 08:46:04
sub_00562,asg_0021,stu_1203,sec_0004,2026-10-23 23:05:18
sub_00563,asg_0021,stu_0014,sec_0004,2026-10-14 00:00:00
sub_00564,asg_0021,stu_0286,sec_0004,2026-10-21 00:15:49
sub_00565,asg_0021,stu_1381,sec_0004,2026-10-22 08:42:42
sub_00566,asg_0021,stu_0223,sec_0004,2026-10-24 21:45:04
sub_00567,asg_0021,stu_0028,sec_0004,2026-10-24 22:25:13
sub_00568,asg_0021,stu_1239,sec_0004,2026-10-19 16:02:01
sub_00569,asg_0021,stu_0887,sec_0004,2026-10-25 05:18:23
sub_00570,asg_0021,stu_0197,sec_0004,2026-10-25 00:51:45
sub_00571,asg_0021,stu_0457,sec_0004,2026-10-20 22:55:54
sub_00572,asg_0021,stu_0775,sec_0004,2026-10-24 20:43:03
sub_00573,asg_0021,stu_1282,sec_0004,2026-10-22 01:54:48
sub_00574,asg_0021,stu_0357,sec_0004,2026-10-25 10:13:16
sub_00575,asg_0022,stu_0440,sec_0004,2026-11-01 15:06:05
sub_00576,asg_0022,stu_0302,sec_0004,2026-11-01 21:17:39
sub_00577,asg_0022,stu_0741,sec_0004,2026-10-31 19:58:06
sub_00578,asg_0022,stu_1149,sec_0004,2026-11-02 16:05:17
sub_00579,asg_0022,stu_0225,sec_0004,2026-11-02 05:48:13
sub_00580,asg_0022,stu_0746,sec_0004,2026-11-01 03:16:47
sub_00581,asg_0022,stu_1033,sec_0004,2026-11-02 03:17:51
sub_00582,asg_0022,stu_0595,sec_0004,2026-11-03 05:53:36
sub_00583,asg_0022,stu_1168,sec_0004,2026-10-26 19:00:00
sub_00584,asg_0022,stu_1289,sec_0004,2026-11-04 00:25:36
sub_00585,asg_0022,stu_0499,sec_0004,2026-11-04 16:48:00
sub_00586,asg_0022,stu_0383,sec_0004,2026-11-04 08:34:31
sub_00587,asg_0022,stu_1214,sec_0004,2026-11-02 04:47:04
sub_00588,asg_0022,stu_1284,sec_0004,2026-11-03 23:57:37
sub_00589,asg_0022,stu_0217,sec_0004,2026-11-02 08:01:15
sub_00590,asg_0022,stu_0691,sec_0004,2026-11-02 14:22:16
sub_00591,asg_0022,stu_1057,sec_0004,2026-11-01 23:03:29
sub_00592,asg_0022,stu_0536,sec_0004,2026-11-02 04:54:43
sub_00593,asg_0022,stu_0809,sec_0004,2026-10-31 00:15:22
sub_00594,asg_0022,stu_0841,sec_0004,2026-11-03 21:22:40
sub_00595,asg_0022,stu_1047,sec_0004,2026-11-03 18:53:32
sub_00596,asg_0022,stu_0494,sec_0004,2026-10-31 16:02:17
sub_00597,asg_0022,stu_1101,sec_0004,2026-11-01 00:13:12
sub_00598,asg_0022,stu_0583,sec_0004,2026-11-02 15:25:00
sub_00599,asg_0022,stu_1169,sec_0004,2026-11-01 18:14:46
sub_00600,asg_0022,stu_1203,sec_0004,2026-11-04 16:14:19
sub_00601,asg_0022,stu_0014,sec_0004,2026-10-28 00:00:00
sub_00602,asg_0022,stu_0286,sec_0004,2026-11-02 04:18:21
sub_00603,asg_0022,stu_1381,sec_0004,2026-11-04 04:54:05
sub_00604,asg_0022,stu_0223,sec_0004,2026-11-03 15:12:54
sub_00605,asg_0022,stu_0028,sec_0004,2026-11-03 06:32:45
sub_00606,asg_0022,stu_1239,sec_0004,2026-11-01 15:58:10
sub_00607,asg_0022,stu_0887,sec_0004,2026-11-03 08:57:58
sub_00608,asg_0022,stu_0197,sec_0004,2026-11-01 16:56:59
sub_00609,asg_0022,stu_0457,sec_0004,2026-11-01 09:12:59
sub_00610,asg_0022,stu_0775,sec_0004,2026-11-03 13:01:47
sub_00611,asg_0022,stu_1282,sec_0004,2026-11-04 10:51:49
sub_00612,asg_0022,stu_0357,sec_0004,2026-11-02 03:24:31
sub_00613,asg_0023,stu_0440,sec_0004,2026-11-21 13:05:51
sub_00614,asg_0023,stu_0302,sec_0004,2026-11-19 05:11:52
sub_00615,asg_0023,stu_0741,sec_0004,2026-11-19 01:08:56
sub_00616,asg_0023,stu_1149,sec_0004,2026-11-25 12:59:36
sub_00617,asg_0023,stu_0225,sec_0004,2026-11-23 07:26:19
sub_00618,asg_0023,stu_0746,sec_0004,2026-11-24 16:54:24
sub_00619,asg_0023,stu_1033,sec_0004,2026-11-16 16:55:21
sub_00620,asg_0023,stu_0595,sec_0004,2026-11-23 14:10:09
sub_00621,asg_0023,stu_1168,sec_0004,2026-11-18 02:48:15
sub_00622,asg_0023,stu_1289,sec_0004,2026-11-18 06:57:50
sub_00623,asg_0023,stu_0499,sec_0004,2026-11-23 05:16:52
sub_00624,asg_0023,stu_0383,sec_0004,2026-11-21 22:52:53
sub_00625,asg_0023,stu_1074,sec_0004,2026-11-19 13:08:24
sub_00626,asg_0023,stu_1214,sec_0004,2026-11-20 10:34:57
sub_00627,asg_0023,stu_1284,sec_0004,2026-11-20 13:32:40
sub_00628,asg_0023,stu_0217,sec_0004,2026-11-18 21:26:53
sub_00629,asg_0023,stu_0691,sec_0004,2026-11-22 18:44:30
sub_00630,asg_0023,stu_1057,sec_0004,2026-11-22 06:27:25
sub_00631,asg_0023,stu_0536,sec_0004,2026-11-18 20:56:20
sub_00632,asg_0023,stu_0809,sec_0004,2026-11-16 11:56:53
sub_00633,asg_0023,stu_0841,sec_0004,2026-11-18 08:43:10
sub_00634,asg_0023,stu_1047,sec_0004,2026-11-25 08:27:04
sub_00635,asg_0023,stu_0494,sec_0004,2026-11-20 00:39:55
sub_00636,asg_0023,stu_1101,sec_0004,2026-11-18 04:55:57
sub_00637,asg_0023,stu_0583,sec_0004,2026-11-20 05:22:16
sub_00638,asg_0023,stu_1203,sec_0004,2026-11-24 05:24:22
sub_00639,asg_0023,stu_0014,sec_0004,2026-11-11 01:00:00
sub_00640,asg_0023,stu_0286,sec_0004,2026-11-24 04:26:08
sub_00641,asg_0023,stu_1381,sec_0004,2026-11-17 20:34:58
sub_00642,asg_0023,stu_0028,sec_0004,2026-11-21 01:34:11
sub_00643,asg_0023,stu_1239,sec_0004,2026-11-24 09:41:41
sub_00644,asg_0023,stu_0197,sec_0004,2026-11-20 11:58:40
sub_00645,asg_0023,stu_0457,sec_0004,2026-11-21 09:31:30
sub_00646,asg_0023,stu_0775,sec_0004,2026-11-18 01:54:41
sub_00647,asg_0023,stu_1282,sec_0004,2026-11-20 08:44:33
sub_00648,asg_0023,stu_0357,sec_0004,2026-11-18 14:59:54
sub_00649,asg_0024,stu_0440,sec_0004,2026-11-25 13:59:56
sub_00650,asg_0024,stu_0302,sec_0004,2026-11-25 11:50:53
sub_00651,asg_0024,stu_0741,sec_0004,2026-11-25 14:56:41
sub_00652,asg_0024,stu_1149,sec_0004,2026-11-25 06:03:37
sub_00653,asg_0024,stu_0225,sec_0004,2026-11-25 15:26:49
sub_00654,asg_0024,stu_1033,sec_0004,2026-11-25 05:51:24
sub_00655,asg_0024,stu_0595,sec_0004,2026-11-25 12:07:17
sub_00656,asg_0024,stu_1168,sec_0004,2026-11-25 07:23:41
sub_00657,asg_0024,stu_1289,sec_0004,2026-11-25 15:33:27
sub_00658,asg_0024,stu_0499,sec_0004,2026-11-25 09:42:15
sub_00659,asg_0024,stu_0383,sec_0004,2026-11-25 17:56:32
sub_00660,asg_0024,stu_1214,sec_0004,2026-11-25 14:32:49
sub_00661,asg_0024,stu_1284,sec_0004,2026-11-25 17:08:50
sub_00662,asg_0024,stu_0809,sec_0004,2026-11-25 16:11:59
sub_00663,asg_0024,stu_0841,sec_0004,2026-11-25 13:49:23
sub_00664,asg_0024,stu_0494,sec_0004,2026-11-25 08:18:56
sub_00665,asg_0024,stu_0583,sec_0004,2026-11-25 17:12:39
sub_00666,asg_0024,stu_1169,sec_0004,2026-11-25 13:46:06
sub_00667,asg_0024,stu_1203,sec_0004,2026-11-25 12:31:30
sub_00668,asg_0024,stu_0014,sec_0004,2026-11-24 21:00:00
sub_00669,asg_0024,stu_0286,sec_0004,2026-11-25 09:11:10
sub_00670,asg_0024,stu_0028,sec_0004,2026-11-25 13:17:16
sub_00671,asg_0024,stu_1239,sec_0004,2026-11-25 13:17:07
sub_00672,asg_0024,stu_0887,sec_0004,2026-11-25 17:29:06
sub_00673,asg_0024,stu_0457,sec_0004,2026-11-25 15:55:57
sub_00674,asg_0024,stu_0775,sec_0004,2026-11-25 13:51:25
sub_00675,asg_0024,stu_0357,sec_0004,2026-11-25 13:38:36
sub_00676,asg_0025,stu_0557,sec_0005,2026-09-19 02:17:26
sub_00677,asg_0025,stu_0138,sec_0005,2026-09-21 23:43:55
sub_00678,asg_0025,stu_0092,sec_0005,2026-09-20 13:57:48
sub_00679,asg_0025,stu_0072,sec_0005,2026-09-20 15:14:45
sub_00680,asg_0025,stu_0308,sec_0005,2026-09-21 07:58:40
sub_00681,asg_0025,stu_0070,sec_0005,2026-09-20 00:23:09
sub_00682,asg_0025,stu_0293,sec_0005,2026-09-21 22:20:02
sub_00683,asg_0025,stu_0908,sec_0005,2026-09-21 00:51:21
sub_00684,asg_0025,stu_0824,sec_0005,2026-09-20 06:03:53
sub_00685,asg_0025,stu_0942,sec_0005,2026-09-20 01:56:35
sub_00686,asg_0025,stu_0100,sec_0005,2026-09-19 22:57:55
sub_00687,asg_0025,stu_0090,sec_0005,2026-09-21 01:46:13
sub_00688,asg_0025,stu_0277,sec_0005,2026-09-15 05:00:00
sub_00689,asg_0025,stu_0530,sec_0005,2026-09-20 04:42:51
sub_00690,asg_0025,stu_0494,sec_0005,2026-09-20 12:30:41
sub_00691,asg_0025,stu_1379,sec_0005,2026-09-19 20:53:27
sub_00692,asg_0025,stu_0598,sec_0005,2026-09-21 00:41:26
sub_00693,asg_0025,stu_0099,sec_0005,2026-09-19 00:37:05
sub_00694,asg_0025,stu_0763,sec_0005,2026-09-21 03:45:29
sub_00695,asg_0025,stu_0577,sec_0005,2026-09-19 00:18:18
sub_00696,asg_0025,stu_0675,sec_0005,2026-09-20 15:06:55
sub_00697,asg_0025,stu_0027,sec_0005,2026-09-20 15:32:27
sub_00698,asg_0025,stu_1088,sec_0005,2026-09-20 14:37:15
sub_00699,asg_0025,stu_0264,sec_0005,2026-09-20 00:01:02
sub_00700,asg_0025,stu_0370,sec_0005,2026-09-22 04:21:03
sub_00701,asg_0025,stu_0477,sec_0005,2026-09-20 04:27:02
sub_00702,asg_0025,stu_0711,sec_0005,2026-09-20 22:17:27
sub_00703,asg_0025,stu_0930,sec_0005,2026-09-20 12:02:41
sub_00704,asg_0025,stu_0870,sec_0005,2026-09-20 11:55:28
sub_00705,asg_0026,stu_0406,sec_0005,2026-10-13 16:59:16
sub_00706,asg_0026,stu_0557,sec_0005,2026-10-10 10:09:39
sub_00707,asg_0026,stu_0138,sec_0005,2026-10-13 12:52:52
sub_00708,asg_0026,stu_0092,sec_0005,2026-10-13 08:17:40
sub_00709,asg_0026,stu_0308,sec_0005,2026-10-07 04:20:03
sub_00710,asg_0026,stu_0070,sec_0005,2026-10-14 03:43:37
sub_00711,asg_0026,stu_0293,sec_0005,2026-10-14 00:10:38
sub_00712,asg_0026,stu_1224,sec_0005,2026-10-09 00:52:16
sub_00713,asg_0026,stu_0824,sec_0005,2026-10-07 00:02:33
sub_00714,asg_0026,stu_0942,sec_0005,2026-10-09 03:43:13
sub_00715,asg_0026,stu_0100,sec_0005,2026-10-08 04:06:24
sub_00716,asg_0026,stu_0090,sec_0005,2026-10-12 10:31:55
sub_00717,asg_0026,stu_0277,sec_0005,2026-10-12 07:32:28
sub_00718,asg_0026,stu_0530,sec_0005,2026-10-13 19:52:41
sub_00719,asg_0026,stu_0963,sec_0005,2026-10-12 05:21:48
sub_00720,asg_0026,stu_0494,sec_0005,2026-10-15 08:18:15
sub_00721,asg_0026,stu_1379,sec_0005,2026-10-08 08:13:53
sub_00722,asg_0026,stu_0598,sec_0005,2026-10-07 01:20:54
sub_00723,asg_0026,stu_0099,sec_0005,2026-10-12 19:15:04
sub_00724,asg_0026,stu_0763,sec_0005,2026-10-13 02:07:38
sub_00725,asg_0026,stu_0577,sec_0005,2026-10-14 08:58:47
sub_00726,asg_0026,stu_1321,sec_0005,2026-10-15 03:13:37
sub_00727,asg_0026,stu_0675,sec_0005,2026-10-14 19:08:39
sub_00728,asg_0026,stu_0027,sec_0005,2026-10-14 09:56:17
sub_00729,asg_0026,stu_0264,sec_0005,2026-10-06 20:39:16
sub_00730,asg_0026,stu_0370,sec_0005,2026-10-07 04:44:26
sub_00731,asg_0026,stu_0627,sec_0005,2026-10-07 12:04:38
sub_00732,asg_0026,stu_0477,sec_0005,2026-10-11 06:10:06
sub_00733,asg_0026,stu_0711,sec_0005,2026-10-09 00:40:28
sub_00734,asg_0026,stu_0930,sec_0005,2026-10-07 04:01:11
sub_00735,asg_0026,stu_0870,sec_0005,2026-10-15 12:01:20
sub_00736,asg_0027,stu_0406,sec_0005,2026-10-23 09:07:43
sub_00737,asg_0027,stu_0557,sec_0005,2026-10-22 18:21:37
sub_00738,asg_0027,stu_0138,sec_0005,2026-10-23 19:05:29
sub_00739,asg_0027,stu_0092,sec_0005,2026-10-22 12:36:43
sub_00740,asg_0027,stu_0308,sec_0005,2026-10-21 03:31:10
sub_00741,asg_0027,stu_0293,sec_0005,2026-10-22 12:21:40
sub_00742,asg_0027,stu_0908,sec_0005,2026-10-18 11:30:09
sub_00743,asg_0027,stu_1224,sec_0005,2026-10-13 22:00:00
sub_00744,asg_0027,stu_0824,sec_0005,2026-10-24 18:08:10
sub_00745,asg_0027,stu_0942,sec_0005,2026-10-20 09:21:56
sub_00746,asg_0027,stu_0100,sec_0005,2026-10-24 05:59:34
sub_00747,asg_0027,stu_0090,sec_0005,2026-10-19 11:17:42
sub_00748,asg_0027,stu_0277,sec_0005,2026-10-20 23:13:52
sub_00749,asg_0027,stu_0530,sec_0005,2026-10-23 07:36:22
sub_00750,asg_0027,stu_0963,sec_0005,2026-10-20 02:42:09
sub_00751,asg_0027,stu_0494,sec_0005,2026-10-25 10:38:18
sub_00752,asg_0027,stu_1379,sec_0005,2026-10-25 10:01:55
sub_00753,asg_0027,stu_0598,sec_0005,2026-10-19 13:51:15
sub_00754,asg_0027,stu_0099,sec_0005,2026-10-23 23:23:58
sub_00755,asg_0027,stu_0763,sec_0005,2026-10-20 01:38:40
sub_00756,asg_0027,stu_0577,sec_0005,2026-10-25 02:29:51
sub_00757,asg_0027,stu_0675,sec_0005,2026-10-23 23:09:28
sub_00758,asg_0027,stu_0027,sec_0005,2026-10-24 08:07:21
sub_00759,asg_0027,stu_1088,sec_0005,2026-10-22 09:09:51
sub_00760,asg_0027,stu_0264,sec_0005,2026-10-19 10:25:01
sub_00761,asg_0027,stu_0370,sec_0005,2026-10-20 14:41:44
sub_00762,asg_0027,stu_0627,sec_0005,2026-10-22 14:33:11
sub_00763,asg_0027,stu_0477,sec_0005,2026-10-24 01:27:29
sub_00764,asg_0027,stu_0711,sec_0005,2026-10-22 08:22:19
sub_00765,asg_0027,stu_0930,sec_0005,2026-10-25 03:17:39
sub_00766,asg_0027,stu_0870,sec_0005,2026-10-22 19:41:05
sub_00767,asg_0028,stu_0406,sec_0005,2026-11-06 23:53:20
sub_00768,asg_0028,stu_0557,sec_0005,2026-11-10 12:54:13
sub_00769,asg_0028,stu_0092,sec_0005,2026-11-07 06:39:04
sub_00770,asg_0028,stu_0072,sec_0005,2026-11-09 23:34:12
sub_00771,asg_0028,stu_0308,sec_0005,2026-11-06 04:34:14
sub_00772,asg_0028,stu_0070,sec_0005,2026-11-06 13:59:36
sub_00773,asg_0028,stu_0293,sec_0005,2026-11-06 18:53:40
sub_00774,asg_0028,stu_0908,sec_0005,2026-11-09 21:08:17
sub_00775,asg_0028,stu_1224,sec_0005,2026-11-06 20:12:39
sub_00776,asg_0028,stu_0942,sec_0005,2026-11-08 09:55:47
sub_00777,asg_0028,stu_0100,sec_0005,2026-11-04 19:44:08
sub_00778,asg_0028,stu_0090,sec_0005,2026-11-06 12:44:16
sub_00779,asg_0028,stu_0277,sec_0005,2026-11-03 04:18:28
sub_00780,asg_0028,stu_0530,sec_0005,2026-11-08 08:26:57
sub_00781,asg_0028,stu_0963,sec_0005,2026-11-08 07:53:58
sub_00782,asg_0028,stu_0494,sec_0005,2026-11-10 18:30:17
sub_00783,asg_0028,stu_1379,sec_0005,2026-11-05 01:53:29
sub_00784,asg_0028,stu_0598,sec_0005,2026-11-04 21:40:32
sub_00785,asg_0028,stu_0099,sec_0005,2026-11-10 02:55:37
sub_00786,asg_0028,stu_0763,sec_0005,2026-11-07 07:53:43
sub_00787,asg_0028,stu_0577,sec_0005,2026-11-04 02:59:13
sub_00788,asg_0028,stu_1321,sec_0005,2026-11-04 16:19:53
sub_00789,asg_0028,stu_0675,sec_0005,2026-11-10 00:09:18
sub_00790,asg_0028,stu_1088,sec_0005,2026-11-10 12:39:53
sub_00791,asg_0028,stu_0264,sec_0005,2026-11-01 19:16:05
sub_00792,asg_0028,stu_0627,sec_0005,2026-11-04 23:42:17
sub_00793,asg_0028,stu_0477,sec_0005,2026-11-04 07:08:50
sub_00794,asg_0028,stu_0711,sec_0005,2026-11-07 10:24:58
sub_00795,asg_0028,stu_0870,sec_0005,2026-11-03 18:39:50
sub_00796,asg_0029,stu_0406,sec_0005,2026-11-11 14:42:49
sub_00797,asg_0029,stu_0092,sec_0005,2026-11-11 15:19:17
sub_00798,asg_0029,stu_0072,sec_0005,2026-11-11 14:03:10
sub_00799,asg_0029,stu_0908,sec_0005,2026-11-11 11:23:13
sub_00800,asg_0029,stu_0824,sec_0005,2026-11-11 22:33:40
sub_00801,asg_0029,stu_0090,sec_0005,2026-11-11 21:08:00
sub_00802,asg_0029,stu_0277,sec_0005,2026-11-11 18:18:40
sub_00803,asg_0029,stu_0530,sec_0005,2026-11-11 16:36:34
sub_00804,asg_0029,stu_0494,sec_0005,2026-11-11 20:35:27
sub_00805,asg_0029,stu_0598,sec_0005,2026-11-11 21:46:11
sub_00806,asg_0029,stu_0099,sec_0005,2026-11-11 14:42:46
sub_00807,asg_0029,stu_0577,sec_0005,2026-11-11 13:57:59
sub_00808,asg_0029,stu_1321,sec_0005,2026-11-11 13:35:12
sub_00809,asg_0029,stu_0027,sec_0005,2026-11-11 16:35:35
sub_00810,asg_0029,stu_0370,sec_0005,2026-11-11 20:24:31
sub_00811,asg_0029,stu_0477,sec_0005,2026-11-11 21:20:18
sub_00812,asg_0029,stu_0711,sec_0005,2026-11-11 19:41:11
sub_00813,asg_0029,stu_0930,sec_0005,2026-11-11 14:13:46
sub_00814,asg_0029,stu_0870,sec_0005,2026-11-11 14:52:18
sub_00815,asg_0030,stu_0138,sec_0005,2026-11-25 15:49:13
sub_00816,asg_0030,stu_0092,sec_0005,2026-11-26 11:58:30
sub_00817,asg_0030,stu_0072,sec_0005,2026-11-25 22:07:44
sub_00818,asg_0030,stu_0293,sec_0005,2026-11-26 02:44:42
sub_00819,asg_0030,stu_0908,sec_0005,2026-11-25 11:26:37
sub_00820,asg_0030,stu_0942,sec_0005,2026-11-26 09:03:53
sub_00821,asg_0030,stu_0100,sec_0005,2026-11-26 00:49:31
sub_00822,asg_0030,stu_0090,sec_0005,2026-11-26 05:03:41
sub_00823,asg_0030,stu_0530,sec_0005,2026-11-26 16:20:47
sub_00824,asg_0030,stu_1379,sec_0005,2026-11-26 03:46:52
sub_00825,asg_0030,stu_0675,sec_0005,2026-11-26 03:45:34
sub_00826,asg_0030,stu_0027,sec_0005,2026-11-25 21:36:34
sub_00827,asg_0030,stu_0264,sec_0005,2026-11-26 07:30:01
sub_00828,asg_0030,stu_0627,sec_0005,2026-11-25 19:44:53
sub_00829,asg_0030,stu_0477,sec_0005,2026-11-26 06:24:11
sub_00830,asg_0030,stu_0711,sec_0005,2026-11-26 06:15:53
sub_00831,asg_0030,stu_0930,sec_0005,2026-11-25 19:45:18
sub_00832,asg_0030,stu_0870,sec_0005,2026-11-26 08:23:54
sub_00833,asg_0031,stu_1203,sec_0006,2026-09-17 07:05:10
sub_00834,asg_0031,stu_0905,sec_0006,2026-09-17 23:26:02
sub_00835,asg_0031,stu_0262,sec_0006,2026-09-17 09:45:22
sub_00836,asg_0031,stu_0624,sec_0006,2026-09-18 00:36:28
sub_00837,asg_0031,stu_0124,sec_0006,2026-09-17 13:00:45
sub_00838,asg_0031,stu_1198,sec_0006,2026-09-17 01:18:41
sub_00839,asg_0031,stu_0437,sec_0006,2026-09-17 03:37:40
sub_00840,asg_0031,stu_0921,sec_0006,2026-09-17 22:18:56
sub_00841,asg_0031,stu_0857,sec_0006,2026-09-17 02:46:09
sub_00842,asg_0031,stu_0263,sec_0006,2026-09-17 23:03:24
sub_00843,asg_0031,stu_0580,sec_0006,2026-09-17 18:26:22
sub_00844,asg_0031,stu_0831,sec_0006,2026-09-17 17:54:13
sub_00845,asg_0031,stu_1055,sec_0006,2026-09-17 16:14:02
sub_00846,asg_0031,stu_0321,sec_0006,2026-09-17 19:59:59
sub_00847,asg_0031,stu_0944,sec_0006,2026-09-17 10:14:37
sub_00848,asg_0032,stu_1335,sec_0006,2026-09-30 18:23:23
sub_00849,asg_0032,stu_1203,sec_0006,2026-09-30 22:59:44
sub_00850,asg_0032,stu_0710,sec_0006,2026-09-30 23:43:44
sub_00851,asg_0032,stu_0905,sec_0006,2026-09-30 17:16:05
sub_00852,asg_0032,stu_0262,sec_0006,2026-09-30 20:09:21
sub_00853,asg_0032,stu_0624,sec_0006,2026-09-30 20:05:28
sub_00854,asg_0032,stu_0124,sec_0006,2026-09-30 19:28:27
sub_00855,asg_0032,stu_0313,sec_0006,2026-09-30 15:06:26
sub_00856,asg_0032,stu_0437,sec_0006,2026-09-30 15:10:33
sub_00857,asg_0032,stu_0921,sec_0006,2026-09-30 12:41:18
sub_00858,asg_0032,stu_0857,sec_0006,2026-09-30 20:32:34
sub_00859,asg_0032,stu_0550,sec_0006,2026-09-30 15:38:03
sub_00860,asg_0032,stu_0580,sec_0006,2026-10-01 00:37:31
sub_00861,asg_0032,stu_0831,sec_0006,2026-09-30 20:10:40
sub_00862,asg_0032,stu_1055,sec_0006,2026-09-30 14:21:30
sub_00863,asg_0032,stu_0412,sec_0006,2026-09-30 16:10:15
sub_00864,asg_0033,stu_1335,sec_0006,2026-10-20 21:52:15
sub_00865,asg_0033,stu_1203,sec_0006,2026-10-19 01:51:57
sub_00866,asg_0033,stu_0448,sec_0006,2026-10-20 00:57:34
sub_00867,asg_0033,stu_0710,sec_0006,2026-10-19 19:32:29
sub_00868,asg_0033,stu_0262,sec_0006,2026-10-24 21:38:25
sub_00869,asg_0033,stu_0624,sec_0006,2026-10-22 17:25:59
sub_00870,asg_0033,stu_0124,sec_0006,2026-10-20 13:08:48
sub_00871,asg_0033,stu_0313,sec_0006,2026-10-22 10:53:34
sub_00872,asg_0033,stu_1201,sec_0006,2026-10-20 13:21:40
sub_00873,asg_0033,stu_1198,sec_0006,2026-10-24 18:45:57
sub_00874,asg_0033,stu_0437,sec_0006,2026-10-25 00:47:44
sub_00875,asg_0033,stu_1299,sec_0006,2026-10-19 01:53:05
sub_00876,asg_0033,stu_0921,sec_0006,2026-10-22 02:21:19
sub_00877,asg_0033,stu_0857,sec_0006,2026-10-21 01:40:10
sub_00878,asg_0033,stu_0550,sec_0006,2026-10-22 12:24:06
sub_00879,asg_0033,stu_0580,sec_0006,2026-10-21 16:09:53
sub_00880,asg_0033,stu_0831,sec_0006,2026-10-19 19:05:02
sub_00881,asg_0033,stu_0137,sec_0006,2026-10-24 18:40:56
sub_00882,asg_0033,stu_1055,sec_0006,2026-10-21 09:56:02
sub_00883,asg_0033,stu_0321,sec_0006,2026-10-23 21:05:08
sub_00884,asg_0033,stu_0944,sec_0006,2026-10-21 23:18:01
sub_00885,asg_0033,stu_0412,sec_0006,2026-10-24 04:16:55
sub_00886,asg_0034,stu_1203,sec_0006,2026-10-31 13:53:42
sub_00887,asg_0034,stu_0448,sec_0006,2026-10-31 23:58:07
sub_00888,asg_0034,stu_0710,sec_0006,2026-11-02 04:56:20
sub_00889,asg_0034,stu_0905,sec_0006,2026-11-01 23:07:07
sub_00890,asg_0034,stu_0262,sec_0006,2026-11-02 22:18:59
sub_00891,asg_0034,stu_0624,sec_0006,2026-10-31 17:14:08
sub_00892,asg_0034,stu_0124,sec_0006,2026-11-03 03:12:58
sub_00893,asg_0034,stu_0313,sec_0006,2026-11-01 07:28:40
sub_00894,asg_0034,stu_1201,sec_0006,2026-11-03 19:51:01
sub_00895,asg_0034,stu_1198,sec_0006,2026-11-02 21:39:57
sub_00896,asg_0034,stu_0437,sec_0006,2026-11-01 07:36:36
sub_00897,asg_0034,stu_1299,sec_0006,2026-11-02 18:29:46
sub_00898,asg_0034,stu_0921,sec_0006,2026-11-01 16:42:29
sub_00899,asg_0034,stu_0857,sec_0006,2026-11-01 04:21:07
sub_00900,asg_0034,stu_0550,sec_0006,2026-11-03 12:06:21
sub_00901,asg_0034,stu_0263,sec_0006,2026-11-01 01:27:45
sub_00902,asg_0034,stu_0580,sec_0006,2026-11-03 03:14:24
sub_00903,asg_0034,stu_0831,sec_0006,2026-11-03 01:01:26
sub_00904,asg_0034,stu_0137,sec_0006,2026-11-02 06:07:26
sub_00905,asg_0034,stu_1055,sec_0006,2026-11-03 05:15:31
sub_00906,asg_0034,stu_0321,sec_0006,2026-11-03 02:56:33
sub_00907,asg_0034,stu_0944,sec_0006,2026-10-31 03:36:11
sub_00908,asg_0034,stu_0412,sec_0006,2026-11-02 22:07:55
sub_00909,asg_0035,stu_1335,sec_0006,2026-11-17 02:45:17
sub_00910,asg_0035,stu_1203,sec_0006,2026-11-19 06:45:18
sub_00911,asg_0035,stu_0448,sec_0006,2026-11-20 15:04:47
sub_00912,asg_0035,stu_0710,sec_0006,2026-11-18 11:17:53
sub_00913,asg_0035,stu_0905,sec_0006,2026-11-19 19:14:12
sub_00914,asg_0035,stu_0262,sec_0006,2026-11-20 09:29:49
sub_00915,asg_0035,stu_0624,sec_0006,2026-11-16 11:42:21
sub_00916,asg_0035,stu_0124,sec_0006,2026-11-18 07:16:10
sub_00917,asg_0035,stu_0313,sec_0006,2026-11-17 06:15:12
sub_00918,asg_0035,stu_1201,sec_0006,2026-11-15 17:01:10
sub_00919,asg_0035,stu_1198,sec_0006,2026-11-17 15:32:19
sub_00920,asg_0035,stu_0437,sec_0006,2026-11-15 12:17:51
sub_00921,asg_0035,stu_0921,sec_0006,2026-11-16 09:02:20
sub_00922,asg_0035,stu_0857,sec_0006,2026-11-19 17:58:22
sub_00923,asg_0035,stu_0550,sec_0006,2026-11-18 19:44:48
sub_00924,asg_0035,stu_0263,sec_0006,2026-11-18 07:32:50
sub_00925,asg_0035,stu_0580,sec_0006,2026-11-20 03:59:57
sub_00926,asg_0035,stu_0831,sec_0006,2026-11-18 08:59:23
sub_00927,asg_0035,stu_0137,sec_0006,2026-11-17 06:42:06
sub_00928,asg_0035,stu_1055,sec_0006,2026-11-19 21:55:14
sub_00929,asg_0035,stu_0321,sec_0006,2026-11-15 16:14:51
sub_00930,asg_0035,stu_0944,sec_0006,2026-11-18 09:22:45
sub_00931,asg_0036,stu_1335,sec_0006,2026-12-02 23:38:24
sub_00932,asg_0036,stu_1203,sec_0006,2026-12-05 14:42:42
sub_00933,asg_0036,stu_0448,sec_0006,2026-12-04 23:26:49
sub_00934,asg_0036,stu_0710,sec_0006,2026-12-03 10:30:16
sub_00935,asg_0036,stu_0905,sec_0006,2026-12-02 08:39:55
sub_00936,asg_0036,stu_0262,sec_0006,2026-12-02 04:49:50
sub_00937,asg_0036,stu_0624,sec_0006,2026-12-01 14:48:31
sub_00938,asg_0036,stu_0124,sec_0006,2026-12-03 23:37:44
sub_00939,asg_0036,stu_0313,sec_0006,2026-12-05 20:40:26
sub_00940,asg_0036,stu_1201,sec_0006,2026-12-05 21:47:59
sub_00941,asg_0036,stu_1198,sec_0006,2026-12-02 18:40:11
sub_00942,asg_0036,stu_0437,sec_0006,2026-11-30 06:40:14
sub_00943,asg_0036,stu_1299,sec_0006,2026-12-01 22:34:40
sub_00944,asg_0036,stu_0857,sec_0006,2026-12-01 04:41:54
sub_00945,asg_0036,stu_0550,sec_0006,2026-11-30 05:51:17
sub_00946,asg_0036,stu_0263,sec_0006,2026-11-30 08:42:37
sub_00947,asg_0036,stu_0580,sec_0006,2026-12-02 18:07:57
sub_00948,asg_0036,stu_0831,sec_0006,2026-12-01 03:15:49
sub_00949,asg_0036,stu_0137,sec_0006,2026-11-30 19:36:40
sub_00950,asg_0036,stu_1055,sec_0006,2026-12-01 07:32:13
sub_00951,asg_0036,stu_0321,sec_0006,2026-12-01 01:51:28
sub_00952,asg_0036,stu_0944,sec_0006,2026-12-04 22:37:00
sub_00953,asg_0036,stu_0412,sec_0006,2026-12-03 04:30:52
sub_00954,asg_0037,stu_1066,sec_0007,2026-09-24 15:52:19
sub_00955,asg_0037,stu_1296,sec_0007,2026-09-27 10:10:30
sub_00956,asg_0037,stu_0383,sec_0007,2026-09-27 23:53:24
sub_00957,asg_0037,stu_0013,sec_0007,2026-09-23 15:19:46
sub_00958,asg_0037,stu_0076,sec_0007,2026-09-24 21:06:43
sub_00959,asg_0037,stu_1366,sec_0007,2026-09-23 06:07:25
sub_00960,asg_0037,stu_0241,sec_0007,2026-09-28 16:08:11
sub_00961,asg_0037,stu_0588,sec_0007,2026-09-24 06:53:09
sub_00962,asg_0037,stu_0713,sec_0007,2026-09-28 10:01:15
sub_00963,asg_0037,stu_0736,sec_0007,2026-09-25 00:30:20
sub_00964,asg_0037,stu_0959,sec_0007,2026-09-24 23:28:20
sub_00965,asg_0037,stu_0870,sec_0007,2026-09-25 14:22:20
sub_00966,asg_0037,stu_0023,sec_0007,2026-09-24 22:40:49
sub_00967,asg_0037,stu_0875,sec_0007,2026-09-28 06:47:50
sub_00968,asg_0037,stu_1375,sec_0007,2026-09-28 10:05:23
sub_00969,asg_0037,stu_0497,sec_0007,2026-09-23 05:48:05
sub_00970,asg_0037,stu_1044,sec_0007,2026-09-22 12:15:23
sub_00971,asg_0037,stu_1011,sec_0007,2026-09-26 01:23:16
sub_00972,asg_0037,stu_0631,sec_0007,2026-09-26 21:41:47
sub_00973,asg_0037,stu_0358,sec_0007,2026-09-28 08:26:45
sub_00974,asg_0037,stu_0258,sec_0007,2026-09-26 02:36:57
sub_00975,asg_0037,stu_0972,sec_0007,2026-09-24 09:43:49
sub_00976,asg_0037,stu_1205,sec_0007,2026-09-26 02:39:20
sub_00977,asg_0037,stu_1248,sec_0007,2026-09-28 06:31:45
sub_00978,asg_0037,stu_1138,sec_0007,2026-09-26 05:07:27
sub_00979,asg_0037,stu_0949,sec_0007,2026-09-27 17:14:34
sub_00980,asg_0037,stu_0568,sec_0007,2026-09-23 16:18:32
sub_00981,asg_0037,stu_1190,sec_0007,2026-09-26 22:59:09
sub_00982,asg_0037,stu_0858,sec_0007,2026-09-26 17:29:07
sub_00983,asg_0037,stu_0976,sec_0007,2026-09-28 10:00:27
sub_00984,asg_0037,stu_0482,sec_0007,2026-09-22 14:21:07
sub_00985,asg_0038,stu_1066,sec_0007,2026-10-12 20:20:31
sub_00986,asg_0038,stu_1296,sec_0007,2026-10-07 00:49:59
sub_00987,asg_0038,stu_0383,sec_0007,2026-10-08 17:37:00
sub_00988,asg_0038,stu_0013,sec_0007,2026-10-11 16:28:52
sub_00989,asg_0038,stu_0076,sec_0007,2026-10-10 14:09:25
sub_00990,asg_0038,stu_0752,sec_0007,2026-10-07 18:24:56
sub_00991,asg_0038,stu_0241,sec_0007,2026-10-04 20:28:35
sub_00992,asg_0038,stu_0973,sec_0007,2026-10-07 08:45:04
sub_00993,asg_0038,stu_0588,sec_0007,2026-10-07 19:35:47
sub_00994,asg_0038,stu_0713,sec_0007,2026-10-08 17:38:14
sub_00995,asg_0038,stu_0736,sec_0007,2026-10-08 19:56:25
sub_00996,asg_0038,stu_0959,sec_0007,2026-10-07 13:33:52
sub_00997,asg_0038,stu_0870,sec_0007,2026-10-08 15:40:40
sub_00998,asg_0038,stu_0023,sec_0007,2026-10-08 22:57:21
sub_00999,asg_0038,stu_0875,sec_0007,2026-10-08 20:39:49
sub_01000,asg_0038,stu_0639,sec_0007,2026-10-12 07:26:24
sub_01001,asg_0038,stu_1375,sec_0007,2026-10-12 22:39:32
sub_01002,asg_0038,stu_0497,sec_0007,2026-10-07 10:27:54
sub_01003,asg_0038,stu_1044,sec_0007,2026-10-08 06:03:34
sub_01004,asg_0038,stu_0631,sec_0007,2026-10-10 05:24:16
sub_01005,asg_0038,stu_0258,sec_0007,2026-10-08 06:08:29
sub_01006,asg_0038,stu_0972,sec_0007,2026-10-09 23:15:15
sub_01007,asg_0038,stu_1205,sec_0007,2026-10-09 05:52:08
sub_01008,asg_0038,stu_1248,sec_0007,2026-10-12 07:58:35
sub_01009,asg_0038,stu_0319,sec_0007,2026-10-11 00:31:47
sub_01010,asg_0038,stu_1138,sec_0007,2026-10-12 23:28:28
sub_01011,asg_0038,stu_0949,sec_0007,2026-10-10 06:45:41
sub_01012,asg_0038,stu_0568,sec_0007,2026-10-06 01:23:59
sub_01013,asg_0038,stu_1010,sec_0007,2026-10-12 15:53:36
sub_01014,asg_0038,stu_1190,sec_0007,2026-10-12 12:35:08
sub_01015,asg_0038,stu_0858,sec_0007,2026-10-11 02:24:07
sub_01016,asg_0038,stu_1288,sec_0007,2026-10-06 19:53:39
sub_01017,asg_0038,stu_0482,sec_0007,2026-10-06 05:46:19
sub_01018,asg_0039,stu_1296,sec_0007,2026-10-23 17:20:20
sub_01019,asg_0039,stu_0383,sec_0007,2026-10-27 08:47:14
sub_01020,asg_0039,stu_0013,sec_0007,2026-10-23 21:44:59
sub_01021,asg_0039,stu_0076,sec_0007,2026-10-27 01:53:01
sub_01022,asg_0039,stu_0752,sec_0007,2026-10-25 15:58:08
sub_01023,asg_0039,stu_1366,sec_0007,2026-10-26 01:38:53
sub_01024,asg_0039,stu_0973,sec_0007,2026-10-26 17:54:25
sub_01025,asg_0039,stu_0588,sec_0007,2026-10-28 00:43:45
sub_01026,asg_0039,stu_0713,sec_0007,2026-10-27 08:05:48
sub_01027,asg_0039,stu_0736,sec_0007,2026-10-26 15:28:17
sub_01028,asg_0039,stu_0424,sec_0007,2026-10-21 14:39:18
sub_01029,asg_0039,stu_0959,sec_0007,2026-10-21 15:45:41
sub_01030,asg_0039,stu_0870,sec_0007,2026-10-22 03:54:35
sub_01031,asg_0039,stu_0023,sec_0007,2026-10-28 14:04:23
sub_01032,asg_0039,stu_0875,sec_0007,2026-10-22 14:58:57
sub_01033,asg_0039,stu_0639,sec_0007,2026-10-23 23:45:30
sub_01034,asg_0039,stu_1375,sec_0007,2026-10-22 12:00:57
sub_01035,asg_0039,stu_0497,sec_0007,2026-10-21 03:57:49
sub_01036,asg_0039,stu_1011,sec_0007,2026-10-27 17:37:01
sub_01037,asg_0039,stu_0631,sec_0007,2026-10-28 20:35:17
sub_01038,asg_0039,stu_0358,sec_0007,2026-10-27 19:05:51
sub_01039,asg_0039,stu_0258,sec_0007,2026-10-24 08:12:42
sub_01040,asg_0039,stu_0972,sec_0007,2026-10-28 18:42:02
sub_01041,asg_0039,stu_1205,sec_0007,2026-10-20 22:46:06
sub_01042,asg_0039,stu_1248,sec_0007,2026-10-25 12:53:38
sub_01043,asg_0039,stu_0319,sec_0007,2026-10-27 10:16:27
sub_01044,asg_0039,stu_1138,sec_0007,2026-10-21 00:01:14
sub_01045,asg_0039,stu_0949,sec_0007,2026-10-26 10:32:30
sub_01046,asg_0039,stu_0568,sec_0007,2026-10-26 23:46:21
sub_01047,asg_0039,stu_1010,sec_0007,2026-10-26 23:06:22
sub_01048,asg_0039,stu_1190,sec_0007,2026-10-20 17:37:04
sub_01049,asg_0039,stu_0858,sec_0007,2026-10-21 07:34:48
sub_01050,asg_0039,stu_0976,sec_0007,2026-10-24 06:15:06
sub_01051,asg_0039,stu_1288,sec_0007,2026-10-25 03:45:52
sub_01052,asg_0039,stu_0482,sec_0007,2026-10-21 08:29:39
sub_01053,asg_0040,stu_1296,sec_0007,2026-11-04 21:58:30
sub_01054,asg_0040,stu_0383,sec_0007,2026-11-06 15:54:03
sub_01055,asg_0040,stu_0013,sec_0007,2026-11-05 10:13:24
sub_01056,asg_0040,stu_0076,sec_0007,2026-11-01 21:26:15
sub_01057,asg_0040,stu_0752,sec_0007,2026-11-02 09:12:47
sub_01058,asg_0040,stu_1366,sec_0007,2026-11-03 07:36:06
sub_01059,asg_0040,stu_0241,sec_0007,2026-11-01 12:03:34
sub_01060,asg_0040,stu_0973,sec_0007,2026-11-03 09:18:53
sub_01061,asg_0040,stu_0588,sec_0007,2026-11-05 16:21:04
sub_01062,asg_0040,stu_0713,sec_0007,2026-11-02 12:48:15
sub_01063,asg_0040,stu_0959,sec_0007,2026-11-03 16:01:58
sub_01064,asg_0040,stu_0870,sec_0007,2026-11-04 12:17:53
sub_01065,asg_0040,stu_0023,sec_0007,2026-11-04 03:56:46
sub_01066,asg_0040,stu_0639,sec_0007,2026-11-01 23:37:16
sub_01067,asg_0040,stu_1375,sec_0007,2026-11-04 09:29:48
sub_01068,asg_0040,stu_0497,sec_0007,2026-11-03 09:29:01
sub_01069,asg_0040,stu_1044,sec_0007,2026-11-03 22:44:41
sub_01070,asg_0040,stu_1011,sec_0007,2026-11-04 16:48:48
sub_01071,asg_0040,stu_0358,sec_0007,2026-11-04 23:20:27
sub_01072,asg_0040,stu_0258,sec_0007,2026-11-02 13:15:54
sub_01073,asg_0040,stu_0972,sec_0007,2026-11-05 23:48:06
sub_01074,asg_0040,stu_1205,sec_0007,2026-11-06 13:33:09
sub_01075,asg_0040,stu_1138,sec_0007,2026-11-05 15:31:21
sub_01076,asg_0040,stu_0949,sec_0007,2026-11-03 16:17:36
sub_01077,asg_0040,stu_0568,sec_0007,2026-11-06 00:41:48
sub_01078,asg_0040,stu_1010,sec_0007,2026-11-04 13:51:57
sub_01079,asg_0040,stu_1190,sec_0007,2026-11-02 22:04:36
sub_01080,asg_0040,stu_0976,sec_0007,2026-11-03 11:14:25
sub_01081,asg_0040,stu_1288,sec_0007,2026-11-05 11:44:32
sub_01082,asg_0040,stu_0482,sec_0007,2026-11-06 15:07:16
sub_01083,asg_0041,stu_1066,sec_0007,2026-11-16 10:44:25
sub_01084,asg_0041,stu_1296,sec_0007,2026-11-17 13:52:38
sub_01085,asg_0041,stu_0383,sec_0007,2026-11-17 07:02:44
sub_01086,asg_0041,stu_0013,sec_0007,2026-11-18 07:14:09
sub_01087,asg_0041,stu_0076,sec_0007,2026-11-17 16:09:27
sub_01088,asg_0041,stu_0752,sec_0007,2026-11-21 18:00:42
sub_01089,asg_0041,stu_1366,sec_0007,2026-11-17 07:32:03
sub_01090,asg_0041,stu_0973,sec_0007,2026-11-21 03:50:55
sub_01091,asg_0041,stu_0588,sec_0007,2026-11-19 19:18:26
sub_01092,asg_0041,stu_0713,sec_0007,2026-11-16 02:25:08
sub_01093,asg_0041,stu_0736,sec_0007,2026-11-21 02:19:51
sub_01094,asg_0041,stu_0959,sec_0007,2026-11-20 18:59:38
sub_01095,asg_0041,stu_0023,sec_0007,2026-11-20 07:03:38
sub_01096,asg_0041,stu_0875,sec_0007,2026-11-16 21:05:51
sub_01097,asg_0041,stu_0639,sec_0007,2026-11-19 18:33:17
sub_01098,asg_0041,stu_1375,sec_0007,2026-11-20 03:05:07
sub_01099,asg_0041,stu_0497,sec_0007,2026-11-21 11:20:58
sub_01100,asg_0041,stu_1044,sec_0007,2026-11-16 17:56:27
sub_01101,asg_0041,stu_1011,sec_0007,2026-11-21 12:23:36
sub_01102,asg_0041,stu_0631,sec_0007,2026-11-16 07:52:06
sub_01103,asg_0041,stu_0358,sec_0007,2026-11-20 00:43:16
sub_01104,asg_0041,stu_0258,sec_0007,2026-11-16 07:28:15
sub_01105,asg_0041,stu_0972,sec_0007,2026-11-21 15:19:02
sub_01106,asg_0041,stu_1205,sec_0007,2026-11-19 12:22:00
sub_01107,asg_0041,stu_1248,sec_0007,2026-11-21 03:55:56
sub_01108,asg_0041,stu_0319,sec_0007,2026-11-21 10:48:09
sub_01109,asg_0041,stu_1138,sec_0007,2026-11-21 00:31:01
sub_01110,asg_0041,stu_0949,sec_0007,2026-11-16 20:14:38
sub_01111,asg_0041,stu_0568,sec_0007,2026-11-18 10:50:24
sub_01112,asg_0041,stu_1010,sec_0007,2026-11-19 06:03:11
sub_01113,asg_0041,stu_1190,sec_0007,2026-11-20 18:00:48
sub_01114,asg_0041,stu_0858,sec_0007,2026-11-16 23:09:52
sub_01115,asg_0041,stu_0976,sec_0007,2026-11-10 11:00:00
sub_01116,asg_0041,stu_1288,sec_0007,2026-11-17 14:52:31
sub_01117,asg_0041,stu_0482,sec_0007,2026-11-17 19:07:50
sub_01118,asg_0042,stu_1066,sec_0007,2026-11-26 03:24:46
sub_01119,asg_0042,stu_1296,sec_0007,2026-11-26 15:06:27
sub_01120,asg_0042,stu_0383,sec_0007,2026-11-26 04:26:14
sub_01121,asg_0042,stu_0013,sec_0007,2026-11-25 22:44:44
sub_01122,asg_0042,stu_0752,sec_0007,2026-11-26 08:49:04
sub_01123,asg_0042,stu_1366,sec_0007,2026-11-25 22:16:16
sub_01124,asg_0042,stu_0241,sec_0007,2026-11-26 11:36:21
sub_01125,asg_0042,stu_0588,sec_0007,2026-11-26 16:20:26
sub_01126,asg_0042,stu_0713,sec_0007,2026-11-26 15:08:49
sub_01127,asg_0042,stu_0424,sec_0007,2026-11-26 03:15:37
sub_01128,asg_0042,stu_0959,sec_0007,2026-11-26 12:00:48
sub_01129,asg_0042,stu_0870,sec_0007,2026-11-26 02:29:23
sub_01130,asg_0042,stu_0875,sec_0007,2026-11-26 16:09:15
sub_01131,asg_0042,stu_0639,sec_0007,2026-11-26 02:52:08
sub_01132,asg_0042,stu_1375,sec_0007,2026-11-26 09:47:11
sub_01133,asg_0042,stu_0497,sec_0007,2026-11-26 13:17:11
sub_01134,asg_0042,stu_1044,sec_0007,2026-11-25 23:05:24
sub_01135,asg_0042,stu_0358,sec_0007,2026-11-26 01:30:19
sub_01136,asg_0042,stu_1205,sec_0007,2026-11-25 14:57:04
sub_01137,asg_0042,stu_1248,sec_0007,2026-11-26 02:02:48
sub_01138,asg_0042,stu_0319,sec_0007,2026-11-25 19:47:23
sub_01139,asg_0042,stu_1138,sec_0007,2026-11-26 00:25:56
sub_01140,asg_0042,stu_0949,sec_0007,2026-11-26 06:31:40
sub_01141,asg_0042,stu_0568,sec_0007,2026-11-26 16:10:29
sub_01142,asg_0042,stu_1010,sec_0007,2026-11-25 19:00:39
sub_01143,asg_0042,stu_0858,sec_0007,2026-11-26 09:32:31
sub_01144,asg_0042,stu_0976,sec_0007,2026-11-25 14:59:29
sub_01145,asg_0043,stu_0635,sec_0008,2026-09-20 03:36:04
sub_01146,asg_0043,stu_1191,sec_0008,2026-09-24 19:06:18
sub_01147,asg_0043,stu_0411,sec_0008,2026-09-20 13:09:18
sub_01148,asg_0043,stu_0150,sec_0008,2026-09-22 06:32:39
sub_01149,asg_0043,stu_1164,sec_0008,2026-09-22 06:31:31
sub_01150,asg_0043,stu_0190,sec_0008,2026-09-21 08:18:56
sub_01151,asg_0043,stu_0268,sec_0008,2026-09-20 04:45:34
sub_01152,asg_0043,stu_0408,sec_0008,2026-09-24 11:57:01
sub_01153,asg_0043,stu_1092,sec_0008,2026-09-23 10:54:02
sub_01154,asg_0043,stu_0016,sec_0008,2026-09-22 02:55:24
sub_01155,asg_0043,stu_0400,sec_0008,2026-09-21 04:47:19
sub_01156,asg_0043,stu_0710,sec_0008,2026-09-22 05:44:45
sub_01157,asg_0043,stu_0871,sec_0008,2026-09-22 12:07:51
sub_01158,asg_0043,stu_0764,sec_0008,2026-09-19 15:38:13
sub_01159,asg_0043,stu_1012,sec_0008,2026-09-20 17:17:40
sub_01160,asg_0043,stu_0561,sec_0008,2026-09-22 06:45:19
sub_01161,asg_0043,stu_0977,sec_0008,2026-09-20 18:21:41
sub_01162,asg_0043,stu_1227,sec_0008,2026-09-24 14:25:43
sub_01163,asg_0043,stu_1223,sec_0008,2026-09-23 06:08:18
sub_01164,asg_0043,stu_0893,sec_0008,2026-09-20 06:39:26
sub_01165,asg_0043,stu_1008,sec_0008,2026-09-21 14:44:03
sub_01166,asg_0043,stu_0399,sec_0008,2026-09-20 16:13:37
sub_01167,asg_0043,stu_0628,sec_0008,2026-09-23 21:51:50
sub_01168,asg_0043,stu_1104,sec_0008,2026-09-24 16:44:00
sub_01169,asg_0043,stu_0533,sec_0008,2026-09-24 03:08:28
sub_01170,asg_0043,stu_1359,sec_0008,2026-09-21 23:13:43
sub_01171,asg_0043,stu_0520,sec_0008,2026-09-21 06:10:46
sub_01172,asg_0043,stu_0139,sec_0008,2026-09-20 20:50:29
sub_01173,asg_0043,stu_0438,sec_0008,2026-09-21 00:21:47
sub_01174,asg_0043,stu_0591,sec_0008,2026-09-19 21:12:18
sub_01175,asg_0043,stu_0030,sec_0008,2026-09-23 07:02:17
sub_01176,asg_0043,stu_0156,sec_0008,2026-09-23 07:03:27
sub_01177,asg_0043,stu_1198,sec_0008,2026-09-22 20:00:23
sub_01178,asg_0043,stu_0347,sec_0008,2026-09-24 09:26:16
sub_01179,asg_0043,stu_0938,sec_0008,2026-09-20 23:58:47
sub_01180,asg_0043,stu_1038,sec_0008,2026-09-22 02:28:02
sub_01181,asg_0043,stu_0443,sec_0008,2026-09-23 05:01:56
sub_01182,asg_0043,stu_1005,sec_0008,2026-09-20 19:24:28
sub_01183,asg_0043,stu_0065,sec_0008,2026-09-20 16:51:41
sub_01184,asg_0044,stu_0635,sec_0008,2026-10-08 07:33:03
sub_01185,asg_0044,stu_1191,sec_0008,2026-10-06 05:50:45
sub_01186,asg_0044,stu_0411,sec_0008,2026-10-04 03:14:30
sub_01187,asg_0044,stu_0150,sec_0008,2026-10-08 14:54:48
sub_01188,asg_0044,stu_1164,sec_0008,2026-10-05 04:54:26
sub_01189,asg_0044,stu_0190,sec_0008,2026-10-06 00:51:53
sub_01190,asg_0044,stu_0268,sec_0008,2026-10-05 16:03:25
sub_01191,asg_0044,stu_0408,sec_0008,2026-10-07 00:55:01
sub_01192,asg_0044,stu_1300,sec_0008,2026-10-05 17:26:25
sub_01193,asg_0044,stu_1092,sec_0008,2026-10-05 22:52:26
sub_01194,asg_0044,stu_0016,sec_0008,2026-10-04 09:37:10
sub_01195,asg_0044,stu_0400,sec_0008,2026-10-04 14:55:13
sub_01196,asg_0044,stu_0710,sec_0008,2026-10-07 09:53:15
sub_01197,asg_0044,stu_0871,sec_0008,2026-10-04 03:56:28
sub_01198,asg_0044,stu_0764,sec_0008,2026-10-08 00:44:49
sub_01199,asg_0044,stu_1012,sec_0008,2026-10-05 07:10:55
sub_01200,asg_0044,stu_0977,sec_0008,2026-10-07 12:26:43
sub_01201,asg_0044,stu_1227,sec_0008,2026-10-05 13:12:09
sub_01202,asg_0044,stu_1223,sec_0008,2026-10-04 12:46:20
sub_01203,asg_0044,stu_1008,sec_0008,2026-10-07 08:19:39
sub_01204,asg_0044,stu_0399,sec_0008,2026-10-06 02:14:22
sub_01205,asg_0044,stu_1104,sec_0008,2026-10-08 16:55:47
sub_01206,asg_0044,stu_0533,sec_0008,2026-10-03 23:18:36
sub_01207,asg_0044,stu_1359,sec_0008,2026-10-03 22:39:48
sub_01208,asg_0044,stu_0520,sec_0008,2026-10-07 10:34:35
sub_01209,asg_0044,stu_0139,sec_0008,2026-10-04 19:33:53
sub_01210,asg_0044,stu_0438,sec_0008,2026-10-08 11:34:07
sub_01211,asg_0044,stu_0030,sec_0008,2026-10-06 05:27:11
sub_01212,asg_0044,stu_1198,sec_0008,2026-10-06 10:29:27
sub_01213,asg_0044,stu_0347,sec_0008,2026-10-06 09:01:44
sub_01214,asg_0044,stu_0938,sec_0008,2026-10-06 00:04:35
sub_01215,asg_0044,stu_1038,sec_0008,2026-10-05 22:36:23
sub_01216,asg_0044,stu_0301,sec_0008,2026-10-05 06:12:27
sub_01217,asg_0044,stu_0443,sec_0008,2026-10-05 06:11:22
sub_01218,asg_0044,stu_1005,sec_0008,2026-10-07 05:07:33
sub_01219,asg_0044,stu_0065,sec_0008,2026-10-06 00:14:58
sub_01220,asg_0044,stu_0899,sec_0008,2026-10-04 14:07:20
sub_01221,asg_0045,stu_0635,sec_0008,2026-10-20 11:53:01
sub_01222,asg_0045,stu_1191,sec_0008,2026-10-21 06:59:53
sub_01223,asg_0045,stu_0411,sec_0008,2026-10-21 08:25:17
sub_01224,asg_0045,stu_0150,sec_0008,2026-10-21 02:19:39
sub_01225,asg_0045,stu_1164,sec_0008,2026-10-23 15:53:25
sub_01226,asg_0045,stu_0190,sec_0008,2026-10-20 16:42:54
sub_01227,asg_0045,stu_0268,sec_0008,2026-10-23 02:33:42
sub_01228,asg_0045,stu_1300,sec_0008,2026-10-22 07:18:15
sub_01229,asg_0045,stu_1092,sec_0008,2026-10-21 19:12:09
sub_01230,asg_0045,stu_0016,sec_0008,2026-10-25 14:24:22
sub_01231,asg_0045,stu_0400,sec_0008,2026-10-25 10:37:03
sub_01232,asg_0045,stu_0710,sec_0008,2026-10-24 20:01:23
sub_01233,asg_0045,stu_0871,sec_0008,2026-10-19 07:56:48
sub_01234,asg_0045,stu_0764,sec_0008,2026-10-19 23:36:17
sub_01235,asg_0045,stu_1012,sec_0008,2026-10-25 20:59:56
sub_01236,asg_0045,stu_0561,sec_0008,2026-10-25 00:02:29
sub_01237,asg_0045,stu_0977,sec_0008,2026-10-24 09:39:48
sub_01238,asg_0045,stu_1227,sec_0008,2026-10-24 22:32:02
sub_01239,asg_0045,stu_1223,sec_0008,2026-10-21 14:50:38
sub_01240,asg_0045,stu_0893,sec_0008,2026-10-24 18:36:11
sub_01241,asg_0045,stu_1008,sec_0008,2026-10-22 23:09:11
sub_01242,asg_0045,stu_0399,sec_0008,2026-10-23 01:58:07
sub_01243,asg_0045,stu_0628,sec_0008,2026-10-23 08:16:58
sub_01244,asg_0045,stu_1104,sec_0008,2026-10-23 16:41:27
sub_01245,asg_0045,stu_0533,sec_0008,2026-10-24 20:00:42
sub_01246,asg_0045,stu_1359,sec_0008,2026-10-20 18:10:27
sub_01247,asg_0045,stu_0520,sec_0008,2026-10-21 11:27:22
sub_01248,asg_0045,stu_0139,sec_0008,2026-10-22 18:33:34
sub_01249,asg_0045,stu_0438,sec_0008,2026-10-13 16:00:00
sub_01250,asg_0045,stu_0591,sec_0008,2026-10-21 20:19:23
sub_01251,asg_0045,stu_0030,sec_0008,2026-10-21 14:57:10
sub_01252,asg_0045,stu_0156,sec_0008,2026-10-24 21:11:44
sub_01253,asg_0045,stu_1198,sec_0008,2026-10-20 06:35:21
sub_01254,asg_0045,stu_0347,sec_0008,2026-10-25 12:09:46
sub_01255,asg_0045,stu_0938,sec_0008,2026-10-21 15:47:24
sub_01256,asg_0045,stu_0095,sec_0008,2026-10-23 11:09:45
sub_01257,asg_0045,stu_1038,sec_0008,2026-10-21 04:02:19
sub_01258,asg_0045,stu_0443,sec_0008,2026-10-23 10:59:03
sub_01259,asg_0045,stu_1005,sec_0008,2026-10-21 19:20:04
sub_01260,asg_0045,stu_0065,sec_0008,2026-10-23 16:57:35
sub_01261,asg_0045,stu_0899,sec_0008,2026-10-22 15:55:27
sub_01262,asg_0046,stu_0635,sec_0008,2026-10-28 16:12:06
sub_01263,asg_0046,stu_1191,sec_0008,2026-10-28 20:13:48
sub_01264,asg_0046,stu_0411,sec_0008,2026-10-28 23:39:38
sub_01265,asg_0046,stu_0268,sec_0008,2026-10-28 15:07:34
sub_01266,asg_0046,stu_0408,sec_0008,2026-10-28 20:55:47
sub_01267,asg_0046,stu_1300,sec_0008,2026-10-28 23:39:40
sub_01268,asg_0046,stu_1092,sec_0008,2026-10-28 12:41:20
sub_01269,asg_0046,stu_0016,sec_0008,2026-10-28 14:00:44
sub_01270,asg_0046,stu_0400,sec_0008,2026-10-28 13:12:22
sub_01271,asg_0046,stu_0710,sec_0008,2026-10-28 18:41:47
sub_01272,asg_0046,stu_0764,sec_0008,2026-10-28 19:53:07
sub_01273,asg_0046,stu_1012,sec_0008,2026-10-28 17:03:34
sub_01274,asg_0046,stu_0561,sec_0008,2026-10-28 23:45:51
sub_01275,asg_0046,stu_0977,sec_0008,2026-10-28 16:47:46
sub_01276,asg_0046,stu_1227,sec_0008,2026-10-28 23:21:02
sub_01277,asg_0046,stu_0893,sec_0008,2026-10-28 23:59:24
sub_01278,asg_0046,stu_1008,sec_0008,2026-10-28 16:13:09
sub_01279,asg_0046,stu_0628,sec_0008,2026-10-28 21:13:58
sub_01280,asg_0046,stu_1104,sec_0008,2026-10-28 14:00:52
sub_01281,asg_0046,stu_0533,sec_0008,2026-10-28 21:31:43
sub_01282,asg_0046,stu_1359,sec_0008,2026-10-28 14:40:37
sub_01283,asg_0046,stu_0520,sec_0008,2026-10-28 13:16:41
sub_01284,asg_0046,stu_0438,sec_0008,2026-10-28 14:15:20
sub_01285,asg_0046,stu_0591,sec_0008,2026-10-28 12:32:53
sub_01286,asg_0046,stu_0030,sec_0008,2026-10-28 20:28:18
sub_01287,asg_0046,stu_0156,sec_0008,2026-10-28 18:16:26
sub_01288,asg_0046,stu_0347,sec_0008,2026-10-28 12:52:38
sub_01289,asg_0046,stu_0938,sec_0008,2026-10-28 12:29:31
sub_01290,asg_0046,stu_0095,sec_0008,2026-10-28 21:20:59
sub_01291,asg_0046,stu_0301,sec_0008,2026-10-28 22:31:16
sub_01292,asg_0046,stu_1005,sec_0008,2026-10-28 19:02:00
sub_01293,asg_0046,stu_0899,sec_0008,2026-10-28 12:23:57
sub_01294,asg_0047,stu_0635,sec_0008,2026-11-12 15:49:56
sub_01295,asg_0047,stu_1191,sec_0008,2026-11-12 12:29:20
sub_01296,asg_0047,stu_0411,sec_0008,2026-11-12 09:50:05
sub_01297,asg_0047,stu_0150,sec_0008,2026-11-12 02:23:30
sub_01298,asg_0047,stu_1164,sec_0008,2026-11-12 10:25:10
sub_01299,asg_0047,stu_0268,sec_0008,2026-11-11 21:25:31
sub_01300,asg_0047,stu_1300,sec_0008,2026-11-11 21:18:23
sub_01301,asg_0047,stu_1092,sec_0008,2026-11-12 16:36:45
sub_01302,asg_0047,stu_0016,sec_0008,2026-11-12 04:33:00
sub_01303,asg_0047,stu_0710,sec_0008,2026-11-12 02:11:45
sub_01304,asg_0047,stu_0871,sec_0008,2026-11-12 01:45:36
sub_01305,asg_0047,stu_0764,sec_0008,2026-11-12 19:11:34
sub_01306,asg_0047,stu_1012,sec_0008,2026-11-11 21:27:38
sub_01307,asg_0047,stu_0561,sec_0008,2026-11-12 14:58:03
sub_01308,asg_0047,stu_0977,sec_0008,2026-11-12 01:53:27
sub_01309,asg_0047,stu_1227,sec_0008,2026-11-12 15:29:50
sub_01310,asg_0047,stu_1223,sec_0008,2026-11-12 04:17:51
sub_01311,asg_0047,stu_1008,sec_0008,2026-11-12 15:11:41
sub_01312,asg_0047,stu_0399,sec_0008,2026-11-11 20:05:23
sub_01313,asg_0047,stu_0628,sec_0008,2026-11-12 16:00:23
sub_01314,asg_0047,stu_1104,sec_0008,2026-11-12 10:30:20
sub_01315,asg_0047,stu_0533,sec_0008,2026-11-12 08:31:35
sub_01316,asg_0047,stu_1359,sec_0008,2026-11-12 03:11:33
sub_01317,asg_0047,stu_0591,sec_0008,2026-11-12 13:52:35
sub_01318,asg_0047,stu_0030,sec_0008,2026-11-12 08:09:54
sub_01319,asg_0047,stu_0156,sec_0008,2026-11-11 23:42:44
sub_01320,asg_0047,stu_0347,sec_0008,2026-11-12 08:39:03
sub_01321,asg_0047,stu_0938,sec_0008,2026-11-12 07:31:44
sub_01322,asg_0047,stu_1005,sec_0008,2026-11-12 03:35:14
sub_01323,asg_0047,stu_0065,sec_0008,2026-11-12 01:51:37
sub_01324,asg_0047,stu_0899,sec_0008,2026-11-12 15:52:53
sub_01325,asg_0048,stu_0635,sec_0008,2026-11-29 20:05:40
sub_01326,asg_0048,stu_1191,sec_0008,2026-12-01 11:07:00
sub_01327,asg_0048,stu_0411,sec_0008,2026-12-02 19:21:34
sub_01328,asg_0048,stu_0150,sec_0008,2026-12-01 13:17:40
sub_01329,asg_0048,stu_1164,sec_0008,2026-12-04 06:50:12
sub_01330,asg_0048,stu_0190,sec_0008,2026-11-29 15:09:20
sub_01331,asg_0048,stu_0268,sec_0008,2026-12-03 04:44:15
sub_01332,asg_0048,stu_0408,sec_0008,2026-12-03 18:45:59
sub_01333,asg_0048,stu_1300,sec_0008,2026-12-01 09:07:23
sub_01334,asg_0048,stu_0016,sec_0008,2026-12-01 14:08:33
sub_01335,asg_0048,stu_0400,sec_0008,2026-11-29 02:52:43
sub_01336,asg_0048,stu_0710,sec_0008,2026-12-01 18:36:04
sub_01337,asg_0048,stu_0871,sec_0008,2026-12-03 08:08:14
sub_01338,asg_0048,stu_0764,sec_0008,2026-11-28 18:29:39
sub_01339,asg_0048,stu_1012,sec_0008,2026-12-02 20:04:28
sub_01340,asg_0048,stu_0561,sec_0008,2026-12-03 14:02:19
sub_01341,asg_0048,stu_0977,sec_0008,2026-12-02 22:27:57
sub_01342,asg_0048,stu_1227,sec_0008,2026-12-01 19:12:09
sub_01343,asg_0048,stu_1223,sec_0008,2026-12-04 15:26:08
sub_01344,asg_0048,stu_0893,sec_0008,2026-11-30 04:08:02
sub_01345,asg_0048,stu_1008,sec_0008,2026-11-29 19:12:22
sub_01346,asg_0048,stu_0399,sec_0008,2026-12-01 22:02:36
sub_01347,asg_0048,stu_0628,sec_0008,2026-12-04 15:29:50
sub_01348,asg_0048,stu_1104,sec_0008,2026-12-01 10:56:46
sub_01349,asg_0048,stu_0533,sec_0008,2026-12-03 04:33:04
sub_01350,asg_0048,stu_1359,sec_0008,2026-11-29 23:21:34
sub_01351,asg_0048,stu_0520,sec_0008,2026-12-01 23:33:21
sub_01352,asg_0048,stu_0139,sec_0008,2026-11-29 17:52:01
sub_01353,asg_0048,stu_0438,sec_0008,2026-12-03 04:55:43
sub_01354,asg_0048,stu_0591,sec_0008,2026-11-30 11:18:51
sub_01355,asg_0048,stu_0030,sec_0008,2026-12-01 18:44:08
sub_01356,asg_0048,stu_0156,sec_0008,2026-12-03 01:11:36
sub_01357,asg_0048,stu_1198,sec_0008,2026-12-01 07:12:23
sub_01358,asg_0048,stu_0347,sec_0008,2026-12-02 21:31:24
sub_01359,asg_0048,stu_0938,sec_0008,2026-12-02 00:36:27
sub_01360,asg_0048,stu_0095,sec_0008,2026-12-03 06:22:35
sub_01361,asg_0048,stu_1038,sec_0008,2026-12-04 00:10:58
sub_01362,asg_0048,stu_0301,sec_0008,2026-12-02 17:54:36
sub_01363,asg_0048,stu_0443,sec_0008,2026-12-01 20:46:51
sub_01364,asg_0048,stu_1005,sec_0008,2026-12-01 13:38:51
sub_01365,asg_0048,stu_0065,sec_0008,2026-12-02 03:43:05
sub_01366,asg_0048,stu_0899,sec_0008,2026-12-04 12:44:34
sub_01367,asg_0049,stu_1138,sec_0009,2026-09-20 15:55:14
sub_01368,asg_0049,stu_1297,sec_0009,2026-09-20 18:55:13
sub_01369,asg_0049,stu_0669,sec_0009,2026-09-19 21:36:05
sub_01370,asg_0049,stu_0863,sec_0009,2026-09-21 15:43:27
sub_01371,asg_0049,stu_0866,sec_0009,2026-09-22 17:27:41
sub_01372,asg_0049,stu_0311,sec_0009,2026-09-22 10:59:30
sub_01373,asg_0049,stu_0265,sec_0009,2026-09-19 20:28:44
sub_01374,asg_0049,stu_0936,sec_0009,2026-09-21 04:30:28
sub_01375,asg_0049,stu_0292,sec_0009,2026-09-22 00:43:54
sub_01376,asg_0049,stu_0044,sec_0009,2026-09-20 00:18:45
sub_01377,asg_0049,stu_0967,sec_0009,2026-09-20 20:12:26
sub_01378,asg_0049,stu_1031,sec_0009,2026-09-22 09:13:39
sub_01379,asg_0049,stu_0553,sec_0009,2026-09-21 09:06:49
sub_01380,asg_0049,stu_0451,sec_0009,2026-09-21 10:26:23
sub_01381,asg_0049,stu_1081,sec_0009,2026-09-21 03:45:29
sub_01382,asg_0049,stu_0661,sec_0009,2026-09-19 23:04:20
sub_01383,asg_0049,stu_0389,sec_0009,2026-09-19 01:04:16
sub_01384,asg_0050,stu_1138,sec_0009,2026-09-30 18:03:56
sub_01385,asg_0050,stu_1064,sec_0009,2026-09-30 11:54:44
sub_01386,asg_0050,stu_0669,sec_0009,2026-09-30 11:24:47
sub_01387,asg_0050,stu_0863,sec_0009,2026-09-30 22:36:14
sub_01388,asg_0050,stu_0311,sec_0009,2026-09-30 20:20:53
sub_01389,asg_0050,stu_0265,sec_0009,2026-09-30 16:57:59
sub_01390,asg_0050,stu_0936,sec_0009,2026-09-30 11:05:44
sub_01391,asg_0050,stu_0044,sec_0009,2026-09-30 11:21:48
sub_01392,asg_0050,stu_0918,sec_0009,2026-09-30 14:22:55
sub_01393,asg_0050,stu_1031,sec_0009,2026-09-30 17:11:34
sub_01394,asg_0050,stu_0451,sec_0009,2026-09-30 10:51:23
sub_01395,asg_0050,stu_0661,sec_0009,2026-09-30 12:09:59
sub_01396,asg_0050,stu_0585,sec_0009,2026-09-30 23:25:13
sub_01397,asg_0051,stu_1138,sec_0009,2026-10-21 06:12:34
sub_01398,asg_0051,stu_1064,sec_0009,2026-10-26 18:36:54
sub_01399,asg_0051,stu_0669,sec_0009,2026-10-22 20:48:39
sub_01400,asg_0051,stu_0863,sec_0009,2026-10-20 13:49:40
sub_01401,asg_0051,stu_0866,sec_0009,2026-10-20 23:00:43
sub_01402,asg_0051,stu_0311,sec_0009,2026-10-22 23:53:23
sub_01403,asg_0051,stu_0265,sec_0009,2026-10-27 09:11:16
sub_01404,asg_0051,stu_0936,sec_0009,2026-10-25 11:56:38
sub_01405,asg_0051,stu_0292,sec_0009,2026-10-25 21:07:27
sub_01406,asg_0051,stu_0044,sec_0009,2026-10-23 13:44:18
sub_01407,asg_0051,stu_0918,sec_0009,2026-10-25 12:31:54
sub_01408,asg_0051,stu_0967,sec_0009,2026-10-24 06:02:47
sub_01409,asg_0051,stu_1031,sec_0009,2026-10-25 11:32:14
sub_01410,asg_0051,stu_0553,sec_0009,2026-10-25 01:47:16
sub_01411,asg_0051,stu_0451,sec_0009,2026-10-20 14:17:20
sub_01412,asg_0051,stu_1081,sec_0009,2026-10-24 16:37:34
sub_01413,asg_0051,stu_0661,sec_0009,2026-10-23 07:38:59
sub_01414,asg_0051,stu_0389,sec_0009,2026-10-25 23:03:48
sub_01415,asg_0051,stu_0585,sec_0009,2026-10-20 06:54:33
sub_01416,asg_0052,stu_1138,sec_0009,2026-10-28 07:50:00
sub_01417,asg_0052,stu_1297,sec_0009,2026-10-28 05:21:46
sub_01418,asg_0052,stu_1064,sec_0009,2026-10-28 05:30:58
sub_01419,asg_0052,stu_0669,sec_0009,2026-10-28 11:37:02
sub_01420,asg_0052,stu_0863,sec_0009,2026-10-28 12:14:23
sub_01421,asg_0052,stu_0866,sec_0009,2026-10-28 08:36:31
sub_01422,asg_0052,stu_0265,sec_0009,2026-10-28 13:08:25
sub_01423,asg_0052,stu_0292,sec_0009,2026-10-28 11:22:28
sub_01424,asg_0052,stu_0044,sec_0009,2026-10-28 09:50:40
sub_01425,asg_0052,stu_0918,sec_0009,2026-10-28 04:10:20
sub_01426,asg_0052,stu_0967,sec_0009,2026-10-28 13:10:50
sub_01427,asg_0052,stu_1031,sec_0009,2026-10-28 07:51:50
sub_01428,asg_0052,stu_0553,sec_0009,2026-10-28 14:36:51
sub_01429,asg_0052,stu_0389,sec_0009,2026-10-28 05:57:00
sub_01430,asg_0053,stu_1138,sec_0009,2026-11-17 14:49:37
sub_01431,asg_0053,stu_1064,sec_0009,2026-11-16 07:09:48
sub_01432,asg_0053,stu_0669,sec_0009,2026-11-16 17:57:32
sub_01433,asg_0053,stu_0863,sec_0009,2026-11-18 01:58:10
sub_01434,asg_0053,stu_0866,sec_0009,2026-11-15 20:53:59
sub_01435,asg_0053,stu_0311,sec_0009,2026-11-15 01:28:03
sub_01436,asg_0053,stu_0936,sec_0009,2026-11-18 17:56:44
sub_01437,asg_0053,stu_0292,sec_0009,2026-11-18 07:56:37
sub_01438,asg_0053,stu_0044,sec_0009,2026-11-14 18:01:10
sub_01439,asg_0053,stu_0918,sec_0009,2026-11-17 04:37:39
sub_01440,asg_0053,stu_0967,sec_0009,2026-11-16 10:53:33
sub_01441,asg_0053,stu_1031,sec_0009,2026-11-15 10:31:50
sub_01442,asg_0053,stu_0451,sec_0009,2026-11-17 20:34:24
sub_01443,asg_0053,stu_1081,sec_0009,2026-11-18 06:44:50
sub_01444,asg_0053,stu_0661,sec_0009,2026-11-14 21:41:03
sub_01445,asg_0053,stu_0389,sec_0009,2026-11-15 05:58:57
sub_01446,asg_0053,stu_0585,sec_0009,2026-11-15 21:39:28
sub_01447,asg_0054,stu_1138,sec_0009,2026-11-30 03:15:33
sub_01448,asg_0054,stu_1297,sec_0009,2026-12-03 03:14:24
sub_01449,asg_0054,stu_1064,sec_0009,2026-11-30 07:39:09
sub_01450,asg_0054,stu_0669,sec_0009,2026-12-03 09:27:10
sub_01451,asg_0054,stu_0863,sec_0009,2026-12-03 03:13:11
sub_01452,asg_0054,stu_0866,sec_0009,2026-11-29 20:34:13
sub_01453,asg_0054,stu_0311,sec_0009,2026-11-29 15:19:03
sub_01454,asg_0054,stu_0265,sec_0009,2026-12-02 23:44:17
sub_01455,asg_0054,stu_0936,sec_0009,2026-12-03 05:36:14
sub_01456,asg_0054,stu_0292,sec_0009,2026-12-03 04:53:06
sub_01457,asg_0054,stu_0918,sec_0009,2026-11-30 22:50:39
sub_01458,asg_0054,stu_0967,sec_0009,2026-12-04 09:49:58
sub_01459,asg_0054,stu_1031,sec_0009,2026-11-30 21:01:02
sub_01460,asg_0054,stu_0553,sec_0009,2026-11-29 22:57:36
sub_01461,asg_0054,stu_1081,sec_0009,2026-12-02 14:29:19
sub_01462,asg_0054,stu_0661,sec_0009,2026-12-04 10:47:14
sub_01463,asg_0054,stu_0585,sec_0009,2026-12-03 11:27:48
sub_01464,asg_0055,stu_0615,sec_0010,2026-09-23 15:42:53
sub_01465,asg_0055,stu_0936,sec_0010,2026-09-26 17:28:02
sub_01466,asg_0055,stu_0682,sec_0010,2026-09-23 22:49:19
sub_01467,asg_0055,stu_1100,sec_0010,2026-09-22 05:36:40
sub_01468,asg_0055,stu_0718,sec_0010,2026-09-27 22:43:33
sub_01469,asg_0055,stu_1149,sec_0010,2026-09-23 01:19:03
sub_01470,asg_0055,stu_0189,sec_0010,2026-09-28 10:27:34
sub_01471,asg_0055,stu_1310,sec_0010,2026-09-29 14:35:51
sub_01472,asg_0055,stu_0937,sec_0010,2026-09-24 16:35:45
sub_01473,asg_0055,stu_1384,sec_0010,2026-09-26 07:45:24
sub_01474,asg_0055,stu_0954,sec_0010,2026-09-29 02:40:24
sub_01475,asg_0055,stu_0951,sec_0010,2026-09-24 22:09:57
sub_01476,asg_0055,stu_0308,sec_0010,2026-09-22 23:09:03
sub_01477,asg_0055,stu_0586,sec_0010,2026-09-25 08:42:55
sub_01478,asg_0055,stu_1366,sec_0010,2026-09-28 00:51:15
sub_01479,asg_0055,stu_0148,sec_0010,2026-09-24 18:00:38
sub_01480,asg_0055,stu_0696,sec_0010,2026-09-24 08:03:40
sub_01481,asg_0055,stu_0806,sec_0010,2026-09-25 05:21:14
sub_01482,asg_0055,stu_0261,sec_0010,2026-09-26 14:12:26
sub_01483,asg_0055,stu_0604,sec_0010,2026-09-24 00:14:27
sub_01484,asg_0055,stu_0171,sec_0010,2026-09-26 05:43:04
sub_01485,asg_0055,stu_1145,sec_0010,2026-09-24 21:37:51
sub_01486,asg_0056,stu_0936,sec_0010,2026-10-03 21:05:50
sub_01487,asg_0056,stu_0682,sec_0010,2026-10-03 07:42:58
sub_01488,asg_0056,stu_1100,sec_0010,2026-10-04 14:30:38
sub_01489,asg_0056,stu_0718,sec_0010,2026-10-04 19:23:55
sub_01490,asg_0056,stu_1149,sec_0010,2026-10-04 15:21:17
sub_01491,asg_0056,stu_0189,sec_0010,2026-10-04 02:18:34
sub_01492,asg_0056,stu_1310,sec_0010,2026-10-06 17:36:08
sub_01493,asg_0056,stu_0937,sec_0010,2026-10-06 09:24:11
sub_01494,asg_0056,stu_1384,sec_0010,2026-10-06 01:27:15
sub_01495,asg_0056,stu_0954,sec_0010,2026-10-04 09:24:48
sub_01496,asg_0056,stu_0951,sec_0010,2026-10-04 13:25:03
sub_01497,asg_0056,stu_0308,sec_0010,2026-10-05 13:57:51
sub_01498,asg_0056,stu_1366,sec_0010,2026-10-03 15:11:19
sub_01499,asg_0056,stu_0148,sec_0010,2026-10-06 11:25:21
sub_01500,asg_0056,stu_0873,sec_0010,2026-10-06 22:01:03
sub_01501,asg_0056,stu_0806,sec_0010,2026-10-06 01:09:09
sub_01502,asg_0056,stu_0800,sec_0010,2026-10-04 05:22:58
sub_01503,asg_0056,stu_0261,sec_0010,2026-10-06 22:41:06
sub_01504,asg_0056,stu_0604,sec_0010,2026-10-04 03:48:52
sub_01505,asg_0056,stu_0171,sec_0010,2026-10-05 10:11:38
sub_01506,asg_0056,stu_1145,sec_0010,2026-10-03 14:29:54
sub_01507,asg_0057,stu_0615,sec_0010,2026-10-18 04:51:22
sub_01508,asg_0057,stu_0936,sec_0010,2026-10-19 18:02:09
sub_01509,asg_0057,stu_0682,sec_0010,2026-10-20 16:17:58
sub_01510,asg_0057,stu_1100,sec_0010,2026-10-17 10:30:13
sub_01511,asg_0057,stu_1149,sec_0010,2026-10-19 13:06:54
sub_01512,asg_0057,stu_0189,sec_0010,2026-10-18 12:50:04
sub_01513,asg_0057,stu_1310,sec_0010,2026-10-19 03:55:16
sub_01514,asg_0057,stu_0937,sec_0010,2026-10-18 13:49:58
sub_01515,asg_0057,stu_1384,sec_0010,2026-10-17 15:20:18
sub_01516,asg_0057,stu_0954,sec_0010,2026-10-18 05:38:18
sub_01517,asg_0057,stu_0951,sec_0010,2026-10-19 07:02:18
sub_01518,asg_0057,stu_0308,sec_0010,2026-10-17 02:30:31
sub_01519,asg_0057,stu_0586,sec_0010,2026-10-17 09:41:34
sub_01520,asg_0057,stu_1366,sec_0010,2026-10-19 06:18:34
sub_01521,asg_0057,stu_0148,sec_0010,2026-10-16 22:49:31
sub_01522,asg_0057,stu_0873,sec_0010,2026-10-19 07:50:15
sub_01523,asg_0057,stu_0696,sec_0010,2026-10-18 03:18:43
sub_01524,asg_0057,stu_0806,sec_0010,2026-10-20 15:13:51
sub_01525,asg_0057,stu_0800,sec_0010,2026-10-19 23:36:21
sub_01526,asg_0057,stu_0261,sec_0010,2026-10-18 13:48:02
sub_01527,asg_0057,stu_0604,sec_0010,2026-10-18 21:28:15
sub_01528,asg_0057,stu_0171,sec_0010,2026-10-18 09:56:13
sub_01529,asg_0057,stu_1145,sec_0010,2026-10-18 00:15:56
sub_01530,asg_0058,stu_0615,sec_0010,2026-11-01 10:59:24
sub_01531,asg_0058,stu_0936,sec_0010,2026-11-04 10:04:18
sub_01532,asg_0058,stu_1100,sec_0010,2026-11-02 07:44:35
sub_01533,asg_0058,stu_0718,sec_0010,2026-11-02 07:17:33
sub_01534,asg_0058,stu_1149,sec_0010,2026-11-06 11:09:11
sub_01535,asg_0058,stu_0189,sec_0010,2026-11-05 03:09:51
sub_01536,asg_0058,stu_1310,sec_0010,2026-11-02 19:31:56
sub_01537,asg_0058,stu_0937,sec_0010,2026-11-02 18:38:29
sub_01538,asg_0058,stu_1384,sec_0010,2026-11-04 00:25:42
sub_01539,asg_0058,stu_0954,sec_0010,2026-11-03 16:38:28
sub_01540,asg_0058,stu_0951,sec_0010,2026-10-31 22:21:26
sub_01541,asg_0058,stu_0586,sec_0010,2026-11-04 09:16:01
sub_01542,asg_0058,stu_1366,sec_0010,2026-11-01 20:04:37
sub_01543,asg_0058,stu_0148,sec_0010,2026-11-06 15:44:08
sub_01544,asg_0058,stu_0873,sec_0010,2026-11-03 05:45:48
sub_01545,asg_0058,stu_0696,sec_0010,2026-11-03 01:13:43
sub_01546,asg_0058,stu_0806,sec_0010,2026-11-04 13:13:36
sub_01547,asg_0058,stu_0800,sec_0010,2026-11-04 22:18:07
sub_01548,asg_0058,stu_0261,sec_0010,2026-11-05 21:23:32
sub_01549,asg_0058,stu_0604,sec_0010,2026-11-03 06:11:24
sub_01550,asg_0058,stu_0171,sec_0010,2026-11-06 10:43:25
sub_01551,asg_0058,stu_1145,sec_0010,2026-11-05 19:50:19
sub_01552,asg_0059,stu_0615,sec_0010,2026-11-18 06:54:30
sub_01553,asg_0059,stu_0936,sec_0010,2026-11-21 06:43:43
sub_01554,asg_0059,stu_0682,sec_0010,2026-11-16 09:27:28
sub_01555,asg_0059,stu_1100,sec_0010,2026-11-23 00:30:52
sub_01556,asg_0059,stu_0718,sec_0010,2026-11-25 00:09:12
sub_01557,asg_0059,stu_0189,sec_0010,2026-11-18 17:48:47
sub_01558,asg_0059,stu_1310,sec_0010,2026-11-18 05:38:48
sub_01559,asg_0059,stu_0937,sec_0010,2026-11-19 01:54:28
sub_01560,asg_0059,stu_1384,sec_0010,2026-11-17 20:00:40
sub_01561,asg_0059,stu_0954,sec_0010,2026-11-20 17:25:21
sub_01562,asg_0059,stu_0951,sec_0010,2026-11-24 02:12:57
sub_01563,asg_0059,stu_0308,sec_0010,2026-11-21 03:42:35
sub_01564,asg_0059,stu_0586,sec_0010,2026-11-24 10:53:52
sub_01565,asg_0059,stu_0148,sec_0010,2026-11-20 11:50:19
sub_01566,asg_0059,stu_0806,sec_0010,2026-11-24 12:35:29
sub_01567,asg_0059,stu_0800,sec_0010,2026-11-21 14:52:12
sub_01568,asg_0059,stu_0261,sec_0010,2026-11-24 00:09:00
sub_01569,asg_0059,stu_0604,sec_0010,2026-11-24 16:20:43
sub_01570,asg_0059,stu_0171,sec_0010,2026-11-22 02:08:36
sub_01571,asg_0059,stu_1145,sec_0010,2026-11-24 05:35:04
sub_01572,asg_0060,stu_0615,sec_0010,2026-12-01 02:28:04
sub_01573,asg_0060,stu_0936,sec_0010,2026-12-06 02:27:18
sub_01574,asg_0060,stu_0682,sec_0010,2026-12-02 20:03:03
sub_01575,asg_0060,stu_1100,sec_0010,2026-12-02 07:22:28
sub_01576,asg_0060,stu_0718,sec_0010,2026-11-30 06:31:45
sub_01577,asg_0060,stu_0189,sec_0010,2026-12-01 10:42:27
sub_01578,asg_0060,stu_1310,sec_0010,2026-12-02 17:33:29
sub_01579,asg_0060,stu_0937,sec_0010,2026-12-04 00:53:24
sub_01580,asg_0060,stu_1384,sec_0010,2026-12-04 18:01:46
sub_01581,asg_0060,stu_0954,sec_0010,2026-12-02 18:02:21
sub_01582,asg_0060,stu_0951,sec_0010,2026-11-29 03:48:29
sub_01583,asg_0060,stu_0586,sec_0010,2026-11-30 05:01:43
sub_01584,asg_0060,stu_1366,sec_0010,2026-12-03 14:54:13
sub_01585,asg_0060,stu_0148,sec_0010,2026-12-03 04:06:35
sub_01586,asg_0060,stu_0873,sec_0010,2026-12-03 00:28:20
sub_01587,asg_0060,stu_0696,sec_0010,2026-12-04 03:56:03
sub_01588,asg_0060,stu_0806,sec_0010,2026-12-03 04:27:46
sub_01589,asg_0060,stu_0800,sec_0010,2026-12-06 17:58:45
sub_01590,asg_0060,stu_0261,sec_0010,2026-12-02 06:34:24
sub_01591,asg_0060,stu_0604,sec_0010,2026-12-04 02:16:32
sub_01592,asg_0060,stu_0171,sec_0010,2026-12-06 17:59:48
sub_01593,asg_0060,stu_1145,sec_0010,2026-12-04 06:38:49
sub_01594,asg_0061,stu_0923,sec_0011,2026-09-25 04:43:46
sub_01595,asg_0061,stu_0613,sec_0011,2026-09-20 22:12:37
sub_01596,asg_0061,stu_0122,sec_0011,2026-09-23 04:40:59
sub_01597,asg_0061,stu_0848,sec_0011,2026-09-22 02:40:12
sub_01598,asg_0061,stu_1309,sec_0011,2026-09-25 08:18:08
sub_01599,asg_0061,stu_1020,sec_0011,2026-09-23 16:37:16
sub_01600,asg_0061,stu_1192,sec_0011,2026-09-21 00:11:07
sub_01601,asg_0061,stu_0160,sec_0011,2026-09-25 16:32:00
sub_01602,asg_0061,stu_0206,sec_0011,2026-09-25 07:34:14
sub_01603,asg_0061,stu_0287,sec_0011,2026-09-23 03:53:25
sub_01604,asg_0061,stu_1236,sec_0011,2026-09-26 15:00:57
sub_01605,asg_0061,stu_0021,sec_0011,2026-09-23 08:14:00
sub_01606,asg_0061,stu_1242,sec_0011,2026-09-25 09:33:37
sub_01607,asg_0061,stu_0737,sec_0011,2026-09-21 14:54:09
sub_01608,asg_0061,stu_1202,sec_0011,2026-09-21 13:07:38
sub_01609,asg_0061,stu_0450,sec_0011,2026-09-22 03:28:03
sub_01610,asg_0061,stu_0283,sec_0011,2026-09-26 13:49:23
sub_01611,asg_0061,stu_0296,sec_0011,2026-09-21 13:33:46
sub_01612,asg_0061,stu_0502,sec_0011,2026-09-24 09:32:26
sub_01613,asg_0061,stu_0445,sec_0011,2026-09-24 22:34:00
sub_01614,asg_0061,stu_0783,sec_0011,2026-09-22 18:15:52
sub_01615,asg_0061,stu_0567,sec_0011,2026-09-23 19:28:22
sub_01616,asg_0061,stu_0704,sec_0011,2026-09-24 07:31:49
sub_01617,asg_0061,stu_0876,sec_0011,2026-09-21 03:59:41
sub_01618,asg_0061,stu_1329,sec_0011,2026-09-21 05:54:53
sub_01619,asg_0061,stu_1173,sec_0011,2026-09-25 23:44:10
sub_01620,asg_0061,stu_1122,sec_0011,2026-09-25 22:33:18
sub_01621,asg_0061,stu_0747,sec_0011,2026-09-22 10:37:50
sub_01622,asg_0061,stu_0176,sec_0011,2026-09-22 20:31:51
sub_01623,asg_0061,stu_0657,sec_0011,2026-09-24 14:16:54
sub_01624,asg_0061,stu_0816,sec_0011,2026-09-26 22:56:00
sub_01625,asg_0061,stu_1153,sec_0011,2026-09-21 05:41:05
sub_01626,asg_0061,stu_0432,sec_0011,2026-09-21 16:54:03
sub_01627,asg_0062,stu_0043,sec_0011,2026-10-07 13:21:05
sub_01628,asg_0062,stu_0923,sec_0011,2026-10-07 15:13:41
sub_01629,asg_0062,stu_0122,sec_0011,2026-10-05 01:56:23
sub_01630,asg_0062,stu_0848,sec_0011,2026-10-04 13:03:30
sub_01631,asg_0062,stu_1309,sec_0011,2026-10-07 15:29:22
sub_01632,asg_0062,stu_1020,sec_0011,2026-10-07 10:55:24
sub_01633,asg_0062,stu_1192,sec_0011,2026-10-05 16:41:56
sub_01634,asg_0062,stu_0160,sec_0011,2026-10-04 13:04:47
sub_01635,asg_0062,stu_0206,sec_0011,2026-10-06 07:15:59
sub_01636,asg_0062,stu_0287,sec_0011,2026-10-03 10:46:33
sub_01637,asg_0062,stu_1365,sec_0011,2026-10-03 21:04:27
sub_01638,asg_0062,stu_1236,sec_0011,2026-10-07 06:00:41
sub_01639,asg_0062,stu_1242,sec_0011,2026-10-04 21:15:41
sub_01640,asg_0062,stu_0737,sec_0011,2026-10-03 11:07:11
sub_01641,asg_0062,stu_1202,sec_0011,2026-10-03 21:23:15
sub_01642,asg_0062,stu_0450,sec_0011,2026-10-06 12:09:05
sub_01643,asg_0062,stu_0283,sec_0011,2026-10-05 19:06:09
sub_01644,asg_0062,stu_0296,sec_0011,2026-10-06 06:15:40
sub_01645,asg_0062,stu_0502,sec_0011,2026-10-04 00:28:45
sub_01646,asg_0062,stu_0445,sec_0011,2026-10-04 13:16:36
sub_01647,asg_0062,stu_0783,sec_0011,2026-10-06 14:53:59
sub_01648,asg_0062,stu_0567,sec_0011,2026-10-07 08:53:04
sub_01649,asg_0062,stu_0704,sec_0011,2026-10-06 04:30:17
sub_01650,asg_0062,stu_0876,sec_0011,2026-10-04 12:32:06
sub_01651,asg_0062,stu_1329,sec_0011,2026-10-04 14:06:34
sub_01652,asg_0062,stu_1173,sec_0011,2026-10-03 16:13:11
sub_01653,asg_0062,stu_1122,sec_0011,2026-10-03 16:50:42
sub_01654,asg_0062,stu_0747,sec_0011,2026-10-06 11:36:10
sub_01655,asg_0062,stu_0176,sec_0011,2026-10-06 01:02:18
sub_01656,asg_0062,stu_0657,sec_0011,2026-10-04 17:39:23
sub_01657,asg_0062,stu_0816,sec_0011,2026-10-03 17:32:22
sub_01658,asg_0062,stu_1153,sec_0011,2026-10-04 09:37:15
sub_01659,asg_0062,stu_0432,sec_0011,2026-10-07 14:31:46
sub_01660,asg_0063,stu_0043,sec_0011,2026-10-24 14:14:27
sub_01661,asg_0063,stu_0923,sec_0011,2026-10-26 04:22:18
sub_01662,asg_0063,stu_0613,sec_0011,2026-10-24 09:43:30
sub_01663,asg_0063,stu_0122,sec_0011,2026-10-28 10:18:12
sub_01664,asg_0063,stu_0848,sec_0011,2026-10-28 21:56:21
sub_01665,asg_0063,stu_1309,sec_0011,2026-10-20 19:24:28
sub_01666,asg_0063,stu_1020,sec_0011,2026-10-23 20:24:21
sub_01667,asg_0063,stu_1192,sec_0011,2026-10-22 11:12:03
sub_01668,asg_0063,stu_0160,sec_0011,2026-10-29 03:34:52
sub_01669,asg_0063,stu_0206,sec_0011,2026-10-23 00:11:12
sub_01670,asg_0063,stu_0287,sec_0011,2026-10-26 23:40:16
sub_01671,asg_0063,stu_1365,sec_0011,2026-10-26 11:24:55
sub_01672,asg_0063,stu_1236,sec_0011,2026-10-27 19:33:44
sub_01673,asg_0063,stu_0021,sec_0011,2026-10-26 07:32:10
sub_01674,asg_0063,stu_1242,sec_0011,2026-10-25 07:03:04
sub_01675,asg_0063,stu_0737,sec_0011,2026-10-26 09:32:42
sub_01676,asg_0063,stu_1202,sec_0011,2026-10-21 01:04:05
sub_01677,asg_0063,stu_0450,sec_0011,2026-10-24 15:26:02
sub_01678,asg_0063,stu_0283,sec_0011,2026-10-23 21:42:10
sub_01679,asg_0063,stu_0296,sec_0011,2026-10-21 23:06:19
sub_01680,asg_0063,stu_0502,sec_0011,2026-10-24 01:35:48
sub_01681,asg_0063,stu_0445,sec_0011,2026-10-21 09:51:40
sub_01682,asg_0063,stu_0783,sec_0011,2026-10-28 10:28:35
sub_01683,asg_0063,stu_0567,sec_0011,2026-10-27 10:08:42
sub_01684,asg_0063,stu_0876,sec_0011,2026-10-24 11:30:47
sub_01685,asg_0063,stu_1329,sec_0011,2026-10-27 16:27:56
sub_01686,asg_0063,stu_1173,sec_0011,2026-10-27 13:48:48
sub_01687,asg_0063,stu_1122,sec_0011,2026-10-28 04:11:04
sub_01688,asg_0063,stu_0747,sec_0011,2026-10-28 07:31:57
sub_01689,asg_0063,stu_0176,sec_0011,2026-10-23 22:40:40
sub_01690,asg_0063,stu_0657,sec_0011,2026-10-28 07:27:31
sub_01691,asg_0063,stu_0816,sec_0011,2026-10-26 20:51:48
sub_01692,asg_0063,stu_1153,sec_0011,2026-10-27 06:38:38
sub_01693,asg_0063,stu_0432,sec_0011,2026-10-28 07:32:54
sub_01694,asg_0064,stu_0043,sec_0011,2026-10-28 10:45:28
sub_01695,asg_0064,stu_0848,sec_0011,2026-10-28 07:17:30
sub_01696,asg_0064,stu_1309,sec_0011,2026-10-28 09:11:52
sub_01697,asg_0064,stu_1020,sec_0011,2026-10-28 15:46:27
sub_01698,asg_0064,stu_1192,sec_0011,2026-10-28 16:53:25
sub_01699,asg_0064,stu_0160,sec_0011,2026-10-28 14:00:52
sub_01700,asg_0064,stu_0287,sec_0011,2026-10-28 11:24:42
sub_01701,asg_0064,stu_1365,sec_0011,2026-10-28 07:38:30
sub_01702,asg_0064,stu_1236,sec_0011,2026-10-28 11:59:36
sub_01703,asg_0064,stu_0021,sec_0011,2026-10-28 06:05:14
sub_01704,asg_0064,stu_1242,sec_0011,2026-10-28 09:40:59
sub_01705,asg_0064,stu_0450,sec_0011,2026-10-28 13:25:21
sub_01706,asg_0064,stu_0296,sec_0011,2026-10-28 10:32:37
sub_01707,asg_0064,stu_0502,sec_0011,2026-10-28 12:16:52
sub_01708,asg_0064,stu_0445,sec_0011,2026-10-28 04:59:30
sub_01709,asg_0064,stu_0783,sec_0011,2026-10-28 06:37:14
sub_01710,asg_0064,stu_0567,sec_0011,2026-10-28 04:27:32
sub_01711,asg_0064,stu_0704,sec_0011,2026-10-28 04:56:30
sub_01712,asg_0064,stu_0876,sec_0011,2026-10-28 13:12:37
sub_01713,asg_0064,stu_1329,sec_0011,2026-10-28 09:45:08
sub_01714,asg_0064,stu_1173,sec_0011,2026-10-28 13:32:32
sub_01715,asg_0064,stu_1122,sec_0011,2026-10-28 07:35:50
sub_01716,asg_0064,stu_0176,sec_0011,2026-10-28 07:51:33
sub_01717,asg_0064,stu_0816,sec_0011,2026-10-28 13:41:03
sub_01718,asg_0064,stu_1153,sec_0011,2026-10-28 14:53:49
sub_01719,asg_0065,stu_0043,sec_0011,2026-11-20 02:32:20
sub_01720,asg_0065,stu_0923,sec_0011,2026-11-18 01:18:29
sub_01721,asg_0065,stu_0613,sec_0011,2026-11-24 03:11:16
sub_01722,asg_0065,stu_0848,sec_0011,2026-11-17 13:10:50
sub_01723,asg_0065,stu_1309,sec_0011,2026-11-24 05:29:00
sub_01724,asg_0065,stu_1020,sec_0011,2026-11-20 03:08:15
sub_01725,asg_0065,stu_1192,sec_0011,2026-11-22 10:17:05
sub_01726,asg_0065,stu_0160,sec_0011,2026-11-20 10:43:40
sub_01727,asg_0065,stu_0206,sec_0011,2026-11-19 03:04:57
sub_01728,asg_0065,stu_0287,sec_0011,2026-11-23 08:53:46
sub_01729,asg_0065,stu_1365,sec_0011,2026-11-21 00:18:31
sub_01730,asg_0065,stu_1236,sec_0011,2026-11-22 13:00:20
sub_01731,asg_0065,stu_0021,sec_0011,2026-11-25 08:53:05
sub_01732,asg_0065,stu_1242,sec_0011,2026-11-21 09:41:40
sub_01733,asg_0065,stu_0737,sec_0011,2026-11-19 19:57:20
sub_01734,asg_0065,stu_1202,sec_0011,2026-11-20 17:48:15
sub_01735,asg_0065,stu_0450,sec_0011,2026-11-24 09:02:48
sub_01736,asg_0065,stu_0283,sec_0011,2026-11-22 17:49:36
sub_01737,asg_0065,stu_0296,sec_0011,2026-11-23 18:40:12
sub_01738,asg_0065,stu_0502,sec_0011,2026-11-24 13:36:26
sub_01739,asg_0065,stu_0445,sec_0011,2026-11-18 11:41:12
sub_01740,asg_0065,stu_0783,sec_0011,2026-11-23 20:39:37
sub_01741,asg_0065,stu_0567,sec_0011,2026-11-21 03:23:41
sub_01742,asg_0065,stu_0704,sec_0011,2026-11-19 07:10:01
sub_01743,asg_0065,stu_0876,sec_0011,2026-11-20 21:09:16
sub_01744,asg_0065,stu_1329,sec_0011,2026-11-20 01:49:24
sub_01745,asg_0065,stu_1173,sec_0011,2026-11-24 20:36:04
sub_01746,asg_0065,stu_1122,sec_0011,2026-11-22 05:00:42
sub_01747,asg_0065,stu_0176,sec_0011,2026-11-24 05:23:49
sub_01748,asg_0065,stu_0657,sec_0011,2026-11-23 03:19:18
sub_01749,asg_0065,stu_0816,sec_0011,2026-11-20 10:38:17
sub_01750,asg_0065,stu_0432,sec_0011,2026-11-23 05:33:51
sub_01751,asg_0066,stu_0043,sec_0011,2026-12-05 03:55:25
sub_01752,asg_0066,stu_0923,sec_0011,2026-12-08 05:24:07
sub_01753,asg_0066,stu_0613,sec_0011,2026-12-02 19:04:30
sub_01754,asg_0066,stu_0122,sec_0011,2026-12-07 07:54:15
sub_01755,asg_0066,stu_0848,sec_0011,2026-12-09 17:37:59
sub_01756,asg_0066,stu_1309,sec_0011,2026-12-09 03:09:11
sub_01757,asg_0066,stu_1192,sec_0011,2026-12-02 13:11:01
sub_01758,asg_0066,stu_0160,sec_0011,2026-12-07 02:15:17
sub_01759,asg_0066,stu_0287,sec_0011,2026-12-10 08:19:37
sub_01760,asg_0066,stu_1365,sec_0011,2026-12-02 19:31:35
sub_01761,asg_0066,stu_1236,sec_0011,2026-12-10 12:35:36
sub_01762,asg_0066,stu_0021,sec_0011,2026-12-06 08:41:29
sub_01763,asg_0066,stu_1242,sec_0011,2026-12-02 12:47:14
sub_01764,asg_0066,stu_0737,sec_0011,2026-12-04 18:55:05
sub_01765,asg_0066,stu_1202,sec_0011,2026-12-03 01:39:11
sub_01766,asg_0066,stu_0450,sec_0011,2026-12-05 17:43:56
sub_01767,asg_0066,stu_0283,sec_0011,2026-12-07 22:51:54
sub_01768,asg_0066,stu_0296,sec_0011,2026-12-04 21:58:12
sub_01769,asg_0066,stu_0502,sec_0011,2026-12-08 06:00:44
sub_01770,asg_0066,stu_0445,sec_0011,2026-12-07 06:25:10
sub_01771,asg_0066,stu_0783,sec_0011,2026-12-06 05:41:16
sub_01772,asg_0066,stu_0567,sec_0011,2026-12-07 15:05:59
sub_01773,asg_0066,stu_0704,sec_0011,2026-12-06 15:20:44
sub_01774,asg_0066,stu_0876,sec_0011,2026-12-09 04:17:36
sub_01775,asg_0066,stu_1329,sec_0011,2026-12-05 16:40:45
sub_01776,asg_0066,stu_1122,sec_0011,2026-12-09 13:39:09
sub_01777,asg_0066,stu_0747,sec_0011,2026-12-02 18:21:24
sub_01778,asg_0066,stu_0176,sec_0011,2026-12-03 14:23:48
sub_01779,asg_0066,stu_0657,sec_0011,2026-12-04 03:57:32
sub_01780,asg_0066,stu_0816,sec_0011,2026-12-01 22:24:49
sub_01781,asg_0066,stu_0432,sec_0011,2026-12-04 04:44:18
sub_01782,asg_0067,stu_0732,sec_0012,2026-09-20 20:21:05
sub_01783,asg_0067,stu_1116,sec_0012,2026-09-24 09:15:44
sub_01784,asg_0067,stu_0270,sec_0012,2026-09-24 15:51:08
sub_01785,asg_0067,stu_0573,sec_0012,2026-09-23 09:25:39
sub_01786,asg_0067,stu_0305,sec_0012,2026-09-21 03:18:11
sub_01787,asg_0067,stu_1217,sec_0012,2026-09-20 13:51:25
sub_01788,asg_0067,stu_1099,sec_0012,2026-09-23 21:23:49
sub_01789,asg_0067,stu_1149,sec_0012,2026-09-22 18:42:41
sub_01790,asg_0067,stu_0194,sec_0012,2026-09-21 05:31:54
sub_01791,asg_0067,stu_0526,sec_0012,2026-09-21 19:10:14
sub_01792,asg_0067,stu_1202,sec_0012,2026-09-25 06:15:37
sub_01793,asg_0067,stu_1308,sec_0012,2026-09-22 14:25:16
sub_01794,asg_0067,stu_0840,sec_0012,2026-09-20 06:34:49
sub_01795,asg_0067,stu_0060,sec_0012,2026-09-24 12:48:13
sub_01796,asg_0067,stu_1328,sec_0012,2026-09-20 01:41:43
sub_01797,asg_0067,stu_0568,sec_0012,2026-09-20 13:27:51
sub_01798,asg_0067,stu_0667,sec_0012,2026-09-20 07:08:43
sub_01799,asg_0067,stu_0376,sec_0012,2026-09-22 09:23:27
sub_01800,asg_0067,stu_0519,sec_0012,2026-09-20 05:12:30
sub_01801,asg_0067,stu_1117,sec_0012,2026-09-25 13:14:36
sub_01802,asg_0067,stu_0043,sec_0012,2026-09-22 10:38:02
sub_01803,asg_0068,stu_0732,sec_0012,2026-10-11 17:47:31
sub_01804,asg_0068,stu_1116,sec_0012,2026-10-06 14:41:17
sub_01805,asg_0068,stu_0573,sec_0012,2026-10-10 06:18:54
sub_01806,asg_0068,stu_0305,sec_0012,2026-10-11 04:34:11
sub_01807,asg_0068,stu_1217,sec_0012,2026-10-13 16:49:16
sub_01808,asg_0068,stu_1113,sec_0012,2026-10-09 15:23:30
sub_01809,asg_0068,stu_1099,sec_0012,2026-10-13 06:53:51
sub_01810,asg_0068,stu_1149,sec_0012,2026-10-12 15:11:58
sub_01811,asg_0068,stu_0194,sec_0012,2026-10-06 15:17:12
sub_01812,asg_0068,stu_0526,sec_0012,2026-10-05 07:26:53
sub_01813,asg_0068,stu_1308,sec_0012,2026-10-07 22:15:13
sub_01814,asg_0068,stu_0840,sec_0012,2026-10-08 14:43:35
sub_01815,asg_0068,stu_0060,sec_0012,2026-10-13 01:41:42
sub_01816,asg_0068,stu_0279,sec_0012,2026-10-13 02:04:15
sub_01817,asg_0068,stu_0568,sec_0012,2026-10-10 05:54:53
sub_01818,asg_0068,stu_0749,sec_0012,2026-10-12 13:45:23
sub_01819,asg_0068,stu_0667,sec_0012,2026-10-10 04:29:26
sub_01820,asg_0068,stu_0519,sec_0012,2026-10-10 03:55:03
sub_01821,asg_0068,stu_1117,sec_0012,2026-10-13 06:58:27
sub_01822,asg_0068,stu_0043,sec_0012,2026-10-12 15:44:01
sub_01823,asg_0069,stu_0732,sec_0012,2026-10-18 11:04:19
sub_01824,asg_0069,stu_1116,sec_0012,2026-10-17 05:07:41
sub_01825,asg_0069,stu_0270,sec_0012,2026-10-17 04:54:14
sub_01826,asg_0069,stu_0573,sec_0012,2026-10-20 01:25:09
sub_01827,asg_0069,stu_0305,sec_0012,2026-10-19 14:10:19
sub_01828,asg_0069,stu_1217,sec_0012,2026-10-20 12:45:59
sub_01829,asg_0069,stu_1113,sec_0012,2026-10-18 07:57:18
sub_01830,asg_0069,stu_1099,sec_0012,2026-10-18 17:58:15
sub_01831,asg_0069,stu_1149,sec_0012,2026-10-18 14:00:54
sub_01832,asg_0069,stu_0194,sec_0012,2026-10-17 22:54:03
sub_01833,asg_0069,stu_0526,sec_0012,2026-10-18 11:53:24
sub_01834,asg_0069,stu_1308,sec_0012,2026-10-17 03:26:36
sub_01835,asg_0069,stu_0840,sec_0012,2026-10-19 08:36:13
sub_01836,asg_0069,stu_0060,sec_0012,2026-10-18 04:18:13
sub_01837,asg_0069,stu_1328,sec_0012,2026-10-20 09:12:35
sub_01838,asg_0069,stu_0279,sec_0012,2026-10-18 13:04:49
sub_01839,asg_0069,stu_0568,sec_0012,2026-10-16 22:50:11
sub_01840,asg_0069,stu_0749,sec_0012,2026-10-19 05:20:12
sub_01841,asg_0069,stu_0667,sec_0012,2026-10-17 12:45:29
sub_01842,asg_0069,stu_0376,sec_0012,2026-10-18 13:08:34
sub_01843,asg_0069,stu_0519,sec_0012,2026-10-17 07:58:01
sub_01844,asg_0069,stu_1117,sec_0012,2026-10-17 09:34:14
sub_01845,asg_0069,stu_0043,sec_0012,2026-10-19 10:33:44
sub_01846,asg_0070,stu_0732,sec_0012,2026-11-01 06:19:12
sub_01847,asg_0070,stu_1116,sec_0012,2026-11-01 18:59:40
sub_01848,asg_0070,stu_0270,sec_0012,2026-10-31 12:13:47
sub_01849,asg_0070,stu_0573,sec_0012,2026-11-01 17:07:28
sub_01850,asg_0070,stu_0305,sec_0012,2026-10-31 13:17:37
sub_01851,asg_0070,stu_1217,sec_0012,2026-11-03 00:06:56
sub_01852,asg_0070,stu_1113,sec_0012,2026-11-03 11:04:14
sub_01853,asg_0070,stu_1099,sec_0012,2026-11-02 00:41:24
sub_01854,asg_0070,stu_0194,sec_0012,2026-11-03 15:00:44
sub_01855,asg_0070,stu_0526,sec_0012,2026-11-02 21:45:31
sub_01856,asg_0070,stu_1202,sec_0012,2026-10-31 09:22:15
sub_01857,asg_0070,stu_1308,sec_0012,2026-11-03 02:00:41
sub_01858,asg_0070,stu_0840,sec_0012,2026-11-02 10:10:22
sub_01859,asg_0070,stu_0060,sec_0012,2026-11-03 01:41:39
sub_01860,asg_0070,stu_0279,sec_0012,2026-11-02 10:47:56
sub_01861,asg_0070,stu_0568,sec_0012,2026-11-03 20:59:46
sub_01862,asg_0070,stu_0749,sec_0012,2026-11-03 05:12:05
sub_01863,asg_0070,stu_0667,sec_0012,2026-11-03 12:41:15
sub_01864,asg_0070,stu_0519,sec_0012,2026-11-03 09:22:11
sub_01865,asg_0070,stu_1117,sec_0012,2026-11-02 10:10:30
sub_01866,asg_0070,stu_0043,sec_0012,2026-11-02 15:51:19
sub_01867,asg_0071,stu_0732,sec_0012,2026-11-23 12:21:52
sub_01868,asg_0071,stu_1116,sec_0012,2026-11-22 20:29:47
sub_01869,asg_0071,stu_0270,sec_0012,2026-11-19 10:07:06
sub_01870,asg_0071,stu_0573,sec_0012,2026-11-22 12:00:36
sub_01871,asg_0071,stu_0305,sec_0012,2026-11-18 04:55:05
sub_01872,asg_0071,stu_1217,sec_0012,2026-11-17 00:49:30
sub_01873,asg_0071,stu_1099,sec_0012,2026-11-20 09:48:00
sub_01874,asg_0071,stu_1149,sec_0012,2026-11-23 15:01:21
sub_01875,asg_0071,stu_0194,sec_0012,2026-11-20 17:38:15
sub_01876,asg_0071,stu_0526,sec_0012,2026-11-18 15:15:40
sub_01877,asg_0071,stu_1202,sec_0012,2026-11-21 05:20:00
sub_01878,asg_0071,stu_1308,sec_0012,2026-11-21 05:12:36
sub_01879,asg_0071,stu_0840,sec_0012,2026-11-19 13:25:19
sub_01880,asg_0071,stu_0060,sec_0012,2026-11-18 18:35:15
sub_01881,asg_0071,stu_1328,sec_0012,2026-11-16 16:26:34
sub_01882,asg_0071,stu_0279,sec_0012,2026-11-21 03:28:21
sub_01883,asg_0071,stu_0568,sec_0012,2026-11-18 06:31:02
sub_01884,asg_0071,stu_0749,sec_0012,2026-11-23 10:05:55
sub_01885,asg_0071,stu_0376,sec_0012,2026-11-16 19:57:50
sub_01886,asg_0071,stu_0519,sec_0012,2026-11-23 13:00:50
sub_01887,asg_0071,stu_1117,sec_0012,2026-11-17 06:24:17
sub_01888,asg_0071,stu_0043,sec_0012,2026-11-19 06:11:37
sub_01889,asg_0072,stu_0732,sec_0012,2026-11-25 16:52:59
sub_01890,asg_0072,stu_1116,sec_0012,2026-11-25 20:22:05
sub_01891,asg_0072,stu_0270,sec_0012,2026-11-25 13:34:57
sub_01892,asg_0072,stu_0573,sec_0012,2026-11-25 13:55:07
sub_01893,asg_0072,stu_0305,sec_0012,2026-11-25 22:03:55
sub_01894,asg_0072,stu_1217,sec_0012,2026-11-25 13:09:08
sub_01895,asg_0072,stu_1099,sec_0012,2026-11-25 19:29:06
sub_01896,asg_0072,stu_1149,sec_0012,2026-11-25 21:52:10
sub_01897,asg_0072,stu_0194,sec_0012,2026-11-25 13:43:21
sub_01898,asg_0072,stu_1202,sec_0012,2026-11-25 21:21:06
sub_01899,asg_0072,stu_1308,sec_0012,2026-11-25 16:19:56
sub_01900,asg_0072,stu_0840,sec_0012,2026-11-25 13:11:51
sub_01901,asg_0072,stu_0060,sec_0012,2026-11-25 09:57:58
sub_01902,asg_0072,stu_1328,sec_0012,2026-11-25 16:15:50
sub_01903,asg_0072,stu_0749,sec_0012,2026-11-25 22:44:24
sub_01904,asg_0072,stu_0667,sec_0012,2026-11-25 17:11:39
sub_01905,asg_0072,stu_1117,sec_0012,2026-11-25 22:53:31
sub_01906,asg_0073,stu_0978,sec_0013,2026-09-16 09:24:42
sub_01907,asg_0073,stu_1205,sec_0013,2026-09-16 10:53:27
sub_01908,asg_0073,stu_0131,sec_0013,2026-09-16 10:54:49
sub_01909,asg_0073,stu_1047,sec_0013,2026-09-16 14:19:11
sub_01910,asg_0073,stu_1108,sec_0013,2026-09-16 13:22:27
sub_01911,asg_0073,stu_0009,sec_0013,2026-09-16 10:47:17
sub_01912,asg_0073,stu_0433,sec_0013,2026-09-16 07:10:47
sub_01913,asg_0073,stu_1291,sec_0013,2026-09-16 16:11:48
sub_01914,asg_0073,stu_1024,sec_0013,2026-09-16 06:10:13
sub_01915,asg_0073,stu_0778,sec_0013,2026-09-16 13:11:51
sub_01916,asg_0073,stu_0017,sec_0013,2026-09-16 10:33:03
sub_01917,asg_0073,stu_0904,sec_0013,2026-09-16 04:13:17
sub_01918,asg_0073,stu_1027,sec_0013,2026-09-16 06:27:47
sub_01919,asg_0073,stu_0787,sec_0013,2026-09-16 09:42:28
sub_01920,asg_0073,stu_1117,sec_0013,2026-09-16 14:39:07
sub_01921,asg_0073,stu_1065,sec_0013,2026-09-16 04:56:20
sub_01922,asg_0073,stu_0670,sec_0013,2026-09-16 16:15:02
sub_01923,asg_0073,stu_0133,sec_0013,2026-09-16 07:24:54
sub_01924,asg_0073,stu_0288,sec_0013,2026-09-16 11:32:53
sub_01925,asg_0073,stu_0269,sec_0013,2026-09-16 11:06:13
sub_01926,asg_0073,stu_0870,sec_0013,2026-09-16 10:55:25
sub_01927,asg_0074,stu_0978,sec_0013,2026-10-06 05:26:30
sub_01928,asg_0074,stu_1205,sec_0013,2026-10-04 07:47:24
sub_01929,asg_0074,stu_1252,sec_0013,2026-10-06 10:27:20
sub_01930,asg_0074,stu_0131,sec_0013,2026-10-04 15:52:30
sub_01931,asg_0074,stu_1047,sec_0013,2026-10-03 17:58:04
sub_01932,asg_0074,stu_1108,sec_0013,2026-10-05 09:55:04
sub_01933,asg_0074,stu_0009,sec_0013,2026-10-03 03:25:41
sub_01934,asg_0074,stu_0433,sec_0013,2026-10-03 16:48:42
sub_01935,asg_0074,stu_1291,sec_0013,2026-10-03 17:10:21
sub_01936,asg_0074,stu_1024,sec_0013,2026-10-05 04:06:05
sub_01937,asg_0074,stu_0778,sec_0013,2026-10-03 21:09:26
sub_01938,asg_0074,stu_0462,sec_0013,2026-10-03 22:32:55
sub_01939,asg_0074,stu_0017,sec_0013,2026-10-05 07:30:50
sub_01940,asg_0074,stu_0406,sec_0013,2026-10-03 16:48:47
sub_01941,asg_0074,stu_0904,sec_0013,2026-10-05 16:27:54
sub_01942,asg_0074,stu_1027,sec_0013,2026-10-04 11:50:20
sub_01943,asg_0074,stu_1117,sec_0013,2026-10-04 02:12:50
sub_01944,asg_0074,stu_1065,sec_0013,2026-10-05 01:17:20
sub_01945,asg_0074,stu_0670,sec_0013,2026-10-05 08:36:41
sub_01946,asg_0074,stu_0133,sec_0013,2026-10-06 08:17:03
sub_01947,asg_0074,stu_0288,sec_0013,2026-10-06 02:18:21
sub_01948,asg_0074,stu_1343,sec_0013,2026-10-06 13:06:54
sub_01949,asg_0074,stu_0382,sec_0013,2026-10-05 22:15:30
sub_01950,asg_0074,stu_0870,sec_0013,2026-10-04 13:47:23
sub_01951,asg_0075,stu_0978,sec_0013,2026-10-22 09:10:47
sub_01952,asg_0075,stu_1205,sec_0013,2026-10-25 12:33:08
sub_01953,asg_0075,stu_1252,sec_0013,2026-10-25 03:27:06
sub_01954,asg_0075,stu_0131,sec_0013,2026-10-21 01:13:59
sub_01955,asg_0075,stu_1047,sec_0013,2026-10-25 20:57:42
sub_01956,asg_0075,stu_1108,sec_0013,2026-10-25 14:42:47
sub_01957,asg_0075,stu_0009,sec_0013,2026-10-23 07:26:09
sub_01958,asg_0075,stu_0433,sec_0013,2026-10-24 07:45:55
sub_01959,asg_0075,stu_1291,sec_0013,2026-10-27 08:51:53
sub_01960,asg_0075,stu_1024,sec_0013,2026-10-23 16:47:33
sub_01961,asg_0075,stu_0778,sec_0013,2026-10-25 05:13:31
sub_01962,asg_0075,stu_0462,sec_0013,2026-10-23 17:14:55
sub_01963,asg_0075,stu_0406,sec_0013,2026-10-26 18:45:40
sub_01964,asg_0075,stu_0904,sec_0013,2026-10-22 11:13:48
sub_01965,asg_0075,stu_1027,sec_0013,2026-10-22 15:37:35
sub_01966,asg_0075,stu_0787,sec_0013,2026-10-27 11:39:49
sub_01967,asg_0075,stu_1117,sec_0013,2026-10-21 03:45:01
sub_01968,asg_0075,stu_1065,sec_0013,2026-10-27 05:40:07
sub_01969,asg_0075,stu_0670,sec_0013,2026-10-23 11:21:58
sub_01970,asg_0075,stu_0133,sec_0013,2026-10-23 19:39:35
sub_01971,asg_0075,stu_0288,sec_0013,2026-10-21 00:15:01
sub_01972,asg_0075,stu_1343,sec_0013,2026-10-24 23:27:15
sub_01973,asg_0075,stu_0382,sec_0013,2026-10-26 18:22:04
sub_01974,asg_0075,stu_0870,sec_0013,2026-10-27 16:39:46
sub_01975,asg_0076,stu_0978,sec_0013,2026-11-03 23:55:58
sub_01976,asg_0076,stu_1205,sec_0013,2026-11-06 06:24:06
sub_01977,asg_0076,stu_1252,sec_0013,2026-11-07 21:48:41
sub_01978,asg_0076,stu_0131,sec_0013,2026-11-04 15:11:19
sub_01979,asg_0076,stu_1108,sec_0013,2026-11-06 20:15:20
sub_01980,asg_0076,stu_0009,sec_0013,2026-11-07 07:59:18
sub_01981,asg_0076,stu_0433,sec_0013,2026-11-05 09:45:29
sub_01982,asg_0076,stu_1291,sec_0013,2026-11-05 16:46:34
sub_01983,asg_0076,stu_1024,sec_0013,2026-11-09 15:02:21
sub_01984,asg_0076,stu_0778,sec_0013,2026-11-08 14:22:35
sub_01985,asg_0076,stu_0462,sec_0013,2026-11-09 05:33:56
sub_01986,asg_0076,stu_0017,sec_0013,2026-11-07 22:58:48
sub_01987,asg_0076,stu_0406,sec_0013,2026-11-05 15:54:13
sub_01988,asg_0076,stu_0904,sec_0013,2026-11-08 09:55:12
sub_01989,asg_0076,stu_1027,sec_0013,2026-11-07 07:20:41
sub_01990,asg_0076,stu_0787,sec_0013,2026-11-09 17:33:59
sub_01991,asg_0076,stu_1117,sec_0013,2026-11-06 23:04:53
sub_01992,asg_0076,stu_1065,sec_0013,2026-11-03 12:13:38
sub_01993,asg_0076,stu_0133,sec_0013,2026-11-06 06:40:03
sub_01994,asg_0076,stu_0288,sec_0013,2026-11-06 09:11:06
sub_01995,asg_0076,stu_1343,sec_0013,2026-11-03 15:42:59
sub_01996,asg_0076,stu_0269,sec_0013,2026-11-09 04:35:03
sub_01997,asg_0076,stu_0382,sec_0013,2026-11-03 15:54:02
sub_01998,asg_0076,stu_0870,sec_0013,2026-11-06 07:45:53
sub_01999,asg_0077,stu_0978,sec_0013,2026-11-15 09:21:20
sub_02000,asg_0077,stu_1252,sec_0013,2026-11-15 16:22:35
sub_02001,asg_0077,stu_0131,sec_0013,2026-11-15 03:57:49
sub_02002,asg_0077,stu_1047,sec_0013,2026-11-17 16:38:29
sub_02003,asg_0077,stu_1108,sec_0013,2026-11-18 16:35:34
sub_02004,asg_0077,stu_0009,sec_0013,2026-11-16 20:55:21
sub_02005,asg_0077,stu_0433,sec_0013,2026-11-18 11:32:43
sub_02006,asg_0077,stu_1291,sec_0013,2026-11-17 11:37:02
sub_02007,asg_0077,stu_1024,sec_0013,2026-11-15 18:42:21
sub_02008,asg_0077,stu_0778,sec_0013,2026-11-16 14:49:04
sub_02009,asg_0077,stu_0462,sec_0013,2026-11-17 08:18:14
sub_02010,asg_0077,stu_0017,sec_0013,2026-11-16 21:41:51
sub_02011,asg_0077,stu_0406,sec_0013,2026-11-16 22:07:33
sub_02012,asg_0077,stu_0904,sec_0013,2026-11-17 06:41:05
sub_02013,asg_0077,stu_1027,sec_0013,2026-11-16 10:49:22
sub_02014,asg_0077,stu_0787,sec_0013,2026-11-16 13:37:38
sub_02015,asg_0077,stu_1117,sec_0013,2026-11-17 16:22:59
sub_02016,asg_0077,stu_1065,sec_0013,2026-11-17 18:55:44
sub_02017,asg_0077,stu_0670,sec_0013,2026-11-16 07:54:35
sub_02018,asg_0077,stu_0133,sec_0013,2026-11-16 03:41:02
sub_02019,asg_0077,stu_0288,sec_0013,2026-11-15 03:13:59
sub_02020,asg_0077,stu_1343,sec_0013,2026-11-18 01:38:21
sub_02021,asg_0077,stu_0269,sec_0013,2026-11-18 09:24:35
sub_02022,asg_0077,stu_0382,sec_0013,2026-11-16 10:55:50
sub_02023,asg_0077,stu_0870,sec_0013,2026-11-17 05:56:17
sub_02024,asg_0078,stu_0978,sec_0013,2026-11-30 06:09:11
sub_02025,asg_0078,stu_1205,sec_0013,2026-12-01 01:46:32
sub_02026,asg_0078,stu_1252,sec_0013,2026-12-03 08:50:50
sub_02027,asg_0078,stu_0131,sec_0013,2026-12-04 12:17:30
sub_02028,asg_0078,stu_1047,sec_0013,2026-12-03 14:00:48
sub_02029,asg_0078,stu_1108,sec_0013,2026-12-02 08:31:58
sub_02030,asg_0078,stu_0009,sec_0013,2026-12-04 09:04:55
sub_02031,asg_0078,stu_0433,sec_0013,2026-12-02 11:27:40
sub_02032,asg_0078,stu_1291,sec_0013,2026-12-02 21:40:13
sub_02033,asg_0078,stu_1024,sec_0013,2026-12-03 16:12:56
sub_02034,asg_0078,stu_0778,sec_0013,2026-12-01 12:18:09
sub_02035,asg_0078,stu_0462,sec_0013,2026-12-02 17:50:10
sub_02036,asg_0078,stu_0017,sec_0013,2026-11-29 12:31:03
sub_02037,asg_0078,stu_0406,sec_0013,2026-12-01 23:21:57
sub_02038,asg_0078,stu_1027,sec_0013,2026-11-30 14:07:29
sub_02039,asg_0078,stu_0787,sec_0013,2026-12-01 06:58:56
sub_02040,asg_0078,stu_1117,sec_0013,2026-12-03 13:43:58
sub_02041,asg_0078,stu_1065,sec_0013,2026-11-30 13:52:26
sub_02042,asg_0078,stu_0670,sec_0013,2026-12-03 03:08:08
sub_02043,asg_0078,stu_0133,sec_0013,2026-12-04 10:31:52
sub_02044,asg_0078,stu_0288,sec_0013,2026-12-01 23:52:25
sub_02045,asg_0078,stu_1343,sec_0013,2026-11-29 10:24:22
sub_02046,asg_0078,stu_0269,sec_0013,2026-12-04 15:16:53
sub_02047,asg_0078,stu_0870,sec_0013,2026-12-04 11:35:55
sub_02048,asg_0079,stu_0306,sec_0014,2026-09-24 02:18:44
sub_02049,asg_0079,stu_0446,sec_0014,2026-09-15 09:00:00
sub_02050,asg_0079,stu_1079,sec_0014,2026-09-23 09:27:31
sub_02051,asg_0079,stu_0424,sec_0014,2026-09-22 13:10:40
sub_02052,asg_0079,stu_0390,sec_0014,2026-09-23 14:11:26
sub_02053,asg_0079,stu_1236,sec_0014,2026-09-23 06:19:27
sub_02054,asg_0079,stu_0989,sec_0014,2026-09-20 07:46:30
sub_02055,asg_0079,stu_0088,sec_0014,2026-09-21 00:47:49
sub_02056,asg_0079,stu_1336,sec_0014,2026-09-20 06:16:03
sub_02057,asg_0079,stu_1084,sec_0014,2026-09-23 00:36:20
sub_02058,asg_0079,stu_1037,sec_0014,2026-09-22 10:09:04
sub_02059,asg_0079,stu_0874,sec_0014,2026-09-23 20:55:45
sub_02060,asg_0079,stu_0817,sec_0014,2026-09-20 19:44:02
sub_02061,asg_0079,stu_0205,sec_0014,2026-09-20 21:51:50
sub_02062,asg_0079,stu_0091,sec_0014,2026-09-22 22:05:14
sub_02063,asg_0079,stu_0113,sec_0014,2026-09-22 06:08:54
sub_02064,asg_0079,stu_0829,sec_0014,2026-09-22 21:56:34
sub_02065,asg_0080,stu_0306,sec_0014,2026-10-06 03:55:26
sub_02066,asg_0080,stu_0446,sec_0014,2026-10-05 03:48:36
sub_02067,asg_0080,stu_1079,sec_0014,2026-10-06 21:20:44
sub_02068,asg_0080,stu_1346,sec_0014,2026-10-05 13:27:44
sub_02069,asg_0080,stu_0424,sec_0014,2026-10-07 00:06:05
sub_02070,asg_0080,stu_1236,sec_0014,2026-10-07 14:11:03
sub_02071,asg_0080,stu_0989,sec_0014,2026-10-05 13:07:13
sub_02072,asg_0080,stu_0088,sec_0014,2026-10-03 09:39:43
sub_02073,asg_0080,stu_1336,sec_0014,2026-09-29 06:00:00
sub_02074,asg_0080,stu_1084,sec_0014,2026-10-07 10:51:04
sub_02075,asg_0080,stu_1037,sec_0014,2026-10-05 03:26:26
sub_02076,asg_0080,stu_0874,sec_0014,2026-10-07 05:45:21
sub_02077,asg_0080,stu_0817,sec_0014,2026-10-03 09:40:36
sub_02078,asg_0080,stu_0205,sec_0014,2026-10-04 16:11:54
sub_02079,asg_0080,stu_0091,sec_0014,2026-10-07 05:03:42
sub_02080,asg_0080,stu_0113,sec_0014,2026-10-06 19:55:37
sub_02081,asg_0080,stu_0829,sec_0014,2026-10-05 19:57:15
sub_02082,asg_0081,stu_0306,sec_0014,2026-10-18 04:42:12
sub_02083,asg_0081,stu_0446,sec_0014,2026-10-18 13:42:57
sub_02084,asg_0081,stu_1079,sec_0014,2026-10-20 17:08:06
sub_02085,asg_0081,stu_0424,sec_0014,2026-10-22 02:54:01
sub_02086,asg_0081,stu_0390,sec_0014,2026-10-21 04:45:06
sub_02087,asg_0081,stu_1236,sec_0014,2026-10-22 04:11:16
sub_02088,asg_0081,stu_0989,sec_0014,2026-10-21 07:04:09
sub_02089,asg_0081,stu_0088,sec_0014,2026-10-18 18:16:54
sub_02090,asg_0081,stu_1336,sec_0014,2026-10-18 06:09:25
sub_02091,asg_0081,stu_1084,sec_0014,2026-10-19 16:51:55
sub_02092,asg_0081,stu_0874,sec_0014,2026-10-21 09:08:02
sub_02093,asg_0081,stu_0817,sec_0014,2026-10-21 16:06:12
sub_02094,asg_0081,stu_0205,sec_0014,2026-10-22 20:36:49
sub_02095,asg_0081,stu_0113,sec_0014,2026-10-18 11:21:46
sub_02096,asg_0081,stu_0829,sec_0014,2026-10-21 17:50:04
sub_02097,asg_0082,stu_0306,sec_0014,2026-11-01 03:49:35
sub_02098,asg_0082,stu_0446,sec_0014,2026-11-04 06:04:03
sub_02099,asg_0082,stu_1079,sec_0014,2026-11-02 18:09:48
sub_02100,asg_0082,stu_1346,sec_0014,2026-11-03 04:25:12
sub_02101,asg_0082,stu_0424,sec_0014,2026-11-02 18:42:47
sub_02102,asg_0082,stu_0390,sec_0014,2026-11-04 11:16:36
sub_02103,asg_0082,stu_1236,sec_0014,2026-10-31 10:06:23
sub_02104,asg_0082,stu_0989,sec_0014,2026-11-01 00:05:06
sub_02105,asg_0082,stu_1336,sec_0014,2026-11-03 05:15:46
sub_02106,asg_0082,stu_1084,sec_0014,2026-11-03 11:18:05
sub_02107,asg_0082,stu_1037,sec_0014,2026-11-01 02:06:11
sub_02108,asg_0082,stu_0874,sec_0014,2026-10-31 20:26:51
sub_02109,asg_0082,stu_0205,sec_0014,2026-11-01 22:01:16
sub_02110,asg_0082,stu_0113,sec_0014,2026-11-02 01:15:35
sub_02111,asg_0082,stu_0829,sec_0014,2026-11-02 12:17:03
sub_02112,asg_0083,stu_0306,sec_0014,2026-11-15 17:29:22
sub_02113,asg_0083,stu_1079,sec_0014,2026-11-15 02:55:59
sub_02114,asg_0083,stu_0424,sec_0014,2026-11-15 05:21:58
sub_02115,asg_0083,stu_0390,sec_0014,2026-11-15 13:27:33
sub_02116,asg_0083,stu_1236,sec_0014,2026-11-14 00:10:44
sub_02117,asg_0083,stu_0989,sec_0014,2026-11-13 22:58:12
sub_02118,asg_0083,stu_0088,sec_0014,2026-11-14 07:04:24
sub_02119,asg_0083,stu_1336,sec_0014,2026-11-16 03:29:09
sub_02120,asg_0083,stu_1084,sec_0014,2026-11-17 12:12:38
sub_02121,asg_0083,stu_1037,sec_0014,2026-11-17 05:29:36
sub_02122,asg_0083,stu_0874,sec_0014,2026-11-16 14:58:56
sub_02123,asg_0083,stu_0817,sec_0014,2026-11-14 00:21:01
sub_02124,asg_0083,stu_0205,sec_0014,2026-11-17 09:09:39
sub_02125,asg_0083,stu_0091,sec_0014,2026-11-14 23:56:39
sub_02126,asg_0083,stu_0113,sec_0014,2026-11-14 21:57:18
sub_02127,asg_0083,stu_0829,sec_0014,2026-11-16 20:20:14
sub_02128,asg_0084,stu_0306,sec_0014,2026-12-08 05:58:00
sub_02129,asg_0084,stu_0446,sec_0014,2026-12-01 13:59:42
sub_02130,asg_0084,stu_1079,sec_0014,2026-12-07 21:05:58
sub_02131,asg_0084,stu_1346,sec_0014,2026-12-06 10:44:31
sub_02132,asg_0084,stu_0424,sec_0014,2026-12-06 10:23:15
sub_02133,asg_0084,stu_0390,sec_0014,2026-12-03 22:30:48
sub_02134,asg_0084,stu_1236,sec_0014,2026-12-04 08:27:21
sub_02135,asg_0084,stu_0989,sec_0014,2026-12-08 10:11:22
sub_02136,asg_0084,stu_0088,sec_0014,2026-11-23 22:00:00
sub_02137,asg_0084,stu_1336,sec_0014,2026-12-01 18:26:51
sub_02138,asg_0084,stu_1084,sec_0014,2026-12-06 06:32:29
sub_02139,asg_0084,stu_1037,sec_0014,2026-12-08 06:57:50
sub_02140,asg_0084,stu_0817,sec_0014,2026-12-03 20:23:23
sub_02141,asg_0084,stu_0091,sec_0014,2026-12-07 15:58:34
sub_02142,asg_0084,stu_0113,sec_0014,2026-12-01 18:55:39
sub_02143,asg_0084,stu_0829,sec_0014,2026-12-08 01:22:52
sub_02144,asg_0085,stu_1183,sec_0015,2026-09-25 13:13:23
sub_02145,asg_0085,stu_0912,sec_0015,2026-09-24 16:44:53
sub_02146,asg_0085,stu_0271,sec_0015,2026-09-23 18:03:37
sub_02147,asg_0085,stu_0659,sec_0015,2026-09-27 00:24:25
sub_02148,asg_0085,stu_0953,sec_0015,2026-09-27 13:03:26
sub_02149,asg_0085,stu_0451,sec_0015,2026-09-23 21:56:05
sub_02150,asg_0085,stu_0539,sec_0015,2026-09-23 11:33:29
sub_02151,asg_0085,stu_1371,sec_0015,2026-09-22 05:59:47
sub_02152,asg_0085,stu_1238,sec_0015,2026-09-26 06:03:39
sub_02153,asg_0085,stu_1391,sec_0015,2026-09-21 18:41:41
sub_02154,asg_0085,stu_1279,sec_0015,2026-09-26 01:52:17
sub_02155,asg_0085,stu_0069,sec_0015,2026-09-24 12:16:21
sub_02156,asg_0085,stu_0638,sec_0015,2026-09-21 22:16:51
sub_02157,asg_0085,stu_0493,sec_0015,2026-09-24 23:22:16
sub_02158,asg_0085,stu_0019,sec_0015,2026-09-25 15:06:34
sub_02159,asg_0085,stu_1336,sec_0015,2026-09-23 14:44:22
sub_02160,asg_0085,stu_0434,sec_0015,2026-09-22 00:04:23
sub_02161,asg_0085,stu_1060,sec_0015,2026-09-25 13:36:40
sub_02162,asg_0085,stu_0828,sec_0015,2026-09-22 13:54:58
sub_02163,asg_0085,stu_0970,sec_0015,2026-09-22 15:31:43
sub_02164,asg_0085,stu_1242,sec_0015,2026-09-23 23:43:10
sub_02165,asg_0085,stu_0430,sec_0015,2026-09-24 19:31:30
sub_02166,asg_0085,stu_1139,sec_0015,2026-09-25 08:43:03
sub_02167,asg_0085,stu_0651,sec_0015,2026-09-26 01:02:38
sub_02168,asg_0085,stu_1090,sec_0015,2026-09-25 13:19:01
sub_02169,asg_0086,stu_1183,sec_0015,2026-10-09 23:31:42
sub_02170,asg_0086,stu_0912,sec_0015,2026-10-07 19:20:17
sub_02171,asg_0086,stu_0004,sec_0015,2026-10-09 13:48:15
sub_02172,asg_0086,stu_0271,sec_0015,2026-10-07 11:31:41
sub_02173,asg_0086,stu_0659,sec_0015,2026-10-10 07:10:50
sub_02174,asg_0086,stu_0953,sec_0015,2026-10-08 05:17:57
sub_02175,asg_0086,stu_0451,sec_0015,2026-10-09 08:43:38
sub_02176,asg_0086,stu_0539,sec_0015,2026-10-09 00:06:52
sub_02177,asg_0086,stu_1371,sec_0015,2026-10-08 03:19:15
sub_02178,asg_0086,stu_1238,sec_0015,2026-10-10 02:36:43
sub_02179,asg_0086,stu_1391,sec_0015,2026-10-06 19:26:44
sub_02180,asg_0086,stu_1279,sec_0015,2026-10-09 22:50:03
sub_02181,asg_0086,stu_0069,sec_0015,2026-10-10 13:46:31
sub_02182,asg_0086,stu_0638,sec_0015,2026-10-09 23:51:32
sub_02183,asg_0086,stu_1019,sec_0015,2026-10-05 16:53:12
sub_02184,asg_0086,stu_0493,sec_0015,2026-10-08 13:41:01
sub_02185,asg_0086,stu_0019,sec_0015,2026-09-29 20:00:00
sub_02186,asg_0086,stu_1336,sec_0015,2026-10-05 23:36:51
sub_02187,asg_0086,stu_0434,sec_0015,2026-10-08 10:37:24
sub_02188,asg_0086,stu_1060,sec_0015,2026-10-08 05:17:47
sub_02189,asg_0086,stu_0828,sec_0015,2026-10-08 10:48:51
sub_02190,asg_0086,stu_0127,sec_0015,2026-10-10 06:05:49
sub_02191,asg_0086,stu_0970,sec_0015,2026-10-09 23:41:46
sub_02192,asg_0086,stu_1242,sec_0015,2026-10-07 08:40:43
sub_02193,asg_0086,stu_0430,sec_0015,2026-10-09 13:09:33
sub_02194,asg_0086,stu_0651,sec_0015,2026-10-07 14:07:38
sub_02195,asg_0086,stu_1090,sec_0015,2026-10-07 04:32:24
sub_02196,asg_0087,stu_1183,sec_0015,2026-10-18 17:24:07
sub_02197,asg_0087,stu_0912,sec_0015,2026-10-21 01:34:58
sub_02198,asg_0087,stu_0004,sec_0015,2026-10-21 23:20:39
sub_02199,asg_0087,stu_0659,sec_0015,2026-10-21 22:40:37
sub_02200,asg_0087,stu_0953,sec_0015,2026-10-21 15:13:31
sub_02201,asg_0087,stu_0451,sec_0015,2026-10-22 07:46:40
sub_02202,asg_0087,stu_0539,sec_0015,2026-10-21 19:32:25
sub_02203,asg_0087,stu_1371,sec_0015,2026-10-20 16:47:43
sub_02204,asg_0087,stu_1238,sec_0015,2026-10-23 16:49:06
sub_02205,asg_0087,stu_1391,sec_0015,2026-10-18 09:43:26
sub_02206,asg_0087,stu_1279,sec_0015,2026-10-20 00:50:37
sub_02207,asg_0087,stu_0069,sec_0015,2026-10-21 01:34:39
sub_02208,asg_0087,stu_0638,sec_0015,2026-10-20 06:25:43
sub_02209,asg_0087,stu_1019,sec_0015,2026-10-23 07:30:45
sub_02210,asg_0087,stu_0493,sec_0015,2026-10-21 10:13:36
sub_02211,asg_0087,stu_0019,sec_0015,2026-10-17 04:38:58
sub_02212,asg_0087,stu_1336,sec_0015,2026-10-18 21:32:42
sub_02213,asg_0087,stu_1060,sec_0015,2026-10-22 17:14:15
sub_02214,asg_0087,stu_0828,sec_0015,2026-10-20 15:28:34
sub_02215,asg_0087,stu_0970,sec_0015,2026-10-18 21:19:00
sub_02216,asg_0087,stu_1242,sec_0015,2026-10-18 22:22:19
sub_02217,asg_0087,stu_0430,sec_0015,2026-10-20 20:41:48
sub_02218,asg_0087,stu_0651,sec_0015,2026-10-21 23:07:25
sub_02219,asg_0087,stu_1090,sec_0015,2026-10-21 06:17:42
sub_02220,asg_0088,stu_1183,sec_0015,2026-11-02 09:45:22
sub_02221,asg_0088,stu_0912,sec_0015,2026-11-03 02:32:07
sub_02222,asg_0088,stu_0004,sec_0015,2026-11-04 21:09:22
sub_02223,asg_0088,stu_0271,sec_0015,2026-11-06 11:01:09
sub_02224,asg_0088,stu_0659,sec_0015,2026-11-05 13:00:07
sub_02225,asg_0088,stu_0953,sec_0015,2026-11-04 03:19:42
sub_02226,asg_0088,stu_0451,sec_0015,2026-11-04 03:14:28
sub_02227,asg_0088,stu_0539,sec_0015,2026-11-04 13:15:01
sub_02228,asg_0088,stu_1371,sec_0015,2026-11-05 21:01:50
sub_02229,asg_0088,stu_1238,sec_0015,2026-11-06 12:43:12
sub_02230,asg_0088,stu_1391,sec_0015,2026-11-07 21:34:46
sub_02231,asg_0088,stu_1279,sec_0015,2026-11-06 14:52:22
sub_02232,asg_0088,stu_0069,sec_0015,2026-11-04 23:15:50
sub_02233,asg_0088,stu_0638,sec_0015,2026-11-04 17:59:35
sub_02234,asg_0088,stu_1019,sec_0015,2026-11-08 11:31:12
sub_02235,asg_0088,stu_0493,sec_0015,2026-11-04 23:36:40
sub_02236,asg_0088,stu_0019,sec_0015,2026-11-03 07:09:49
sub_02237,asg_0088,stu_1336,sec_0015,2026-11-05 16:21:37
sub_02238,asg_0088,stu_0434,sec_0015,2026-11-03 00:10:09
sub_02239,asg_0088,stu_1060,sec_0015,2026-11-04 15:39:26
sub_02240,asg_0088,stu_0828,sec_0015,2026-11-08 03:04:15
sub_02241,asg_0088,stu_0127,sec_0015,2026-11-05 08:58:08
sub_02242,asg_0088,stu_0970,sec_0015,2026-11-04 07:13:10
sub_02243,asg_0088,stu_1242,sec_0015,2026-11-05 16:14:23
sub_02244,asg_0088,stu_0430,sec_0015,2026-11-04 09:08:16
sub_02245,asg_0088,stu_1139,sec_0015,2026-11-03 21:05:15
sub_02246,asg_0088,stu_0651,sec_0015,2026-11-06 05:10:17
sub_02247,asg_0088,stu_1090,sec_0015,2026-11-04 18:38:43
sub_02248,asg_0089,stu_0912,sec_0015,2026-11-17 02:02:28
sub_02249,asg_0089,stu_0004,sec_0015,2026-11-18 03:56:41
sub_02250,asg_0089,stu_0271,sec_0015,2026-11-16 15:37:12
sub_02251,asg_0089,stu_0659,sec_0015,2026-11-16 10:57:44
sub_02252,asg_0089,stu_0953,sec_0015,2026-11-14 18:52:23
sub_02253,asg_0089,stu_0451,sec_0015,2026-11-18 11:13:22
sub_02254,asg_0089,stu_0539,sec_0015,2026-11-17 22:32:44
sub_02255,asg_0089,stu_1371,sec_0015,2026-11-15 09:09:45
sub_02256,asg_0089,stu_1238,sec_0015,2026-11-17 12:40:16
sub_02257,asg_0089,stu_1391,sec_0015,2026-11-16 16:27:23
sub_02258,asg_0089,stu_1279,sec_0015,2026-11-17 11:10:33
sub_02259,asg_0089,stu_0069,sec_0015,2026-11-14 20:51:04
sub_02260,asg_0089,stu_0638,sec_0015,2026-11-18 01:21:28
sub_02261,asg_0089,stu_1019,sec_0015,2026-11-16 08:08:00
sub_02262,asg_0089,stu_0493,sec_0015,2026-11-18 09:40:09
sub_02263,asg_0089,stu_0019,sec_0015,2026-11-11 11:36:46
sub_02264,asg_0089,stu_1336,sec_0015,2026-11-17 14:20:35
sub_02265,asg_0089,stu_0434,sec_0015,2026-11-15 23:06:31
sub_02266,asg_0089,stu_1060,sec_0015,2026-11-17 04:04:29
sub_02267,asg_0089,stu_0828,sec_0015,2026-11-16 22:48:45
sub_02268,asg_0089,stu_0127,sec_0015,2026-11-15 03:32:00
sub_02269,asg_0089,stu_0970,sec_0015,2026-11-16 03:12:18
sub_02270,asg_0089,stu_1242,sec_0015,2026-11-18 11:23:26
sub_02271,asg_0089,stu_0430,sec_0015,2026-11-16 16:53:32
sub_02272,asg_0089,stu_1139,sec_0015,2026-11-16 14:31:27
sub_02273,asg_0089,stu_0651,sec_0015,2026-11-14 18:46:55
sub_02274,asg_0089,stu_1090,sec_0015,2026-11-15 23:10:40
sub_02275,asg_0090,stu_1183,sec_0015,2026-11-30 10:12:21
sub_02276,asg_0090,stu_0912,sec_0015,2026-12-01 04:11:41
sub_02277,asg_0090,stu_0004,sec_0015,2026-11-29 09:29:12
sub_02278,asg_0090,stu_0659,sec_0015,2026-12-02 16:48:30
sub_02279,asg_0090,stu_0451,sec_0015,2026-12-02 17:43:09
sub_02280,asg_0090,stu_1238,sec_0015,2026-11-30 06:50:43
sub_02281,asg_0090,stu_1391,sec_0015,2026-12-01 10:30:35
sub_02282,asg_0090,stu_1279,sec_0015,2026-11-30 05:25:58
sub_02283,asg_0090,stu_0069,sec_0015,2026-11-28 11:22:24
sub_02284,asg_0090,stu_0638,sec_0015,2026-11-29 14:54:58
sub_02285,asg_0090,stu_1019,sec_0015,2026-12-02 08:57:54
sub_02286,asg_0090,stu_0493,sec_0015,2026-12-02 18:55:18
sub_02287,asg_0090,stu_0019,sec_0015,2026-11-26 03:18:44
sub_02288,asg_0090,stu_1336,sec_0015,2026-12-01 23:58:56
sub_02289,asg_0090,stu_0434,sec_0015,2026-11-30 07:58:49
sub_02290,asg_0090,stu_1060,sec_0015,2026-11-29 23:14:15
sub_02291,asg_0090,stu_0828,sec_0015,2026-11-30 05:45:21
sub_02292,asg_0090,stu_0127,sec_0015,2026-11-29 09:00:18
sub_02293,asg_0090,stu_0970,sec_0015,2026-12-02 04:17:40
sub_02294,asg_0090,stu_0430,sec_0015,2026-11-29 07:18:56
sub_02295,asg_0090,stu_1139,sec_0015,2026-11-29 09:39:15
sub_02296,asg_0090,stu_0651,sec_0015,2026-11-28 15:20:58
sub_02297,asg_0090,stu_1090,sec_0015,2026-12-01 00:45:14
sub_02298,asg_0091,stu_0030,sec_0016,2026-09-28 19:15:45
sub_02299,asg_0091,stu_1109,sec_0016,2026-09-30 09:19:05
sub_02300,asg_0091,stu_0481,sec_0016,2026-09-26 04:28:37
sub_02301,asg_0091,stu_1379,sec_0016,2026-09-27 17:24:08
sub_02302,asg_0091,stu_0008,sec_0016,2026-09-27 07:03:37
sub_02303,asg_0091,stu_0149,sec_0016,2026-09-24 19:07:42
sub_02304,asg_0091,stu_0048,sec_0016,2026-09-30 14:13:03
sub_02305,asg_0091,stu_1216,sec_0016,2026-09-24 11:18:03
sub_02306,asg_0091,stu_0918,sec_0016,2026-09-22 21:39:05
sub_02307,asg_0091,stu_0945,sec_0016,2026-09-28 12:40:56
sub_02308,asg_0091,stu_1231,sec_0016,2026-09-23 07:27:28
sub_02309,asg_0091,stu_0841,sec_0016,2026-09-23 21:17:40
sub_02310,asg_0091,stu_0422,sec_0016,2026-09-25 11:36:39
sub_02311,asg_0091,stu_1161,sec_0016,2026-09-22 16:29:41
sub_02312,asg_0091,stu_0318,sec_0016,2026-09-24 10:38:40
sub_02313,asg_0091,stu_1380,sec_0016,2026-09-30 09:13:35
sub_02314,asg_0091,stu_0038,sec_0016,2026-09-25 11:24:22
sub_02315,asg_0091,stu_0261,sec_0016,2026-09-28 00:25:30
sub_02316,asg_0091,stu_0240,sec_0016,2026-09-30 04:24:27
sub_02317,asg_0091,stu_1317,sec_0016,2026-09-23 12:17:11
sub_02318,asg_0091,stu_1185,sec_0016,2026-09-26 23:36:45
sub_02319,asg_0091,stu_1327,sec_0016,2026-09-26 12:04:06
sub_02320,asg_0091,stu_0423,sec_0016,2026-09-25 10:41:08
sub_02321,asg_0091,stu_1087,sec_0016,2026-09-28 16:42:07
sub_02322,asg_0091,stu_0212,sec_0016,2026-09-30 11:45:14
sub_02323,asg_0091,stu_0928,sec_0016,2026-09-29 16:42:17
sub_02324,asg_0092,stu_1109,sec_0016,2026-10-06 04:52:35
sub_02325,asg_0092,stu_0481,sec_0016,2026-10-06 00:43:36
sub_02326,asg_0092,stu_1379,sec_0016,2026-10-07 14:17:06
sub_02327,asg_0092,stu_0008,sec_0016,2026-10-06 01:45:07
sub_02328,asg_0092,stu_0149,sec_0016,2026-10-05 19:46:20
sub_02329,asg_0092,stu_1014,sec_0016,2026-10-06 03:01:42
sub_02330,asg_0092,stu_0048,sec_0016,2026-10-07 22:57:37
sub_02331,asg_0092,stu_1216,sec_0016,2026-10-04 16:30:02
sub_02332,asg_0092,stu_0918,sec_0016,2026-10-04 01:29:00
sub_02333,asg_0092,stu_0945,sec_0016,2026-10-07 14:07:10
sub_02334,asg_0092,stu_1231,sec_0016,2026-10-04 09:16:13
sub_02335,asg_0092,stu_0422,sec_0016,2026-10-06 19:47:42
sub_02336,asg_0092,stu_1161,sec_0016,2026-10-05 23:25:32
sub_02337,asg_0092,stu_0318,sec_0016,2026-10-04 20:34:15
sub_02338,asg_0092,stu_1380,sec_0016,2026-10-06 05:10:14
sub_02339,asg_0092,stu_0038,sec_0016,2026-10-05 12:14:00
sub_02340,asg_0092,stu_0261,sec_0016,2026-10-08 12:34:39
sub_02341,asg_0092,stu_0240,sec_0016,2026-10-05 09:23:50
sub_02342,asg_0092,stu_1317,sec_0016,2026-10-07 23:53:15
sub_02343,asg_0092,stu_1185,sec_0016,2026-10-06 15:08:16
sub_02344,asg_0092,stu_1327,sec_0016,2026-10-07 03:11:44
sub_02345,asg_0092,stu_0423,sec_0016,2026-10-07 23:24:37
sub_02346,asg_0092,stu_1087,sec_0016,2026-10-07 20:54:10
sub_02347,asg_0092,stu_0212,sec_0016,2026-10-08 20:21:00
sub_02348,asg_0093,stu_0030,sec_0016,2026-10-19 19:24:09
sub_02349,asg_0093,stu_1109,sec_0016,2026-10-19 20:47:52
sub_02350,asg_0093,stu_0481,sec_0016,2026-10-21 14:55:29
sub_02351,asg_0093,stu_0008,sec_0016,2026-10-19 03:03:46
sub_02352,asg_0093,stu_0149,sec_0016,2026-10-20 20:52:42
sub_02353,asg_0093,stu_1014,sec_0016,2026-10-22 00:41:02
sub_02354,asg_0093,stu_0048,sec_0016,2026-10-19 02:53:18
sub_02355,asg_0093,stu_1216,sec_0016,2026-10-18 03:17:44
sub_02356,asg_0093,stu_0918,sec_0016,2026-10-22 03:14:52
sub_02357,asg_0093,stu_0945,sec_0016,2026-10-22 08:51:54
sub_02358,asg_0093,stu_1231,sec_0016,2026-10-21 13:31:09
sub_02359,asg_0093,stu_0841,sec_0016,2026-10-19 03:59:35
sub_02360,asg_0093,stu_0422,sec_0016,2026-10-18 20:39:38
sub_02361,asg_0093,stu_0318,sec_0016,2026-10-21 14:48:22
sub_02362,asg_0093,stu_1380,sec_0016,2026-10-21 05:02:59
sub_02363,asg_0093,stu_0038,sec_0016,2026-10-22 19:25:23
sub_02364,asg_0093,stu_0261,sec_0016,2026-10-20 01:20:34
sub_02365,asg_0093,stu_0240,sec_0016,2026-10-19 09:45:14
sub_02366,asg_0093,stu_1317,sec_0016,2026-10-18 10:29:42
sub_02367,asg_0093,stu_1185,sec_0016,2026-10-18 13:03:26
sub_02368,asg_0093,stu_0423,sec_0016,2026-10-18 15:42:46
sub_02369,asg_0093,stu_1087,sec_0016,2026-10-18 08:42:56
sub_02370,asg_0093,stu_0212,sec_0016,2026-10-19 05:25:09
sub_02371,asg_0093,stu_0928,sec_0016,2026-10-19 13:47:45
sub_02372,asg_0094,stu_0030,sec_0016,2026-11-04 03:25:20
sub_02373,asg_0094,stu_1109,sec_0016,2026-11-04 19:20:36
sub_02374,asg_0094,stu_0481,sec_0016,2026-11-03 23:01:04
sub_02375,asg_0094,stu_1379,sec_0016,2026-11-05 15:21:50
sub_02376,asg_0094,stu_0008,sec_0016,2026-11-06 02:56:36
sub_02377,asg_0094,stu_1014,sec_0016,2026-11-02 17:23:01
sub_02378,asg_0094,stu_1216,sec_0016,2026-11-06 13:40:13
sub_02379,asg_0094,stu_0918,sec_0016,2026-11-01 11:58:06
sub_02380,asg_0094,stu_0945,sec_0016,2026-11-03 17:32:32
sub_02381,asg_0094,stu_1231,sec_0016,2026-11-06 06:02:16
sub_02382,asg_0094,stu_0422,sec_0016,2026-11-03 23:26:42
sub_02383,asg_0094,stu_1161,sec_0016,2026-11-03 10:02:51
sub_02384,asg_0094,stu_0318,sec_0016,2026-11-06 11:47:47
sub_02385,asg_0094,stu_1380,sec_0016,2026-11-06 05:41:27
sub_02386,asg_0094,stu_0038,sec_0016,2026-11-05 01:26:48
sub_02387,asg_0094,stu_0261,sec_0016,2026-11-03 17:33:05
sub_02388,asg_0094,stu_0240,sec_0016,2026-11-04 18:30:01
sub_02389,asg_0094,stu_1317,sec_0016,2026-11-02 21:14:06
sub_02390,asg_0094,stu_1185,sec_0016,2026-11-01 11:40:59
sub_02391,asg_0094,stu_1327,sec_0016,2026-11-04 14:30:41
sub_02392,asg_0094,stu_0423,sec_0016,2026-11-05 03:13:07
sub_02393,asg_0094,stu_1087,sec_0016,2026-11-05 15:33:04
sub_02394,asg_0094,stu_0212,sec_0016,2026-11-04 07:13:47
sub_02395,asg_0094,stu_0928,sec_0016,2026-11-04 12:08:03
sub_02396,asg_0095,stu_0030,sec_0016,2026-11-20 20:22:50
sub_02397,asg_0095,stu_1109,sec_0016,2026-11-17 10:41:59
sub_02398,asg_0095,stu_0481,sec_0016,2026-11-19 11:02:59
sub_02399,asg_0095,stu_1379,sec_0016,2026-11-19 01:46:42
sub_02400,asg_0095,stu_0008,sec_0016,2026-11-19 13:57:17
sub_02401,asg_0095,stu_0149,sec_0016,2026-11-19 01:52:37
sub_02402,asg_0095,stu_1014,sec_0016,2026-11-18 07:19:50
sub_02403,asg_0095,stu_0048,sec_0016,2026-11-18 16:18:25
sub_02404,asg_0095,stu_1216,sec_0016,2026-11-19 23:25:45
sub_02405,asg_0095,stu_0918,sec_0016,2026-11-20 17:44:59
sub_02406,asg_0095,stu_0945,sec_0016,2026-11-18 11:14:48
sub_02407,asg_0095,stu_1231,sec_0016,2026-11-20 06:47:58
sub_02408,asg_0095,stu_0841,sec_0016,2026-11-18 17:03:06
sub_02409,asg_0095,stu_0422,sec_0016,2026-11-18 12:23:55
sub_02410,asg_0095,stu_1161,sec_0016,2026-11-19 07:08:21
sub_02411,asg_0095,stu_0318,sec_0016,2026-11-18 05:19:14
sub_02412,asg_0095,stu_1380,sec_0016,2026-11-20 05:07:56
sub_02413,asg_0095,stu_0038,sec_0016,2026-11-16 18:58:30
sub_02414,asg_0095,stu_0261,sec_0016,2026-11-19 18:46:09
sub_02415,asg_0095,stu_0240,sec_0016,2026-11-15 14:15:22
sub_02416,asg_0095,stu_1317,sec_0016,2026-11-17 22:05:30
sub_02417,asg_0095,stu_1185,sec_0016,2026-11-20 02:38:02
sub_02418,asg_0095,stu_1327,sec_0016,2026-11-17 18:12:30
sub_02419,asg_0095,stu_0423,sec_0016,2026-11-17 10:49:55
sub_02420,asg_0095,stu_1087,sec_0016,2026-11-19 06:59:44
sub_02421,asg_0095,stu_0212,sec_0016,2026-11-17 13:35:52
sub_02422,asg_0095,stu_0928,sec_0016,2026-11-17 17:07:45
sub_02423,asg_0096,stu_0030,sec_0016,2026-12-06 14:05:29
sub_02424,asg_0096,stu_0481,sec_0016,2026-12-03 09:22:26
sub_02425,asg_0096,stu_1379,sec_0016,2026-12-01 05:55:01
sub_02426,asg_0096,stu_0149,sec_0016,2026-12-03 09:36:00
sub_02427,asg_0096,stu_1014,sec_0016,2026-12-05 21:59:28
sub_02428,asg_0096,stu_0048,sec_0016,2026-12-04 06:29:25
sub_02429,asg_0096,stu_1216,sec_0016,2026-12-06 06:07:27
sub_02430,asg_0096,stu_0918,sec_0016,2026-12-03 08:49:35
sub_02431,asg_0096,stu_0945,sec_0016,2026-12-05 17:16:17
sub_02432,asg_0096,stu_1231,sec_0016,2026-11-30 21:03:19
sub_02433,asg_0096,stu_0841,sec_0016,2026-12-03 02:50:00
sub_02434,asg_0096,stu_0422,sec_0016,2026-12-03 10:29:21
sub_02435,asg_0096,stu_1161,sec_0016,2026-12-01 21:02:02
sub_02436,asg_0096,stu_0318,sec_0016,2026-11-30 12:37:19
sub_02437,asg_0096,stu_1380,sec_0016,2026-12-04 17:52:20
sub_02438,asg_0096,stu_0038,sec_0016,2026-12-05 03:00:04
sub_02439,asg_0096,stu_0240,sec_0016,2026-12-06 16:07:46
sub_02440,asg_0096,stu_1317,sec_0016,2026-12-05 09:37:42
sub_02441,asg_0096,stu_1185,sec_0016,2026-12-01 09:56:39
sub_02442,asg_0096,stu_1327,sec_0016,2026-12-03 02:29:07
sub_02443,asg_0096,stu_1087,sec_0016,2026-12-05 21:33:21
sub_02444,asg_0096,stu_0212,sec_0016,2026-12-02 01:27:03
sub_02445,asg_0096,stu_0928,sec_0016,2026-12-02 05:17:46
sub_02446,asg_0097,stu_0732,sec_0017,2026-09-22 00:50:02
sub_02447,asg_0097,stu_1210,sec_0017,2026-09-24 07:02:25
sub_02448,asg_0097,stu_0309,sec_0017,2026-09-22 12:44:17
sub_02449,asg_0097,stu_0229,sec_0017,2026-09-20 20:36:01
sub_02450,asg_0097,stu_0950,sec_0017,2026-09-20 08:07:02
sub_02451,asg_0097,stu_0928,sec_0017,2026-09-23 02:36:11
sub_02452,asg_0097,stu_1150,sec_0017,2026-09-24 09:28:24
sub_02453,asg_0097,stu_0304,sec_0017,2026-09-24 08:17:43
sub_02454,asg_0097,stu_0118,sec_0017,2026-09-23 22:09:43
sub_02455,asg_0097,stu_0385,sec_0017,2026-09-23 16:34:27
sub_02456,asg_0097,stu_0679,sec_0017,2026-09-21 05:24:21
sub_02457,asg_0097,stu_1109,sec_0017,2026-09-24 15:53:58
sub_02458,asg_0097,stu_0467,sec_0017,2026-09-21 23:50:52
sub_02459,asg_0097,stu_0441,sec_0017,2026-09-22 00:47:42
sub_02460,asg_0097,stu_1315,sec_0017,2026-09-19 20:31:55
sub_02461,asg_0097,stu_0062,sec_0017,2026-09-23 08:47:34
sub_02462,asg_0097,stu_1309,sec_0017,2026-09-23 16:34:23
sub_02463,asg_0097,stu_0240,sec_0017,2026-09-22 03:47:50
sub_02464,asg_0097,stu_0079,sec_0017,2026-09-22 04:00:36
sub_02465,asg_0097,stu_0546,sec_0017,2026-09-24 19:38:56
sub_02466,asg_0098,stu_0633,sec_0017,2026-10-05 15:25:08
sub_02467,asg_0098,stu_1210,sec_0017,2026-10-04 22:38:33
sub_02468,asg_0098,stu_0309,sec_0017,2026-10-07 12:52:14
sub_02469,asg_0098,stu_0229,sec_0017,2026-10-06 18:00:11
sub_02470,asg_0098,stu_0380,sec_0017,2026-10-04 00:00:15
sub_02471,asg_0098,stu_0950,sec_0017,2026-10-05 06:32:29
sub_02472,asg_0098,stu_0928,sec_0017,2026-10-07 22:53:21
sub_02473,asg_0098,stu_1150,sec_0017,2026-10-06 12:13:42
sub_02474,asg_0098,stu_0304,sec_0017,2026-10-04 21:37:32
sub_02475,asg_0098,stu_0118,sec_0017,2026-10-05 23:46:34
sub_02476,asg_0098,stu_1115,sec_0017,2026-10-06 23:18:54
sub_02477,asg_0098,stu_0385,sec_0017,2026-10-07 15:52:58
sub_02478,asg_0098,stu_0679,sec_0017,2026-10-07 19:47:24
sub_02479,asg_0098,stu_1109,sec_0017,2026-10-07 12:10:02
sub_02480,asg_0098,stu_1116,sec_0017,2026-10-04 21:53:02
sub_02481,asg_0098,stu_0467,sec_0017,2026-10-07 20:07:35
sub_02482,asg_0098,stu_0441,sec_0017,2026-10-07 12:31:39
sub_02483,asg_0098,stu_1315,sec_0017,2026-10-08 02:25:09
sub_02484,asg_0098,stu_1309,sec_0017,2026-10-08 05:44:47
sub_02485,asg_0098,stu_0240,sec_0017,2026-10-05 10:03:04
sub_02486,asg_0098,stu_0079,sec_0017,2026-10-07 21:58:06
sub_02487,asg_0098,stu_0546,sec_0017,2026-10-08 09:52:59
sub_02488,asg_0099,stu_0633,sec_0017,2026-10-26 17:02:19
sub_02489,asg_0099,stu_0732,sec_0017,2026-10-20 21:49:36
sub_02490,asg_0099,stu_1210,sec_0017,2026-10-25 12:46:27
sub_02491,asg_0099,stu_0309,sec_0017,2026-10-23 14:13:25
sub_02492,asg_0099,stu_0229,sec_0017,2026-10-23 01:18:18
sub_02493,asg_0099,stu_0380,sec_0017,2026-10-24 07:44:54
sub_02494,asg_0099,stu_0950,sec_0017,2026-10-27 11:04:10
sub_02495,asg_0099,stu_0928,sec_0017,2026-10-21 06:33:18
sub_02496,asg_0099,stu_1150,sec_0017,2026-10-22 22:55:00
sub_02497,asg_0099,stu_0304,sec_0017,2026-10-24 00:04:33
sub_02498,asg_0099,stu_0118,sec_0017,2026-10-21 07:45:32
sub_02499,asg_0099,stu_1115,sec_0017,2026-10-25 06:51:23
sub_02500,asg_0099,stu_0385,sec_0017,2026-10-27 20:55:36
sub_02501,asg_0099,stu_0679,sec_0017,2026-10-28 09:00:17
sub_02502,asg_0099,stu_1109,sec_0017,2026-10-27 05:20:24
sub_02503,asg_0099,stu_1116,sec_0017,2026-10-25 10:26:20
sub_02504,asg_0099,stu_0467,sec_0017,2026-10-27 08:41:56
sub_02505,asg_0099,stu_0441,sec_0017,2026-10-21 07:41:31
sub_02506,asg_0099,stu_1315,sec_0017,2026-10-26 08:33:55
sub_02507,asg_0099,stu_0062,sec_0017,2026-10-25 01:30:53
sub_02508,asg_0099,stu_0079,sec_0017,2026-10-21 09:13:56
sub_02509,asg_0099,stu_0546,sec_0017,2026-10-26 14:38:08
sub_02510,asg_0100,stu_0633,sec_0017,2026-11-06 02:41:51
sub_02511,asg_0100,stu_0732,sec_0017,2026-11-09 10:20:52
sub_02512,asg_0100,stu_1210,sec_0017,2026-11-08 10:14:46
sub_02513,asg_0100,stu_0309,sec_0017,2026-11-06 16:42:59
sub_02514,asg_0100,stu_0229,sec_0017,2026-11-12 11:53:52
sub_02515,asg_0100,stu_0380,sec_0017,2026-11-04 22:27:58
sub_02516,asg_0100,stu_0950,sec_0017,2026-11-09 02:19:37
sub_02517,asg_0100,stu_0928,sec_0017,2026-11-06 12:05:39
sub_02518,asg_0100,stu_1150,sec_0017,2026-11-07 07:36:24
sub_02519,asg_0100,stu_0304,sec_0017,2026-11-07 18:56:47
sub_02520,asg_0100,stu_0118,sec_0017,2026-11-12 10:44:08
sub_02521,asg_0100,stu_1115,sec_0017,2026-11-07 18:11:35
sub_02522,asg_0100,stu_0385,sec_0017,2026-11-09 07:37:37
sub_02523,asg_0100,stu_0679,sec_0017,2026-11-09 00:04:46
sub_02524,asg_0100,stu_1109,sec_0017,2026-11-08 06:32:21
sub_02525,asg_0100,stu_1116,sec_0017,2026-11-05 05:45:22
sub_02526,asg_0100,stu_0467,sec_0017,2026-11-12 07:19:57
sub_02527,asg_0100,stu_0441,sec_0017,2026-11-05 14:04:33
sub_02528,asg_0100,stu_1315,sec_0017,2026-11-07 12:30:34
sub_02529,asg_0100,stu_0062,sec_0017,2026-11-04 15:35:56
sub_02530,asg_0100,stu_1309,sec_0017,2026-11-12 18:03:35
sub_02531,asg_0100,stu_0240,sec_0017,2026-11-10 00:03:54
sub_02532,asg_0100,stu_0079,sec_0017,2026-11-06 01:09:14
sub_02533,asg_0100,stu_0546,sec_0017,2026-11-06 04:38:27
sub_02534,asg_0101,stu_0633,sec_0017,2026-11-24 05:57:21
sub_02535,asg_0101,stu_0732,sec_0017,2026-11-24 06:28:48
sub_02536,asg_0101,stu_1210,sec_0017,2026-11-18 20:28:12
sub_02537,asg_0101,stu_0229,sec_0017,2026-11-23 11:25:31
sub_02538,asg_0101,stu_0380,sec_0017,2026-11-22 22:18:46
sub_02539,asg_0101,stu_0950,sec_0017,2026-11-18 18:08:49
sub_02540,asg_0101,stu_0928,sec_0017,2026-11-20 02:22:06
sub_02541,asg_0101,stu_1150,sec_0017,2026-11-20 18:40:14
sub_02542,asg_0101,stu_0304,sec_0017,2026-11-24 16:27:40
sub_02543,asg_0101,stu_0118,sec_0017,2026-11-20 02:41:48
sub_02544,asg_0101,stu_1115,sec_0017,2026-11-19 15:39:42
sub_02545,asg_0101,stu_0385,sec_0017,2026-11-22 22:26:07
sub_02546,asg_0101,stu_1109,sec_0017,2026-11-24 11:08:44
sub_02547,asg_0101,stu_1116,sec_0017,2026-11-21 13:24:41
sub_02548,asg_0101,stu_0467,sec_0017,2026-11-23 01:08:08
sub_02549,asg_0101,stu_0441,sec_0017,2026-11-24 03:53:53
sub_02550,asg_0101,stu_1315,sec_0017,2026-11-15 22:10:52
sub_02551,asg_0101,stu_0062,sec_0017,2026-11-21 13:03:09
sub_02552,asg_0101,stu_1309,sec_0017,2026-11-16 11:22:00
sub_02553,asg_0101,stu_0240,sec_0017,2026-11-22 17:55:46
sub_02554,asg_0101,stu_0079,sec_0017,2026-11-23 04:31:48
sub_02555,asg_0101,stu_0546,sec_0017,2026-11-23 16:25:27
sub_02556,asg_0102,stu_0633,sec_0017,2026-12-06 02:14:07
sub_02557,asg_0102,stu_0732,sec_0017,2026-12-08 16:09:24
sub_02558,asg_0102,stu_1210,sec_0017,2026-12-02 08:20:38
sub_02559,asg_0102,stu_0309,sec_0017,2026-12-09 13:36:56
sub_02560,asg_0102,stu_0229,sec_0017,2026-12-09 08:24:18
sub_02561,asg_0102,stu_0380,sec_0017,2026-12-05 07:47:33
sub_02562,asg_0102,stu_0950,sec_0017,2026-12-02 09:24:32
sub_02563,asg_0102,stu_0928,sec_0017,2026-12-03 07:47:03
sub_02564,asg_0102,stu_1150,sec_0017,2026-12-06 00:22:11
sub_02565,asg_0102,stu_0304,sec_0017,2026-12-09 13:43:43
sub_02566,asg_0102,stu_0118,sec_0017,2026-12-02 02:07:40
sub_02567,asg_0102,stu_1115,sec_0017,2026-12-09 19:01:21
sub_02568,asg_0102,stu_0385,sec_0017,2026-12-06 06:12:52
sub_02569,asg_0102,stu_0679,sec_0017,2026-12-07 18:39:58
sub_02570,asg_0102,stu_1109,sec_0017,2026-12-02 13:57:03
sub_02571,asg_0102,stu_1116,sec_0017,2026-12-03 22:03:58
sub_02572,asg_0102,stu_0467,sec_0017,2026-12-06 18:28:47
sub_02573,asg_0102,stu_0441,sec_0017,2026-12-02 19:24:34
sub_02574,asg_0102,stu_1315,sec_0017,2026-12-06 12:53:39
sub_02575,asg_0102,stu_0062,sec_0017,2026-12-08 11:48:22
sub_02576,asg_0102,stu_1309,sec_0017,2026-11-30 23:16:53
sub_02577,asg_0102,stu_0240,sec_0017,2026-12-07 23:24:24
sub_02578,asg_0102,stu_0546,sec_0017,2026-12-02 19:45:21
sub_02579,asg_0103,stu_0916,sec_0018,2026-09-25 05:37:45
sub_02580,asg_0103,stu_0005,sec_0018,2026-09-20 10:21:34
sub_02581,asg_0103,stu_0825,sec_0018,2026-09-25 14:22:08
sub_02582,asg_0103,stu_1361,sec_0018,2026-09-20 19:58:48
sub_02583,asg_0103,stu_1369,sec_0018,2026-09-25 14:24:18
sub_02584,asg_0103,stu_1177,sec_0018,2026-09-24 19:55:42
sub_02585,asg_0103,stu_0064,sec_0018,2026-09-23 08:07:23
sub_02586,asg_0103,stu_1147,sec_0018,2026-09-20 21:08:49
sub_02587,asg_0103,stu_0186,sec_0018,2026-09-25 16:07:16
sub_02588,asg_0103,stu_0472,sec_0018,2026-09-24 12:39:50
sub_02589,asg_0103,stu_0514,sec_0018,2026-09-23 09:24:42
sub_02590,asg_0103,stu_1352,sec_0018,2026-09-23 22:06:08
sub_02591,asg_0103,stu_0180,sec_0018,2026-09-23 03:14:48
sub_02592,asg_0103,stu_0564,sec_0018,2026-09-23 22:27:01
sub_02593,asg_0103,stu_0491,sec_0018,2026-09-24 03:20:34
sub_02594,asg_0103,stu_1319,sec_0018,2026-09-24 01:38:19
sub_02595,asg_0104,stu_0825,sec_0018,2026-10-06 10:21:46
sub_02596,asg_0104,stu_1369,sec_0018,2026-10-07 05:26:59
sub_02597,asg_0104,stu_1177,sec_0018,2026-10-03 12:36:07
sub_02598,asg_0104,stu_0387,sec_0018,2026-10-04 16:29:16
sub_02599,asg_0104,stu_0889,sec_0018,2026-10-04 06:36:12
sub_02600,asg_0104,stu_0064,sec_0018,2026-10-06 15:52:02
sub_02601,asg_0104,stu_0186,sec_0018,2026-10-08 11:51:50
sub_02602,asg_0104,stu_0472,sec_0018,2026-10-05 14:01:10
sub_02603,asg_0104,stu_0514,sec_0018,2026-10-04 21:57:53
sub_02604,asg_0104,stu_1352,sec_0018,2026-10-07 17:15:44
sub_02605,asg_0104,stu_0180,sec_0018,2026-10-04 14:44:45
sub_02606,asg_0104,stu_0564,sec_0018,2026-10-06 02:53:02
sub_02607,asg_0104,stu_0491,sec_0018,2026-10-08 00:53:31
sub_02608,asg_0104,stu_1319,sec_0018,2026-10-05 07:48:10
sub_02609,asg_0105,stu_0916,sec_0018,2026-10-19 19:09:52
sub_02610,asg_0105,stu_0005,sec_0018,2026-10-20 19:49:00
sub_02611,asg_0105,stu_0825,sec_0018,2026-10-21 21:45:18
sub_02612,asg_0105,stu_1361,sec_0018,2026-10-24 08:16:53
sub_02613,asg_0105,stu_1369,sec_0018,2026-10-24 20:18:05
sub_02614,asg_0105,stu_0387,sec_0018,2026-10-26 12:11:06
sub_02615,asg_0105,stu_0889,sec_0018,2026-10-22 00:35:24
sub_02616,asg_0105,stu_0064,sec_0018,2026-10-25 22:31:16
sub_02617,asg_0105,stu_1147,sec_0018,2026-10-23 03:50:19
sub_02618,asg_0105,stu_0186,sec_0018,2026-10-19 15:10:57
sub_02619,asg_0105,stu_0472,sec_0018,2026-10-22 18:29:20
sub_02620,asg_0105,stu_0514,sec_0018,2026-10-22 01:44:37
sub_02621,asg_0105,stu_1352,sec_0018,2026-10-24 06:22:08
sub_02622,asg_0105,stu_0180,sec_0018,2026-10-23 04:52:07
sub_02623,asg_0105,stu_0491,sec_0018,2026-10-24 00:38:44
sub_02624,asg_0105,stu_1319,sec_0018,2026-10-25 11:08:12
sub_02625,asg_0106,stu_0825,sec_0018,2026-10-28 12:05:06
sub_02626,asg_0106,stu_1361,sec_0018,2026-10-28 05:03:13
sub_02627,asg_0106,stu_1369,sec_0018,2026-10-28 16:12:22
sub_02628,asg_0106,stu_1177,sec_0018,2026-10-28 09:37:22
sub_02629,asg_0106,stu_0387,sec_0018,2026-10-28 15:14:13
sub_02630,asg_0106,stu_0889,sec_0018,2026-10-28 12:16:35
sub_02631,asg_0106,stu_0064,sec_0018,2026-10-28 10:03:56
sub_02632,asg_0106,stu_1147,sec_0018,2026-10-28 15:32:11
sub_02633,asg_0106,stu_0472,sec_0018,2026-10-28 12:03:57
sub_02634,asg_0106,stu_0180,sec_0018,2026-10-28 12:42:03
sub_02635,asg_0106,stu_0564,sec_0018,2026-10-28 07:32:48
sub_02636,asg_0106,stu_0491,sec_0018,2026-10-28 11:21:48
sub_02637,asg_0106,stu_1319,sec_0018,2026-10-28 17:59:04
sub_02638,asg_0107,stu_0005,sec_0018,2026-11-15 16:05:17
sub_02639,asg_0107,stu_0825,sec_0018,2026-11-18 20:59:39
sub_02640,asg_0107,stu_1361,sec_0018,2026-11-16 07:49:46
sub_02641,asg_0107,stu_1369,sec_0018,2026-11-20 05:56:26
sub_02642,asg_0107,stu_1177,sec_0018,2026-11-16 19:03:48
sub_02643,asg_0107,stu_0387,sec_0018,2026-11-17 11:31:13
sub_02644,asg_0107,stu_0889,sec_0018,2026-11-21 05:46:06
sub_02645,asg_0107,stu_0064,sec_0018,2026-11-20 20:00:23
sub_02646,asg_0107,stu_1147,sec_0018,2026-11-20 11:03:09
sub_02647,asg_0107,stu_0186,sec_0018,2026-11-17 02:57:02
sub_02648,asg_0107,stu_0472,sec_0018,2026-11-20 05:47:55
sub_02649,asg_0107,stu_0514,sec_0018,2026-11-17 23:47:15
sub_02650,asg_0107,stu_1352,sec_0018,2026-11-18 13:47:09
sub_02651,asg_0107,stu_0180,sec_0018,2026-11-15 22:47:14
sub_02652,asg_0107,stu_0564,sec_0018,2026-11-21 07:27:11
sub_02653,asg_0107,stu_0491,sec_0018,2026-11-17 10:12:50
sub_02654,asg_0107,stu_1319,sec_0018,2026-11-16 19:03:17
sub_02655,asg_0108,stu_0916,sec_0018,2026-12-03 05:12:29
sub_02656,asg_0108,stu_0005,sec_0018,2026-11-30 09:27:00
sub_02657,asg_0108,stu_0825,sec_0018,2026-12-02 08:35:06
sub_02658,asg_0108,stu_1361,sec_0018,2026-11-30 15:16:33
sub_02659,asg_0108,stu_1369,sec_0018,2026-12-01 17:53:13
sub_02660,asg_0108,stu_1177,sec_0018,2026-12-02 19:17:29
sub_02661,asg_0108,stu_0387,sec_0018,2026-12-01 09:26:07
sub_02662,asg_0108,stu_0889,sec_0018,2026-11-28 21:19:25
sub_02663,asg_0108,stu_0064,sec_0018,2026-11-29 19:40:38
sub_02664,asg_0108,stu_1147,sec_0018,2026-12-01 17:30:25
sub_02665,asg_0108,stu_0186,sec_0018,2026-12-03 07:37:13
sub_02666,asg_0108,stu_0472,sec_0018,2026-12-01 19:37:04
sub_02667,asg_0108,stu_0514,sec_0018,2026-12-01 14:29:27
sub_02668,asg_0108,stu_1352,sec_0018,2026-12-02 00:55:44
sub_02669,asg_0108,stu_0180,sec_0018,2026-11-29 14:55:47
sub_02670,asg_0108,stu_0564,sec_0018,2026-11-29 10:47:57
sub_02671,asg_0108,stu_0491,sec_0018,2026-11-30 16:43:45
sub_02672,asg_0108,stu_1319,sec_0018,2026-11-30 01:56:09
sub_02673,asg_0109,stu_0049,sec_0019,2026-09-22 11:42:37
sub_02674,asg_0109,stu_1019,sec_0019,2026-09-21 23:07:08
sub_02675,asg_0109,stu_0213,sec_0019,2026-09-28 07:06:28
sub_02676,asg_0109,stu_0887,sec_0019,2026-09-25 00:24:05
sub_02677,asg_0109,stu_0175,sec_0019,2026-09-26 21:48:26
sub_02678,asg_0109,stu_0406,sec_0019,2026-09-22 06:33:52
sub_02679,asg_0109,stu_1218,sec_0019,2026-09-26 11:04:07
sub_02680,asg_0109,stu_0074,sec_0019,2026-09-27 09:38:53
sub_02681,asg_0109,stu_0786,sec_0019,2026-09-24 00:05:19
sub_02682,asg_0109,stu_0155,sec_0019,2026-09-24 06:00:29
sub_02683,asg_0109,stu_1153,sec_0019,2026-09-21 19:20:30
sub_02684,asg_0109,stu_1138,sec_0019,2026-09-27 01:27:50
sub_02685,asg_0109,stu_0849,sec_0019,2026-09-28 10:14:13
sub_02686,asg_0109,stu_0002,sec_0019,2026-09-22 14:48:19
sub_02687,asg_0109,stu_0236,sec_0019,2026-09-21 22:54:15
sub_02688,asg_0109,stu_1334,sec_0019,2026-09-27 14:55:19
sub_02689,asg_0109,stu_0448,sec_0019,2026-09-28 07:36:27
sub_02690,asg_0109,stu_0428,sec_0019,2026-09-27 03:25:20
sub_02691,asg_0109,stu_0792,sec_0019,2026-09-27 23:51:36
sub_02692,asg_0109,stu_0656,sec_0019,2026-09-26 22:09:37
sub_02693,asg_0109,stu_1024,sec_0019,2026-09-23 20:04:23
sub_02694,asg_0109,stu_0439,sec_0019,2026-09-23 00:46:20
sub_02695,asg_0109,stu_0758,sec_0019,2026-09-24 18:32:28
sub_02696,asg_0109,stu_1260,sec_0019,2026-09-26 13:09:20
sub_02697,asg_0109,stu_0478,sec_0019,2026-09-24 19:51:31
sub_02698,asg_0109,stu_0566,sec_0019,2026-09-24 08:43:43
sub_02699,asg_0109,stu_0659,sec_0019,2026-09-22 21:16:21
sub_02700,asg_0109,stu_0724,sec_0019,2026-09-22 09:50:14
sub_02701,asg_0109,stu_0568,sec_0019,2026-09-24 19:09:41
sub_02702,asg_0109,stu_0834,sec_0019,2026-09-21 19:55:45
sub_02703,asg_0109,stu_0921,sec_0019,2026-09-23 04:56:04
sub_02704,asg_0109,stu_1337,sec_0019,2026-09-26 06:00:07
sub_02705,asg_0109,stu_0201,sec_0019,2026-09-26 10:23:44
sub_02706,asg_0109,stu_0762,sec_0019,2026-09-24 10:55:48
sub_02707,asg_0109,stu_0168,sec_0019,2026-09-24 17:52:39
sub_02708,asg_0109,stu_0269,sec_0019,2026-09-27 11:31:47
sub_02709,asg_0109,stu_0753,sec_0019,2026-09-23 11:07:45
sub_02710,asg_0109,stu_1158,sec_0019,2026-09-24 22:19:01
sub_02711,asg_0109,stu_0120,sec_0019,2026-09-27 12:23:31
sub_02712,asg_0109,stu_0214,sec_0019,2026-09-24 12:36:52
sub_02713,asg_0109,stu_0645,sec_0019,2026-09-24 21:57:16
sub_02714,asg_0110,stu_0049,sec_0019,2026-09-30 16:20:27
sub_02715,asg_0110,stu_1019,sec_0019,2026-09-30 13:59:46
sub_02716,asg_0110,stu_0381,sec_0019,2026-09-30 13:53:17
sub_02717,asg_0110,stu_0887,sec_0019,2026-09-30 07:04:17
sub_02718,asg_0110,stu_0175,sec_0019,2026-09-30 13:03:26
sub_02719,asg_0110,stu_0406,sec_0019,2026-09-30 07:23:08
sub_02720,asg_0110,stu_0959,sec_0019,2026-09-30 11:15:42
sub_02721,asg_0110,stu_0074,sec_0019,2026-09-30 07:36:16
sub_02722,asg_0110,stu_1090,sec_0019,2026-09-30 11:56:16
sub_02723,asg_0110,stu_0786,sec_0019,2026-09-30 06:37:54
sub_02724,asg_0110,stu_0155,sec_0019,2026-09-30 06:31:57
sub_02725,asg_0110,stu_1138,sec_0019,2026-09-30 07:58:41
sub_02726,asg_0110,stu_0849,sec_0019,2026-09-30 15:34:12
sub_02727,asg_0110,stu_0002,sec_0019,2026-09-30 13:04:33
sub_02728,asg_0110,stu_0236,sec_0019,2026-09-30 07:12:44
sub_02729,asg_0110,stu_1334,sec_0019,2026-09-30 17:25:42
sub_02730,asg_0110,stu_0448,sec_0019,2026-09-30 06:00:34
sub_02731,asg_0110,stu_0428,sec_0019,2026-09-30 07:20:42
sub_02732,asg_0110,stu_0792,sec_0019,2026-09-30 09:17:12
sub_02733,asg_0110,stu_0439,sec_0019,2026-09-30 17:14:38
sub_02734,asg_0110,stu_1260,sec_0019,2026-09-30 07:33:55
sub_02735,asg_0110,stu_0478,sec_0019,2026-09-30 15:02:56
sub_02736,asg_0110,stu_0659,sec_0019,2026-09-30 12:25:45
sub_02737,asg_0110,stu_0724,sec_0019,2026-09-30 13:21:13
sub_02738,asg_0110,stu_0568,sec_0019,2026-09-30 16:20:44
sub_02739,asg_0110,stu_0834,sec_0019,2026-09-30 13:43:34
sub_02740,asg_0110,stu_0886,sec_0019,2026-09-30 11:30:52
sub_02741,asg_0110,stu_0921,sec_0019,2026-09-30 16:21:45
sub_02742,asg_0110,stu_1337,sec_0019,2026-09-30 07:09:42
sub_02743,asg_0110,stu_0201,sec_0019,2026-09-30 07:14:24
sub_02744,asg_0110,stu_0762,sec_0019,2026-09-30 11:22:04
sub_02745,asg_0110,stu_0269,sec_0019,2026-09-30 11:12:42
sub_02746,asg_0110,stu_1158,sec_0019,2026-09-30 08:10:32
sub_02747,asg_0110,stu_0120,sec_0019,2026-09-30 05:50:56
sub_02748,asg_0110,stu_0214,sec_0019,2026-09-30 17:34:50
sub_02749,asg_0110,stu_0645,sec_0019,2026-09-30 12:34:55
sub_02750,asg_0111,stu_0049,sec_0019,2026-10-21 19:38:17
sub_02751,asg_0111,stu_1019,sec_0019,2026-10-24 06:50:24
sub_02752,asg_0111,stu_0213,sec_0019,2026-10-22 16:34:46
sub_02753,asg_0111,stu_0381,sec_0019,2026-10-20 01:18:13
sub_02754,asg_0111,stu_0887,sec_0019,2026-10-19 22:29:22
sub_02755,asg_0111,stu_0175,sec_0019,2026-10-25 03:38:29
sub_02756,asg_0111,stu_0406,sec_0019,2026-10-23 01:24:42
sub_02757,asg_0111,stu_0959,sec_0019,2026-10-21 23:06:54
sub_02758,asg_0111,stu_1218,sec_0019,2026-10-21 16:39:01
sub_02759,asg_0111,stu_0074,sec_0019,2026-10-23 12:16:59
sub_02760,asg_0111,stu_1090,sec_0019,2026-10-22 16:10:00
sub_02761,asg_0111,stu_0786,sec_0019,2026-10-24 22:04:04
sub_02762,asg_0111,stu_0155,sec_0019,2026-10-22 21:18:28
sub_02763,asg_0111,stu_1153,sec_0019,2026-10-19 11:14:43
sub_02764,asg_0111,stu_1138,sec_0019,2026-10-25 18:47:22
sub_02765,asg_0111,stu_0849,sec_0019,2026-10-25 07:29:40
sub_02766,asg_0111,stu_0236,sec_0019,2026-10-20 18:28:13
sub_02767,asg_0111,stu_1334,sec_0019,2026-10-25 01:13:25
sub_02768,asg_0111,stu_0448,sec_0019,2026-10-19 19:15:42
sub_02769,asg_0111,stu_0428,sec_0019,2026-10-21 10:19:13
sub_02770,asg_0111,stu_0792,sec_0019,2026-10-23 15:58:24
sub_02771,asg_0111,stu_0656,sec_0019,2026-10-22 07:10:51
sub_02772,asg_0111,stu_1024,sec_0019,2026-10-22 16:24:04
sub_02773,asg_0111,stu_0439,sec_0019,2026-10-23 19:04:21
sub_02774,asg_0111,stu_0758,sec_0019,2026-10-22 12:07:12
sub_02775,asg_0111,stu_0478,sec_0019,2026-10-23 21:33:18
sub_02776,asg_0111,stu_0566,sec_0019,2026-10-23 22:21:19
sub_02777,asg_0111,stu_0659,sec_0019,2026-10-24 21:02:38
sub_02778,asg_0111,stu_0724,sec_0019,2026-10-20 11:19:39
sub_02779,asg_0111,stu_0568,sec_0019,2026-10-19 20:38:00
sub_02780,asg_0111,stu_0834,sec_0019,2026-10-22 07:05:59
sub_02781,asg_0111,stu_0886,sec_0019,2026-10-22 20:42:40
sub_02782,asg_0111,stu_0921,sec_0019,2026-10-25 07:24:14
sub_02783,asg_0111,stu_1337,sec_0019,2026-10-21 21:16:28
sub_02784,asg_0111,stu_0201,sec_0019,2026-10-22 09:01:30
sub_02785,asg_0111,stu_0762,sec_0019,2026-10-20 21:23:21
sub_02786,asg_0111,stu_0269,sec_0019,2026-10-23 14:33:36
sub_02787,asg_0111,stu_0753,sec_0019,2026-10-24 10:40:16
sub_02788,asg_0111,stu_1158,sec_0019,2026-10-19 18:33:29
sub_02789,asg_0111,stu_0120,sec_0019,2026-10-23 17:13:54
sub_02790,asg_0111,stu_0214,sec_0019,2026-10-25 01:00:57
sub_02791,asg_0111,stu_0645,sec_0019,2026-10-25 12:11:25
sub_02792,asg_0112,stu_1019,sec_0019,2026-11-05 07:05:15
sub_02793,asg_0112,stu_0381,sec_0019,2026-11-03 09:16:34
sub_02794,asg_0112,stu_0887,sec_0019,2026-10-27 09:00:00
sub_02795,asg_0112,stu_0175,sec_0019,2026-11-03 07:03:07
sub_02796,asg_0112,stu_0406,sec_0019,2026-11-03 02:03:52
sub_02797,asg_0112,stu_1218,sec_0019,2026-11-01 17:20:54
sub_02798,asg_0112,stu_0074,sec_0019,2026-11-06 04:13:23
sub_02799,asg_0112,stu_1090,sec_0019,2026-11-05 03:23:31
sub_02800,asg_0112,stu_0786,sec_0019,2026-11-01 22:27:22
sub_02801,asg_0112,stu_0155,sec_0019,2026-11-03 20:29:32
sub_02802,asg_0112,stu_1153,sec_0019,2026-11-06 19:06:31
sub_02803,asg_0112,stu_1138,sec_0019,2026-11-05 06:42:09
sub_02804,asg_0112,stu_0849,sec_0019,2026-11-01 20:36:02
sub_02805,asg_0112,stu_0002,sec_0019,2026-11-05 17:37:57
sub_02806,asg_0112,stu_0236,sec_0019,2026-11-03 00:30:50
sub_02807,asg_0112,stu_1334,sec_0019,2026-11-06 14:08:48
sub_02808,asg_0112,stu_0448,sec_0019,2026-11-01 21:58:57
sub_02809,asg_0112,stu_0428,sec_0019,2026-11-04 13:42:27
sub_02810,asg_0112,stu_0792,sec_0019,2026-11-04 00:54:49
sub_02811,asg_0112,stu_0656,sec_0019,2026-11-03 01:05:41
sub_02812,asg_0112,stu_1024,sec_0019,2026-11-03 14:07:37
sub_02813,asg_0112,stu_0758,sec_0019,2026-11-01 16:38:05
sub_02814,asg_0112,stu_1260,sec_0019,2026-11-05 18:28:21
sub_02815,asg_0112,stu_0478,sec_0019,2026-11-06 19:22:35
sub_02816,asg_0112,stu_0566,sec_0019,2026-11-04 03:25:46
sub_02817,asg_0112,stu_0659,sec_0019,2026-11-05 12:20:59
sub_02818,asg_0112,stu_0724,sec_0019,2026-11-07 06:19:15
sub_02819,asg_0112,stu_0568,sec_0019,2026-11-05 14:17:44
sub_02820,asg_0112,stu_0834,sec_0019,2026-11-03 18:08:51
sub_02821,asg_0112,stu_0886,sec_0019,2026-11-05 19:17:04
sub_02822,asg_0112,stu_0921,sec_0019,2026-11-07 12:10:16
sub_02823,asg_0112,stu_1337,sec_0019,2026-11-05 08:46:53
sub_02824,asg_0112,stu_0201,sec_0019,2026-11-04 02:05:37
sub_02825,asg_0112,stu_0762,sec_0019,2026-11-06 22:44:45
sub_02826,asg_0112,stu_0168,sec_0019,2026-11-04 06:06:23
sub_02827,asg_0112,stu_0269,sec_0019,2026-11-06 16:13:28
sub_02828,asg_0112,stu_0753,sec_0019,2026-11-01 17:57:23
sub_02829,asg_0112,stu_1158,sec_0019,2026-11-07 12:53:08
sub_02830,asg_0112,stu_0120,sec_0019,2026-11-07 12:24:01
sub_02831,asg_0112,stu_0214,sec_0019,2026-11-06 11:33:10
sub_02832,asg_0112,stu_0645,sec_0019,2026-11-05 06:25:41
sub_02833,asg_0113,stu_0049,sec_0019,2026-11-18 13:06:34
sub_02834,asg_0113,stu_1019,sec_0019,2026-11-17 01:13:29
sub_02835,asg_0113,stu_0213,sec_0019,2026-11-18 02:40:00
sub_02836,asg_0113,stu_0381,sec_0019,2026-11-15 22:09:47
sub_02837,asg_0113,stu_0887,sec_0019,2026-11-19 03:49:14
sub_02838,asg_0113,stu_0406,sec_0019,2026-11-19 12:51:44
sub_02839,asg_0113,stu_0959,sec_0019,2026-11-18 00:11:07
sub_02840,asg_0113,stu_1218,sec_0019,2026-11-19 21:18:08
sub_02841,asg_0113,stu_0074,sec_0019,2026-11-17 01:12:19
sub_02842,asg_0113,stu_1090,sec_0019,2026-11-18 15:38:17
sub_02843,asg_0113,stu_0155,sec_0019,2026-11-19 14:54:05
sub_02844,asg_0113,stu_1153,sec_0019,2026-11-18 08:36:47
sub_02845,asg_0113,stu_1138,sec_0019,2026-11-18 12:04:35
sub_02846,asg_0113,stu_0849,sec_0019,2026-11-17 09:07:47
sub_02847,asg_0113,stu_0002,sec_0019,2026-11-16 20:09:34
sub_02848,asg_0113,stu_0236,sec_0019,2026-11-19 06:58:56
sub_02849,asg_0113,stu_1334,sec_0019,2026-11-19 06:19:52
sub_02850,asg_0113,stu_0448,sec_0019,2026-11-15 08:48:13
sub_02851,asg_0113,stu_0428,sec_0019,2026-11-20 11:15:00
sub_02852,asg_0113,stu_0792,sec_0019,2026-11-17 19:07:31
sub_02853,asg_0113,stu_0656,sec_0019,2026-11-16 22:51:34
sub_02854,asg_0113,stu_1024,sec_0019,2026-11-20 01:23:00
sub_02855,asg_0113,stu_0439,sec_0019,2026-11-17 01:17:45
sub_02856,asg_0113,stu_0758,sec_0019,2026-11-16 22:38:34
sub_02857,asg_0113,stu_1260,sec_0019,2026-11-19 11:22:47
sub_02858,asg_0113,stu_0478,sec_0019,2026-11-16 17:35:53
sub_02859,asg_0113,stu_0566,sec_0019,2026-11-19 03:41:21
sub_02860,asg_0113,stu_0659,sec_0019,2026-11-19 12:16:21
sub_02861,asg_0113,stu_0724,sec_0019,2026-11-18 22:48:08
sub_02862,asg_0113,stu_0834,sec_0019,2026-11-19 01:17:09
sub_02863,asg_0113,stu_0886,sec_0019,2026-11-20 10:02:06
sub_02864,asg_0113,stu_0921,sec_0019,2026-11-17 00:19:57
sub_02865,asg_0113,stu_1337,sec_0019,2026-11-16 13:13:13
sub_02866,asg_0113,stu_0762,sec_0019,2026-11-18 23:16:35
sub_02867,asg_0113,stu_0168,sec_0019,2026-11-16 23:00:11
sub_02868,asg_0113,stu_0269,sec_0019,2026-11-16 13:03:09
sub_02869,asg_0113,stu_0753,sec_0019,2026-11-17 05:36:03
sub_02870,asg_0113,stu_1158,sec_0019,2026-11-19 11:51:24
sub_02871,asg_0113,stu_0120,sec_0019,2026-11-20 01:38:50
sub_02872,asg_0113,stu_0214,sec_0019,2026-11-19 23:41:20
sub_02873,asg_0113,stu_0645,sec_0019,2026-11-17 19:03:18
sub_02874,asg_0114,stu_0049,sec_0019,2026-12-03 16:18:43
sub_02875,asg_0114,stu_1019,sec_0019,2026-12-02 04:47:56
sub_02876,asg_0114,stu_0213,sec_0019,2026-12-02 11:59:52
sub_02877,asg_0114,stu_0887,sec_0019,2026-12-02 17:02:31
sub_02878,asg_0114,stu_0175,sec_0019,2026-11-30 10:48:20
sub_02879,asg_0114,stu_0406,sec_0019,2026-12-01 00:20:28
sub_02880,asg_0114,stu_0959,sec_0019,2026-12-02 13:18:01
sub_02881,asg_0114,stu_1218,sec_0019,2026-11-30 20:06:36
sub_02882,asg_0114,stu_0074,sec_0019,2026-12-03 16:08:37
sub_02883,asg_0114,stu_1090,sec_0019,2026-12-01 04:20:31
sub_02884,asg_0114,stu_0786,sec_0019,2026-11-30 20:23:30
sub_02885,asg_0114,stu_0155,sec_0019,2026-11-29 18:36:14
sub_02886,asg_0114,stu_1153,sec_0019,2026-11-29 11:39:54
sub_02887,asg_0114,stu_0849,sec_0019,2026-12-03 14:57:07
sub_02888,asg_0114,stu_0002,sec_0019,2026-12-01 16:24:43
sub_02889,asg_0114,stu_0236,sec_0019,2026-11-30 03:44:33
sub_02890,asg_0114,stu_1334,sec_0019,2026-12-01 15:38:11
sub_02891,asg_0114,stu_0448,sec_0019,2026-12-03 19:49:12
sub_02892,asg_0114,stu_0428,sec_0019,2026-12-02 23:10:10
sub_02893,asg_0114,stu_0792,sec_0019,2026-11-29 14:18:29
sub_02894,asg_0114,stu_0656,sec_0019,2026-12-01 01:07:44
sub_02895,asg_0114,stu_1024,sec_0019,2026-12-03 16:13:55
sub_02896,asg_0114,stu_0439,sec_0019,2026-11-29 14:13:25
sub_02897,asg_0114,stu_1260,sec_0019,2026-11-30 04:18:35
sub_02898,asg_0114,stu_0478,sec_0019,2026-11-29 04:34:10
sub_02899,asg_0114,stu_0566,sec_0019,2026-12-02 17:22:42
sub_02900,asg_0114,stu_0659,sec_0019,2026-11-30 14:39:56
sub_02901,asg_0114,stu_0724,sec_0019,2026-12-02 03:33:34
sub_02902,asg_0114,stu_0568,sec_0019,2026-11-30 05:10:52
sub_02903,asg_0114,stu_0834,sec_0019,2026-12-02 16:01:17
sub_02904,asg_0114,stu_0886,sec_0019,2026-11-29 09:03:43
sub_02905,asg_0114,stu_1337,sec_0019,2026-12-02 20:49:38
sub_02906,asg_0114,stu_0201,sec_0019,2026-12-01 12:10:13
sub_02907,asg_0114,stu_0762,sec_0019,2026-12-01 13:37:24
sub_02908,asg_0114,stu_0168,sec_0019,2026-11-30 10:23:44
sub_02909,asg_0114,stu_0269,sec_0019,2026-12-02 23:54:35
sub_02910,asg_0114,stu_0753,sec_0019,2026-11-30 01:08:18
sub_02911,asg_0114,stu_1158,sec_0019,2026-11-30 10:57:19
sub_02912,asg_0114,stu_0214,sec_0019,2026-12-03 22:51:27
sub_02913,asg_0114,stu_0645,sec_0019,2026-12-01 00:21:47
sub_02914,asg_0115,stu_1088,sec_0020,2026-09-16 14:16:36
sub_02915,asg_0115,stu_1282,sec_0020,2026-09-16 12:45:40
sub_02916,asg_0115,stu_1319,sec_0020,2026-09-16 14:55:18
sub_02917,asg_0115,stu_0444,sec_0020,2026-09-16 12:20:56
sub_02918,asg_0115,stu_0206,sec_0020,2026-09-16 10:03:27
sub_02919,asg_0115,stu_1200,sec_0020,2026-09-16 12:31:51
sub_02920,asg_0115,stu_0836,sec_0020,2026-09-16 11:30:29
sub_02921,asg_0115,stu_0500,sec_0020,2026-09-16 13:24:18
sub_02922,asg_0115,stu_0401,sec_0020,2026-09-16 05:35:59
sub_02923,asg_0115,stu_0716,sec_0020,2026-09-16 07:06:02
sub_02924,asg_0116,stu_0363,sec_0020,2026-10-03 05:47:34
sub_02925,asg_0116,stu_1088,sec_0020,2026-10-03 17:36:21
sub_02926,asg_0116,stu_0752,sec_0020,2026-10-03 10:55:00
sub_02927,asg_0116,stu_1282,sec_0020,2026-10-03 16:10:51
sub_02928,asg_0116,stu_0265,sec_0020,2026-10-06 02:47:19
sub_02929,asg_0116,stu_1345,sec_0020,2026-10-05 15:03:01
sub_02930,asg_0116,stu_1352,sec_0020,2026-10-06 23:03:33
sub_02931,asg_0116,stu_1351,sec_0020,2026-10-06 16:11:49
sub_02932,asg_0116,stu_1319,sec_0020,2026-10-04 15:06:19
sub_02933,asg_0116,stu_0444,sec_0020,2026-10-04 16:42:47
sub_02934,asg_0116,stu_0206,sec_0020,2026-10-06 04:21:13
sub_02935,asg_0116,stu_1053,sec_0020,2026-10-05 18:11:48
sub_02936,asg_0116,stu_1085,sec_0020,2026-10-04 20:19:21
sub_02937,asg_0116,stu_0262,sec_0020,2026-10-05 08:23:48
sub_02938,asg_0116,stu_0954,sec_0020,2026-10-03 11:09:01
sub_02939,asg_0116,stu_1200,sec_0020,2026-10-06 07:48:19
sub_02940,asg_0116,stu_0836,sec_0020,2026-10-05 05:03:42
sub_02941,asg_0116,stu_0500,sec_0020,2026-10-05 16:27:02
sub_02942,asg_0116,stu_1172,sec_0020,2026-10-05 05:24:54
sub_02943,asg_0116,stu_0716,sec_0020,2026-10-06 15:35:32
sub_02944,asg_0117,stu_0752,sec_0020,2026-10-25 01:34:17
sub_02945,asg_0117,stu_1282,sec_0020,2026-10-21 21:24:50
sub_02946,asg_0117,stu_0265,sec_0020,2026-10-23 12:09:55
sub_02947,asg_0117,stu_1345,sec_0020,2026-10-22 21:40:07
sub_02948,asg_0117,stu_1352,sec_0020,2026-10-21 08:58:30
sub_02949,asg_0117,stu_1351,sec_0020,2026-10-20 15:30:34
sub_02950,asg_0117,stu_1319,sec_0020,2026-10-22 17:26:58
sub_02951,asg_0117,stu_0444,sec_0020,2026-10-25 13:53:42
sub_02952,asg_0117,stu_0206,sec_0020,2026-10-24 18:06:26
sub_02953,asg_0117,stu_1053,sec_0020,2026-10-22 22:31:41
sub_02954,asg_0117,stu_1085,sec_0020,2026-10-24 02:47:05
sub_02955,asg_0117,stu_0262,sec_0020,2026-10-24 09:44:44
sub_02956,asg_0117,stu_0954,sec_0020,2026-10-27 03:52:19
sub_02957,asg_0117,stu_1200,sec_0020,2026-10-25 16:12:34
sub_02958,asg_0117,stu_0836,sec_0020,2026-10-23 14:10:37
sub_02959,asg_0117,stu_0500,sec_0020,2026-10-22 16:27:32
sub_02960,asg_0117,stu_1172,sec_0020,2026-10-24 19:44:14
sub_02961,asg_0117,stu_0401,sec_0020,2026-10-20 08:51:32
sub_02962,asg_0117,stu_0716,sec_0020,2026-10-19 08:11:03
sub_02963,asg_0118,stu_0363,sec_0020,2026-11-01 22:17:16
sub_02964,asg_0118,stu_1088,sec_0020,2026-11-08 17:20:47
sub_02965,asg_0118,stu_0752,sec_0020,2026-11-04 05:06:20
sub_02966,asg_0118,stu_1282,sec_0020,2026-11-05 23:04:36
sub_02967,asg_0118,stu_1345,sec_0020,2026-11-02 19:12:27
sub_02968,asg_0118,stu_1352,sec_0020,2026-11-04 14:19:53
sub_02969,asg_0118,stu_1351,sec_0020,2026-11-04 15:50:45
sub_02970,asg_0118,stu_1319,sec_0020,2026-11-08 12:06:13
sub_02971,asg_0118,stu_0444,sec_0020,2026-11-04 00:22:12
sub_02972,asg_0118,stu_0206,sec_0020,2026-11-08 11:31:35
sub_02973,asg_0118,stu_1053,sec_0020,2026-11-03 01:13:04
sub_02974,asg_0118,stu_1085,sec_0020,2026-11-02 15:18:28
sub_02975,asg_0118,stu_0954,sec_0020,2026-11-03 22:05:47
sub_02976,asg_0118,stu_0836,sec_0020,2026-11-07 06:39:44
sub_02977,asg_0118,stu_1172,sec_0020,2026-11-05 01:23:54
sub_02978,asg_0118,stu_0401,sec_0020,2026-11-03 09:30:19
sub_02979,asg_0118,stu_0716,sec_0020,2026-11-06 21:20:05
sub_02980,asg_0119,stu_0363,sec_0020,2026-11-17 07:23:56
sub_02981,asg_0119,stu_1088,sec_0020,2026-11-18 23:56:49
sub_02982,asg_0119,stu_0752,sec_0020,2026-11-25 15:38:25
sub_02983,asg_0119,stu_1282,sec_0020,2026-11-19 04:58:58
sub_02984,asg_0119,stu_0265,sec_0020,2026-11-22 19:46:37
sub_02985,asg_0119,stu_1345,sec_0020,2026-11-20 15:06:40
sub_02986,asg_0119,stu_1352,sec_0020,2026-11-25 16:08:43
sub_02987,asg_0119,stu_1351,sec_0020,2026-11-21 08:29:17
sub_02988,asg_0119,stu_1319,sec_0020,2026-11-25 14:13:21
sub_02989,asg_0119,stu_0444,sec_0020,2026-11-17 20:15:27
sub_02990,asg_0119,stu_0206,sec_0020,2026-11-26 00:41:23
sub_02991,asg_0119,stu_1053,sec_0020,2026-11-21 04:59:06
sub_02992,asg_0119,stu_1085,sec_0020,2026-11-21 12:53:27
sub_02993,asg_0119,stu_0262,sec_0020,2026-11-18 04:21:45
sub_02994,asg_0119,stu_0954,sec_0020,2026-11-19 19:43:56
sub_02995,asg_0119,stu_1200,sec_0020,2026-11-21 11:50:34
sub_02996,asg_0119,stu_0836,sec_0020,2026-11-18 06:23:57
sub_02997,asg_0119,stu_0500,sec_0020,2026-11-24 22:53:23
sub_02998,asg_0119,stu_1172,sec_0020,2026-11-18 23:07:41
sub_02999,asg_0119,stu_0401,sec_0020,2026-11-20 10:14:42
sub_03000,asg_0119,stu_0716,sec_0020,2026-11-25 09:46:36
sub_03001,asg_0120,stu_0363,sec_0020,2026-11-30 08:24:42
sub_03002,asg_0120,stu_1088,sec_0020,2026-12-09 16:53:01
sub_03003,asg_0120,stu_0752,sec_0020,2026-12-02 17:18:22
sub_03004,asg_0120,stu_1282,sec_0020,2026-12-03 21:22:13
sub_03005,asg_0120,stu_0265,sec_0020,2026-12-07 00:58:54
sub_03006,asg_0120,stu_1345,sec_0020,2026-12-04 09:57:06
sub_03007,asg_0120,stu_1352,sec_0020,2026-12-06 14:59:38
sub_03008,asg_0120,stu_1351,sec_0020,2026-12-08 15:35:00
sub_03009,asg_0120,stu_1319,sec_0020,2026-12-08 00:34:49
sub_03010,asg_0120,stu_0444,sec_0020,2026-12-03 21:11:31
sub_03011,asg_0120,stu_0206,sec_0020,2026-12-05 23:39:14
sub_03012,asg_0120,stu_1053,sec_0020,2026-12-03 04:59:28
sub_03013,asg_0120,stu_1085,sec_0020,2026-12-02 17:05:55
sub_03014,asg_0120,stu_0262,sec_0020,2026-12-07 20:02:08
sub_03015,asg_0120,stu_0954,sec_0020,2026-12-03 04:07:15
sub_03016,asg_0120,stu_1200,sec_0020,2026-12-04 03:31:07
sub_03017,asg_0120,stu_0836,sec_0020,2026-12-08 16:35:34
sub_03018,asg_0120,stu_0500,sec_0020,2026-12-02 16:02:51
sub_03019,asg_0120,stu_1172,sec_0020,2026-12-07 18:56:23
sub_03020,asg_0120,stu_0401,sec_0020,2026-12-06 00:26:23
sub_03021,asg_0120,stu_0716,sec_0020,2026-12-02 06:46:46
sub_03022,asg_0121,stu_0034,sec_0021,2026-09-24 01:02:39
sub_03023,asg_0121,stu_1395,sec_0021,2026-09-24 08:43:49
sub_03024,asg_0121,stu_1223,sec_0021,2026-09-22 06:55:35
sub_03025,asg_0121,stu_0761,sec_0021,2026-09-26 05:46:12
sub_03026,asg_0121,stu_0405,sec_0021,2026-09-24 19:58:12
sub_03027,asg_0121,stu_0204,sec_0021,2026-09-25 13:34:38
sub_03028,asg_0121,stu_0048,sec_0021,2026-09-25 21:02:35
sub_03029,asg_0121,stu_0734,sec_0021,2026-09-25 15:19:47
sub_03030,asg_0121,stu_0077,sec_0021,2026-09-22 06:39:18
sub_03031,asg_0121,stu_0404,sec_0021,2026-09-20 19:34:12
sub_03032,asg_0121,stu_1124,sec_0021,2026-09-21 10:11:24
sub_03033,asg_0121,stu_1146,sec_0021,2026-09-19 21:37:01
sub_03034,asg_0121,stu_0418,sec_0021,2026-09-24 11:12:55
sub_03035,asg_0121,stu_1075,sec_0021,2026-09-25 10:15:34
sub_03036,asg_0121,stu_1106,sec_0021,2026-09-24 18:01:00
sub_03037,asg_0121,stu_1341,sec_0021,2026-09-23 03:15:41
sub_03038,asg_0121,stu_0599,sec_0021,2026-09-26 10:16:41
sub_03039,asg_0121,stu_0523,sec_0021,2026-09-22 13:09:17
sub_03040,asg_0121,stu_0590,sec_0021,2026-09-25 10:22:52
sub_03041,asg_0121,stu_1136,sec_0021,2026-09-23 13:21:45
sub_03042,asg_0121,stu_0319,sec_0021,2026-09-22 16:50:43
sub_03043,asg_0121,stu_1172,sec_0021,2026-09-23 17:50:22
sub_03044,asg_0121,stu_1239,sec_0021,2026-09-24 08:10:39
sub_03045,asg_0121,stu_0941,sec_0021,2026-09-21 21:58:37
sub_03046,asg_0121,stu_0517,sec_0021,2026-09-23 02:22:39
sub_03047,asg_0121,stu_0135,sec_0021,2026-09-23 15:14:12
sub_03048,asg_0121,stu_0874,sec_0021,2026-09-23 09:04:42
sub_03049,asg_0121,stu_0543,sec_0021,2026-09-21 13:37:29
sub_03050,asg_0121,stu_1141,sec_0021,2026-09-25 14:33:53
sub_03051,asg_0121,stu_0428,sec_0021,2026-09-22 00:24:01
sub_03052,asg_0121,stu_0461,sec_0021,2026-09-20 22:32:22
sub_03053,asg_0121,stu_0391,sec_0021,2026-09-23 07:43:14
sub_03054,asg_0122,stu_0034,sec_0021,2026-10-10 23:21:52
sub_03055,asg_0122,stu_1395,sec_0021,2026-10-07 09:55:40
sub_03056,asg_0122,stu_1223,sec_0021,2026-10-14 11:46:06
sub_03057,asg_0122,stu_0196,sec_0021,2026-10-08 08:31:03
sub_03058,asg_0122,stu_0761,sec_0021,2026-10-08 20:19:18
sub_03059,asg_0122,stu_0405,sec_0021,2026-10-14 21:46:37
sub_03060,asg_0122,stu_0204,sec_0021,2026-10-12 10:32:58
sub_03061,asg_0122,stu_0048,sec_0021,2026-10-07 11:59:52
sub_03062,asg_0122,stu_0734,sec_0021,2026-10-12 10:35:07
sub_03063,asg_0122,stu_0077,sec_0021,2026-10-12 13:58:55
sub_03064,asg_0122,stu_0404,sec_0021,2026-10-09 17:46:03
sub_03065,asg_0122,stu_0289,sec_0021,2026-10-12 08:45:06
sub_03066,asg_0122,stu_1124,sec_0021,2026-10-12 09:59:52
sub_03067,asg_0122,stu_1146,sec_0021,2026-10-11 09:21:29
sub_03068,asg_0122,stu_0101,sec_0021,2026-10-14 19:18:20
sub_03069,asg_0122,stu_0418,sec_0021,2026-10-14 21:03:22
sub_03070,asg_0122,stu_1075,sec_0021,2026-10-13 20:13:17
sub_03071,asg_0122,stu_1106,sec_0021,2026-10-08 13:25:29
sub_03072,asg_0122,stu_0599,sec_0021,2026-10-06 04:20:52
sub_03073,asg_0122,stu_0590,sec_0021,2026-10-10 21:38:43
sub_03074,asg_0122,stu_1136,sec_0021,2026-10-11 06:44:59
sub_03075,asg_0122,stu_0319,sec_0021,2026-10-11 14:17:19
sub_03076,asg_0122,stu_1172,sec_0021,2026-10-08 05:03:34
sub_03077,asg_0122,stu_1239,sec_0021,2026-10-10 09:29:54
sub_03078,asg_0122,stu_0941,sec_0021,2026-10-10 21:03:33
sub_03079,asg_0122,stu_0517,sec_0021,2026-10-09 04:28:14
sub_03080,asg_0122,stu_0874,sec_0021,2026-10-08 09:45:26
sub_03081,asg_0122,stu_1141,sec_0021,2026-10-06 17:46:50
sub_03082,asg_0122,stu_0428,sec_0021,2026-10-12 23:41:58
sub_03083,asg_0122,stu_0461,sec_0021,2026-10-07 06:52:44
sub_03084,asg_0122,stu_0197,sec_0021,2026-10-14 06:25:32
sub_03085,asg_0122,stu_0391,sec_0021,2026-10-13 03:17:45
sub_03086,asg_0123,stu_0034,sec_0021,2026-10-21 23:39:58
sub_03087,asg_0123,stu_1395,sec_0021,2026-10-21 08:12:37
sub_03088,asg_0123,stu_1223,sec_0021,2026-10-22 03:34:40
sub_03089,asg_0123,stu_0761,sec_0021,2026-10-18 21:01:13
sub_03090,asg_0123,stu_0405,sec_0021,2026-10-19 07:48:19
sub_03091,asg_0123,stu_0204,sec_0021,2026-10-19 12:50:36
sub_03092,asg_0123,stu_0048,sec_0021,2026-10-17 08:45:03
sub_03093,asg_0123,stu_0734,sec_0021,2026-10-17 22:53:44
sub_03094,asg_0123,stu_0077,sec_0021,2026-10-21 04:21:54
sub_03095,asg_0123,stu_0289,sec_0021,2026-10-19 21:40:26
sub_03096,asg_0123,stu_1146,sec_0021,2026-10-21 05:16:07
sub_03097,asg_0123,stu_0101,sec_0021,2026-10-20 06:27:08
sub_03098,asg_0123,stu_0418,sec_0021,2026-10-19 13:40:57
sub_03099,asg_0123,stu_1075,sec_0021,2026-10-19 14:34:42
sub_03100,asg_0123,stu_1106,sec_0021,2026-10-17 23:39:43
sub_03101,asg_0123,stu_1341,sec_0021,2026-10-21 14:36:14
sub_03102,asg_0123,stu_0599,sec_0021,2026-10-19 08:40:58
sub_03103,asg_0123,stu_0523,sec_0021,2026-10-22 02:20:56
sub_03104,asg_0123,stu_1136,sec_0021,2026-10-20 12:03:44
sub_03105,asg_0123,stu_0319,sec_0021,2026-10-18 06:57:56
sub_03106,asg_0123,stu_1172,sec_0021,2026-10-22 14:12:25
sub_03107,asg_0123,stu_1239,sec_0021,2026-10-21 21:24:56
sub_03108,asg_0123,stu_0517,sec_0021,2026-10-21 23:15:34
sub_03109,asg_0123,stu_0135,sec_0021,2026-10-20 03:48:55
sub_03110,asg_0123,stu_0874,sec_0021,2026-10-19 09:53:47
sub_03111,asg_0123,stu_0543,sec_0021,2026-10-18 06:56:28
sub_03112,asg_0123,stu_0921,sec_0021,2026-10-22 04:45:59
sub_03113,asg_0123,stu_1141,sec_0021,2026-10-20 08:05:05
sub_03114,asg_0123,stu_0428,sec_0021,2026-10-18 01:19:13
sub_03115,asg_0123,stu_0461,sec_0021,2026-10-22 05:21:25
sub_03116,asg_0123,stu_0391,sec_0021,2026-10-18 06:21:05
sub_03117,asg_0124,stu_0034,sec_0021,2026-11-02 03:54:49
sub_03118,asg_0124,stu_1395,sec_0021,2026-11-04 21:33:29
sub_03119,asg_0124,stu_0196,sec_0021,2026-11-03 15:47:10
sub_03120,asg_0124,stu_0761,sec_0021,2026-11-02 10:10:28
sub_03121,asg_0124,stu_0405,sec_0021,2026-11-03 18:07:13
sub_03122,asg_0124,stu_0204,sec_0021,2026-11-02 00:38:24
sub_03123,asg_0124,stu_0048,sec_0021,2026-11-03 23:00:44
sub_03124,asg_0124,stu_0734,sec_0021,2026-11-02 09:52:27
sub_03125,asg_0124,stu_0077,sec_0021,2026-11-03 16:29:18
sub_03126,asg_0124,stu_0404,sec_0021,2026-11-02 07:38:32
sub_03127,asg_0124,stu_0289,sec_0021,2026-11-03 17:09:31
sub_03128,asg_0124,stu_1124,sec_0021,2026-11-04 22:10:54
sub_03129,asg_0124,stu_1146,sec_0021,2026-11-01 06:52:31
sub_03130,asg_0124,stu_0101,sec_0021,2026-11-04 04:34:54
sub_03131,asg_0124,stu_0418,sec_0021,2026-11-03 11:57:58
sub_03132,asg_0124,stu_1075,sec_0021,2026-11-05 17:59:01
sub_03133,asg_0124,stu_1106,sec_0021,2026-11-04 22:01:53
sub_03134,asg_0124,stu_0599,sec_0021,2026-11-01 13:11:04
sub_03135,asg_0124,stu_0523,sec_0021,2026-11-01 16:48:06
sub_03136,asg_0124,stu_0590,sec_0021,2026-11-03 19:19:45
sub_03137,asg_0124,stu_1136,sec_0021,2026-11-05 07:41:31
sub_03138,asg_0124,stu_0319,sec_0021,2026-11-02 20:07:56
sub_03139,asg_0124,stu_1172,sec_0021,2026-11-05 02:50:38
sub_03140,asg_0124,stu_1239,sec_0021,2026-11-05 09:07:56
sub_03141,asg_0124,stu_0517,sec_0021,2026-11-01 15:51:32
sub_03142,asg_0124,stu_0135,sec_0021,2026-11-05 07:38:12
sub_03143,asg_0124,stu_0874,sec_0021,2026-11-05 04:09:01
sub_03144,asg_0124,stu_0543,sec_0021,2026-11-01 15:34:11
sub_03145,asg_0124,stu_0921,sec_0021,2026-11-04 21:20:58
sub_03146,asg_0124,stu_1141,sec_0021,2026-11-04 00:36:27
sub_03147,asg_0124,stu_0461,sec_0021,2026-11-03 11:25:25
sub_03148,asg_0124,stu_0197,sec_0021,2026-11-01 08:07:07
sub_03149,asg_0124,stu_0391,sec_0021,2026-11-04 13:24:21
sub_03150,asg_0125,stu_0034,sec_0021,2026-11-20 15:38:16
sub_03151,asg_0125,stu_1395,sec_0021,2026-11-23 12:59:17
sub_03152,asg_0125,stu_1223,sec_0021,2026-11-26 08:05:12
sub_03153,asg_0125,stu_0196,sec_0021,2026-11-23 16:31:20
sub_03154,asg_0125,stu_0761,sec_0021,2026-11-21 02:40:04
sub_03155,asg_0125,stu_0405,sec_0021,2026-11-22 00:11:48
sub_03156,asg_0125,stu_0204,sec_0021,2026-11-10 07:00:00
sub_03157,asg_0125,stu_0048,sec_0021,2026-11-17 21:54:20
sub_03158,asg_0125,stu_0734,sec_0021,2026-11-25 08:24:47
sub_03159,asg_0125,stu_0077,sec_0021,2026-11-22 08:59:24
sub_03160,asg_0125,stu_0404,sec_0021,2026-11-24 22:02:47
sub_03161,asg_0125,stu_1146,sec_0021,2026-11-17 09:06:27
sub_03162,asg_0125,stu_0101,sec_0021,2026-11-23 03:22:54
sub_03163,asg_0125,stu_0418,sec_0021,2026-11-25 05:31:30
sub_03164,asg_0125,stu_1075,sec_0021,2026-11-26 12:50:59
sub_03165,asg_0125,stu_0599,sec_0021,2026-11-26 21:17:22
sub_03166,asg_0125,stu_0523,sec_0021,2026-11-20 07:42:34
sub_03167,asg_0125,stu_0590,sec_0021,2026-11-25 10:46:47
sub_03168,asg_0125,stu_1136,sec_0021,2026-11-24 12:33:09
sub_03169,asg_0125,stu_0319,sec_0021,2026-11-21 20:40:50
sub_03170,asg_0125,stu_1172,sec_0021,2026-11-25 15:41:31
sub_03171,asg_0125,stu_1239,sec_0021,2026-11-21 04:59:03
sub_03172,asg_0125,stu_0941,sec_0021,2026-11-22 02:07:58
sub_03173,asg_0125,stu_0517,sec_0021,2026-11-25 08:39:15
sub_03174,asg_0125,stu_0135,sec_0021,2026-11-21 06:35:24
sub_03175,asg_0125,stu_0874,sec_0021,2026-11-24 15:30:16
sub_03176,asg_0125,stu_0921,sec_0021,2026-11-24 18:05:37
sub_03177,asg_0125,stu_1141,sec_0021,2026-11-20 00:17:11
sub_03178,asg_0125,stu_0428,sec_0021,2026-11-21 20:09:29
sub_03179,asg_0125,stu_0461,sec_0021,2026-11-20 01:08:11
sub_03180,asg_0125,stu_0197,sec_0021,2026-11-25 20:33:08
sub_03181,asg_0126,stu_0034,sec_0021,2026-11-25 21:31:15
sub_03182,asg_0126,stu_1395,sec_0021,2026-11-25 13:54:45
sub_03183,asg_0126,stu_0761,sec_0021,2026-11-25 17:21:10
sub_03184,asg_0126,stu_0048,sec_0021,2026-11-25 16:41:44
sub_03185,asg_0126,stu_0734,sec_0021,2026-11-25 22:45:37
sub_03186,asg_0126,stu_0289,sec_0021,2026-11-25 12:15:34
sub_03187,asg_0126,stu_1124,sec_0021,2026-11-25 16:36:35
sub_03188,asg_0126,stu_1146,sec_0021,2026-11-25 15:13:03
sub_03189,asg_0126,stu_0418,sec_0021,2026-11-25 18:10:20
sub_03190,asg_0126,stu_1075,sec_0021,2026-11-25 11:59:28
sub_03191,asg_0126,stu_1106,sec_0021,2026-11-25 15:58:15
sub_03192,asg_0126,stu_1341,sec_0021,2026-11-25 19:49:14
sub_03193,asg_0126,stu_0590,sec_0021,2026-11-25 22:07:10
sub_03194,asg_0126,stu_1136,sec_0021,2026-11-25 22:00:11
sub_03195,asg_0126,stu_1172,sec_0021,2026-11-25 15:11:14
sub_03196,asg_0126,stu_1239,sec_0021,2026-11-25 16:22:31
sub_03197,asg_0126,stu_0517,sec_0021,2026-11-25 16:16:36
sub_03198,asg_0126,stu_0135,sec_0021,2026-11-25 12:58:08
sub_03199,asg_0126,stu_0874,sec_0021,2026-11-25 18:34:44
sub_03200,asg_0126,stu_0921,sec_0021,2026-11-25 11:54:52
sub_03201,asg_0126,stu_0428,sec_0021,2026-11-25 22:08:07
sub_03202,asg_0126,stu_0461,sec_0021,2026-11-25 12:08:17
sub_03203,asg_0126,stu_0197,sec_0021,2026-11-25 14:28:19
sub_03204,asg_0126,stu_0391,sec_0021,2026-11-25 22:42:05
sub_03205,asg_0127,stu_0066,sec_0022,2026-09-16 17:06:00
sub_03206,asg_0127,stu_1035,sec_0022,2026-09-16 16:41:59
sub_03207,asg_0127,stu_0131,sec_0022,2026-09-16 16:35:02
sub_03208,asg_0127,stu_0823,sec_0022,2026-09-16 04:50:19
sub_03209,asg_0127,stu_1125,sec_0022,2026-09-16 06:17:50
sub_03210,asg_0127,stu_0261,sec_0022,2026-09-16 09:01:28
sub_03211,asg_0127,stu_0903,sec_0022,2026-09-16 12:13:04
sub_03212,asg_0127,stu_0309,sec_0022,2026-09-16 16:43:13
sub_03213,asg_0127,stu_0189,sec_0022,2026-09-16 08:08:21
sub_03214,asg_0127,stu_1052,sec_0022,2026-09-16 05:21:17
sub_03215,asg_0127,stu_0328,sec_0022,2026-09-16 03:10:03
sub_03216,asg_0127,stu_0794,sec_0022,2026-09-16 17:37:04
sub_03217,asg_0127,stu_0724,sec_0022,2026-09-16 07:38:37
sub_03218,asg_0127,stu_0268,sec_0022,2026-09-16 15:16:03
sub_03219,asg_0127,stu_1099,sec_0022,2026-09-16 16:18:21
sub_03220,asg_0127,stu_0061,sec_0022,2026-09-16 11:52:01
sub_03221,asg_0127,stu_0695,sec_0022,2026-09-16 05:27:25
sub_03222,asg_0127,stu_0226,sec_0022,2026-09-16 17:35:10
sub_03223,asg_0128,stu_0693,sec_0022,2026-10-05 20:18:36
sub_03224,asg_0128,stu_0066,sec_0022,2026-10-07 07:00:36
sub_03225,asg_0128,stu_1035,sec_0022,2026-10-06 00:41:42
sub_03226,asg_0128,stu_0131,sec_0022,2026-10-05 03:13:06
sub_03227,asg_0128,stu_0823,sec_0022,2026-10-05 01:44:45
sub_03228,asg_0128,stu_1125,sec_0022,2026-10-04 05:58:22
sub_03229,asg_0128,stu_0261,sec_0022,2026-10-06 14:00:15
sub_03230,asg_0128,stu_0903,sec_0022,2026-10-05 00:41:58
sub_03231,asg_0128,stu_0309,sec_0022,2026-10-08 19:51:37
sub_03232,asg_0128,stu_0189,sec_0022,2026-10-07 05:10:40
sub_03233,asg_0128,stu_1052,sec_0022,2026-10-08 12:41:09
sub_03234,asg_0128,stu_0328,sec_0022,2026-10-04 14:48:42
sub_03235,asg_0128,stu_0794,sec_0022,2026-10-06 07:06:19
sub_03236,asg_0128,stu_0724,sec_0022,2026-10-07 07:32:43
sub_03237,asg_0128,stu_0268,sec_0022,2026-10-05 01:29:05
sub_03238,asg_0128,stu_1099,sec_0022,2026-10-07 17:34:38
sub_03239,asg_0128,stu_0061,sec_0022,2026-10-04 10:37:49
sub_03240,asg_0128,stu_0695,sec_0022,2026-10-04 18:32:28
sub_03241,asg_0128,stu_0226,sec_0022,2026-10-05 12:44:47
sub_03242,asg_0129,stu_0693,sec_0022,2026-10-25 19:20:21
sub_03243,asg_0129,stu_0066,sec_0022,2026-10-21 21:17:16
sub_03244,asg_0129,stu_1035,sec_0022,2026-10-26 10:59:37
sub_03245,asg_0129,stu_0131,sec_0022,2026-10-24 09:05:39
sub_03246,asg_0129,stu_0823,sec_0022,2026-10-26 00:40:01
sub_03247,asg_0129,stu_1125,sec_0022,2026-10-25 23:38:15
sub_03248,asg_0129,stu_0261,sec_0022,2026-10-23 02:35:17
sub_03249,asg_0129,stu_0903,sec_0022,2026-10-25 01:30:00
sub_03250,asg_0129,stu_0309,sec_0022,2026-10-25 20:28:19
sub_03251,asg_0129,stu_0189,sec_0022,2026-10-23 21:21:16
sub_03252,asg_0129,stu_1052,sec_0022,2026-10-25 21:53:41
sub_03253,asg_0129,stu_0328,sec_0022,2026-10-23 20:30:01
sub_03254,asg_0129,stu_0794,sec_0022,2026-10-26 07:53:06
sub_03255,asg_0129,stu_0724,sec_0022,2026-10-26 12:31:33
sub_03256,asg_0129,stu_0268,sec_0022,2026-10-26 11:02:56
sub_03257,asg_0129,stu_1099,sec_0022,2026-10-24 08:28:17
sub_03258,asg_0129,stu_0061,sec_0022,2026-10-26 16:02:17
sub_03259,asg_0129,stu_0226,sec_0022,2026-10-22 22:06:00
sub_03260,asg_0130,stu_0693,sec_0022,2026-11-04 09:40:01
sub_03261,asg_0130,stu_0066,sec_0022,2026-11-06 01:30:44
sub_03262,asg_0130,stu_0131,sec_0022,2026-11-03 21:24:24
sub_03263,asg_0130,stu_0823,sec_0022,2026-11-05 16:45:06
sub_03264,asg_0130,stu_0903,sec_0022,2026-11-03 16:55:53
sub_03265,asg_0130,stu_0309,sec_0022,2026-11-01 22:23:01
sub_03266,asg_0130,stu_0189,sec_0022,2026-11-06 00:39:37
sub_03267,asg_0130,stu_0328,sec_0022,2026-11-04 12:12:28
sub_03268,asg_0130,stu_0794,sec_0022,2026-11-03 10:50:32
sub_03269,asg_0130,stu_0724,sec_0022,2026-11-02 23:47:20
sub_03270,asg_0130,stu_0268,sec_0022,2026-11-01 20:14:43
sub_03271,asg_0130,stu_1099,sec_0022,2026-11-06 16:25:13
sub_03272,asg_0130,stu_0061,sec_0022,2026-11-02 08:56:58
sub_03273,asg_0130,stu_0695,sec_0022,2026-11-01 16:24:46
sub_03274,asg_0130,stu_0226,sec_0022,2026-11-06 15:30:53
sub_03275,asg_0131,stu_0693,sec_0022,2026-11-16 17:26:27
sub_03276,asg_0131,stu_0066,sec_0022,2026-11-19 07:53:05
sub_03277,asg_0131,stu_1035,sec_0022,2026-11-18 21:45:35
sub_03278,asg_0131,stu_0131,sec_0022,2026-11-18 07:02:07
sub_03279,asg_0131,stu_0823,sec_0022,2026-11-20 15:00:55
sub_03280,asg_0131,stu_1125,sec_0022,2026-11-18 06:09:31
sub_03281,asg_0131,stu_0261,sec_0022,2026-11-16 08:54:01
sub_03282,asg_0131,stu_0903,sec_0022,2026-11-16 10:23:17
sub_03283,asg_0131,stu_0309,sec_0022,2026-11-19 17:51:58
sub_03284,asg_0131,stu_0189,sec_0022,2026-11-18 01:25:08
sub_03285,asg_0131,stu_0328,sec_0022,2026-11-16 09:31:51
sub_03286,asg_0131,stu_0794,sec_0022,2026-11-16 11:37:50
sub_03287,asg_0131,stu_0724,sec_0022,2026-11-20 01:38:16
sub_03288,asg_0131,stu_0268,sec_0022,2026-11-17 03:01:27
sub_03289,asg_0131,stu_1099,sec_0022,2026-11-19 17:03:42
sub_03290,asg_0131,stu_0061,sec_0022,2026-11-17 14:17:58
sub_03291,asg_0131,stu_0695,sec_0022,2026-11-18 15:45:11
sub_03292,asg_0131,stu_0226,sec_0022,2026-11-17 15:41:39
sub_03293,asg_0132,stu_0693,sec_0022,2026-12-05 21:39:22
sub_03294,asg_0132,stu_0066,sec_0022,2026-12-06 15:47:48
sub_03295,asg_0132,stu_1035,sec_0022,2026-12-08 08:26:50
sub_03296,asg_0132,stu_0823,sec_0022,2026-12-02 06:56:13
sub_03297,asg_0132,stu_0261,sec_0022,2026-12-09 19:14:21
sub_03298,asg_0132,stu_0903,sec_0022,2026-12-05 06:12:38
sub_03299,asg_0132,stu_0309,sec_0022,2026-12-09 06:39:10
sub_03300,asg_0132,stu_0189,sec_0022,2026-12-08 18:46:24
sub_03301,asg_0132,stu_1052,sec_0022,2026-12-02 18:43:21
sub_03302,asg_0132,stu_0328,sec_0022,2026-12-09 20:12:36
sub_03303,asg_0132,stu_0268,sec_0022,2026-12-09 16:48:27
sub_03304,asg_0132,stu_1099,sec_0022,2026-12-03 00:23:30
sub_03305,asg_0132,stu_0061,sec_0022,2026-12-09 09:58:56
sub_03306,asg_0132,stu_0695,sec_0022,2026-12-10 11:32:43
sub_03307,asg_0132,stu_0226,sec_0022,2026-12-05 03:06:27
sub_03308,asg_0133,stu_1186,sec_0023,2026-09-30 02:34:34
sub_03309,asg_0133,stu_0312,sec_0023,2026-09-23 07:33:43
sub_03310,asg_0133,stu_1385,sec_0023,2026-09-25 09:45:09
sub_03311,asg_0133,stu_0596,sec_0023,2026-09-24 22:33:35
sub_03312,asg_0133,stu_1118,sec_0023,2026-09-30 15:41:22
sub_03313,asg_0133,stu_0626,sec_0023,2026-09-26 03:49:55
sub_03314,asg_0133,stu_0730,sec_0023,2026-09-28 09:18:20
sub_03315,asg_0133,stu_1187,sec_0023,2026-09-30 00:43:49
sub_03316,asg_0133,stu_0293,sec_0023,2026-09-23 00:48:23
sub_03317,asg_0133,stu_1277,sec_0023,2026-09-27 01:01:12
sub_03318,asg_0133,stu_0952,sec_0023,2026-09-25 16:27:48
sub_03319,asg_0133,stu_1276,sec_0023,2026-09-24 16:59:47
sub_03320,asg_0133,stu_0301,sec_0023,2026-09-28 06:38:23
sub_03321,asg_0133,stu_0395,sec_0023,2026-09-30 03:59:01
sub_03322,asg_0133,stu_1005,sec_0023,2026-09-24 08:57:43
sub_03323,asg_0133,stu_1165,sec_0023,2026-09-25 05:23:26
sub_03324,asg_0133,stu_1221,sec_0023,2026-09-27 15:54:19
sub_03325,asg_0133,stu_1383,sec_0023,2026-09-26 17:41:11
sub_03326,asg_0133,stu_0692,sec_0023,2026-09-28 00:07:27
sub_03327,asg_0133,stu_0739,sec_0023,2026-09-30 15:17:10
sub_03328,asg_0133,stu_0615,sec_0023,2026-09-26 21:47:07
sub_03329,asg_0133,stu_0299,sec_0023,2026-09-27 18:11:18
sub_03330,asg_0134,stu_1186,sec_0023,2026-10-03 15:31:20
sub_03331,asg_0134,stu_0907,sec_0023,2026-10-03 02:29:00
sub_03332,asg_0134,stu_0312,sec_0023,2026-10-06 09:18:57
sub_03333,asg_0134,stu_1385,sec_0023,2026-10-04 23:54:18
sub_03334,asg_0134,stu_0596,sec_0023,2026-10-06 05:45:21
sub_03335,asg_0134,stu_0251,sec_0023,2026-10-05 09:39:44
sub_03336,asg_0134,stu_1118,sec_0023,2026-10-05 03:56:19
sub_03337,asg_0134,stu_0457,sec_0023,2026-10-04 02:17:11
sub_03338,asg_0134,stu_0300,sec_0023,2026-10-03 13:49:38
sub_03339,asg_0134,stu_0626,sec_0023,2026-10-06 00:54:28
sub_03340,asg_0134,stu_0730,sec_0023,2026-10-03 18:39:25
sub_03341,asg_0134,stu_0293,sec_0023,2026-10-04 19:46:11
sub_03342,asg_0134,stu_1277,sec_0023,2026-10-03 04:25:51
sub_03343,asg_0134,stu_0952,sec_0023,2026-10-06 00:25:57
sub_03344,asg_0134,stu_1276,sec_0023,2026-10-04 21:23:54
sub_03345,asg_0134,stu_0301,sec_0023,2026-10-04 07:16:06
sub_03346,asg_0134,stu_0395,sec_0023,2026-10-05 22:10:20
sub_03347,asg_0134,stu_1005,sec_0023,2026-10-03 11:19:36
sub_03348,asg_0134,stu_1331,sec_0023,2026-10-05 00:52:41
sub_03349,asg_0134,stu_1165,sec_0023,2026-10-03 08:42:52
sub_03350,asg_0134,stu_1221,sec_0023,2026-10-05 10:38:39
sub_03351,asg_0134,stu_1383,sec_0023,2026-10-04 22:36:07
sub_03352,asg_0134,stu_0692,sec_0023,2026-10-03 10:16:16
sub_03353,asg_0134,stu_0739,sec_0023,2026-10-04 21:37:23
sub_03354,asg_0134,stu_0299,sec_0023,2026-10-04 23:40:49
sub_03355,asg_0135,stu_1186,sec_0023,2026-10-14 15:17:28
sub_03356,asg_0135,stu_0907,sec_0023,2026-10-14 15:47:29
sub_03357,asg_0135,stu_0312,sec_0023,2026-10-14 08:13:52
sub_03358,asg_0135,stu_1385,sec_0023,2026-10-14 07:52:31
sub_03359,asg_0135,stu_0596,sec_0023,2026-10-14 18:37:37
sub_03360,asg_0135,stu_0251,sec_0023,2026-10-14 08:41:43
sub_03361,asg_0135,stu_0457,sec_0023,2026-10-14 11:51:39
sub_03362,asg_0135,stu_0300,sec_0023,2026-10-14 11:51:55
sub_03363,asg_0135,stu_0730,sec_0023,2026-10-14 17:54:39
sub_03364,asg_0135,stu_1187,sec_0023,2026-10-14 15:48:52
sub_03365,asg_0135,stu_0293,sec_0023,2026-10-14 15:08:08
sub_03366,asg_0135,stu_1277,sec_0023,2026-10-14 18:54:16
sub_03367,asg_0135,stu_0952,sec_0023,2026-10-14 07:54:20
sub_03368,asg_0135,stu_1276,sec_0023,2026-10-14 14:10:55
sub_03369,asg_0135,stu_0301,sec_0023,2026-10-14 19:05:40
sub_03370,asg_0135,stu_1005,sec_0023,2026-10-14 15:01:26
sub_03371,asg_0135,stu_1383,sec_0023,2026-10-14 15:32:22
sub_03372,asg_0135,stu_0692,sec_0023,2026-10-14 13:35:48
sub_03373,asg_0135,stu_0739,sec_0023,2026-10-14 17:10:28
sub_03374,asg_0135,stu_0615,sec_0023,2026-10-14 15:40:58
sub_03375,asg_0135,stu_0299,sec_0023,2026-10-14 10:16:50
sub_03376,asg_0136,stu_1186,sec_0023,2026-10-29 04:08:51
sub_03377,asg_0136,stu_0312,sec_0023,2026-10-29 03:41:50
sub_03378,asg_0136,stu_1385,sec_0023,2026-10-29 03:08:54
sub_03379,asg_0136,stu_0596,sec_0023,2026-10-29 10:14:26
sub_03380,asg_0136,stu_0457,sec_0023,2026-10-29 06:52:41
sub_03381,asg_0136,stu_0300,sec_0023,2026-10-29 08:26:05
sub_03382,asg_0136,stu_1187,sec_0023,2026-10-29 16:46:22
sub_03383,asg_0136,stu_0293,sec_0023,2026-10-29 03:03:53
sub_03384,asg_0136,stu_0952,sec_0023,2026-10-29 15:44:34
sub_03385,asg_0136,stu_1276,sec_0023,2026-10-29 16:01:58
sub_03386,asg_0136,stu_0301,sec_0023,2026-10-29 12:38:57
sub_03387,asg_0136,stu_0395,sec_0023,2026-10-29 05:40:34
sub_03388,asg_0136,stu_1005,sec_0023,2026-10-29 05:53:28
sub_03389,asg_0136,stu_1331,sec_0023,2026-10-29 01:05:02
sub_03390,asg_0136,stu_1221,sec_0023,2026-10-29 09:26:08
sub_03391,asg_0136,stu_1383,sec_0023,2026-10-28 18:55:20
sub_03392,asg_0136,stu_0692,sec_0023,2026-10-29 01:48:20
sub_03393,asg_0136,stu_0739,sec_0023,2026-10-29 15:55:49
sub_03394,asg_0136,stu_0615,sec_0023,2026-10-29 18:38:14
sub_03395,asg_0137,stu_1186,sec_0023,2026-11-18 08:14:25
sub_03396,asg_0137,stu_0907,sec_0023,2026-11-15 11:59:59
sub_03397,asg_0137,stu_0312,sec_0023,2026-11-18 22:12:25
sub_03398,asg_0137,stu_1385,sec_0023,2026-11-17 20:34:28
sub_03399,asg_0137,stu_0251,sec_0023,2026-11-17 10:06:03
sub_03400,asg_0137,stu_1118,sec_0023,2026-11-17 16:56:07
sub_03401,asg_0137,stu_0457,sec_0023,2026-11-18 03:27:27
sub_03402,asg_0137,stu_0300,sec_0023,2026-11-17 03:31:21
sub_03403,asg_0137,stu_0626,sec_0023,2026-11-16 10:40:20
sub_03404,asg_0137,stu_0730,sec_0023,2026-11-17 15:21:10
sub_03405,asg_0137,stu_1187,sec_0023,2026-11-18 17:26:20
sub_03406,asg_0137,stu_0293,sec_0023,2026-11-17 15:37:00
sub_03407,asg_0137,stu_1277,sec_0023,2026-11-18 12:59:24
sub_03408,asg_0137,stu_0952,sec_0023,2026-11-17 06:32:55
sub_03409,asg_0137,stu_1276,sec_0023,2026-11-15 14:28:45
sub_03410,asg_0137,stu_0301,sec_0023,2026-11-15 12:03:23
sub_03411,asg_0137,stu_0395,sec_0023,2026-11-16 14:36:09
sub_03412,asg_0137,stu_1005,sec_0023,2026-11-16 07:09:36
sub_03413,asg_0137,stu_1331,sec_0023,2026-11-15 19:32:51
sub_03414,asg_0137,stu_1165,sec_0023,2026-11-18 05:45:42
sub_03415,asg_0137,stu_1221,sec_0023,2026-11-18 12:12:54
sub_03416,asg_0137,stu_0692,sec_0023,2026-11-14 21:15:52
sub_03417,asg_0137,stu_0739,sec_0023,2026-11-18 15:44:22
sub_03418,asg_0137,stu_0615,sec_0023,2026-11-18 04:48:49
sub_03419,asg_0137,stu_0299,sec_0023,2026-11-15 19:04:46
sub_03420,asg_0138,stu_1186,sec_0023,2026-11-25 17:02:30
sub_03421,asg_0138,stu_0312,sec_0023,2026-11-25 16:27:06
sub_03422,asg_0138,stu_0596,sec_0023,2026-11-25 18:02:09
sub_03423,asg_0138,stu_0251,sec_0023,2026-11-25 13:07:56
sub_03424,asg_0138,stu_1118,sec_0023,2026-11-25 13:05:10
sub_03425,asg_0138,stu_0457,sec_0023,2026-11-25 14:47:11
sub_03426,asg_0138,stu_0300,sec_0023,2026-11-25 17:00:29
sub_03427,asg_0138,stu_0626,sec_0023,2026-11-25 20:47:28
sub_03428,asg_0138,stu_0730,sec_0023,2026-11-25 11:59:05
sub_03429,asg_0138,stu_1187,sec_0023,2026-11-25 14:26:50
sub_03430,asg_0138,stu_1277,sec_0023,2026-11-25 12:53:46
sub_03431,asg_0138,stu_0952,sec_0023,2026-11-25 12:58:42
sub_03432,asg_0138,stu_1276,sec_0023,2026-11-25 13:19:00
sub_03433,asg_0138,stu_0301,sec_0023,2026-11-26 00:19:10
sub_03434,asg_0138,stu_1005,sec_0023,2026-11-25 23:41:20
sub_03435,asg_0138,stu_1165,sec_0023,2026-11-25 22:02:20
sub_03436,asg_0138,stu_1383,sec_0023,2026-11-25 16:21:19
sub_03437,asg_0138,stu_0692,sec_0023,2026-11-25 14:57:50
sub_03438,asg_0138,stu_0739,sec_0023,2026-11-25 22:02:57
sub_03439,asg_0138,stu_0615,sec_0023,2026-11-25 19:39:08
sub_03440,asg_0138,stu_0299,sec_0023,2026-11-25 13:36:52
sub_03441,asg_0139,stu_0492,sec_0024,2026-09-26 18:15:21
sub_03442,asg_0139,stu_0019,sec_0024,2026-09-16 00:00:00
sub_03443,asg_0139,stu_1205,sec_0024,2026-09-26 04:25:09
sub_03444,asg_0139,stu_0677,sec_0024,2026-09-23 16:00:36
sub_03445,asg_0139,stu_0450,sec_0024,2026-09-26 17:03:48
sub_03446,asg_0139,stu_0395,sec_0024,2026-09-22 20:02:51
sub_03447,asg_0139,stu_1346,sec_0024,2026-09-27 20:39:43
sub_03448,asg_0139,stu_0697,sec_0024,2026-09-27 02:41:32
sub_03449,asg_0139,stu_0059,sec_0024,2026-09-30 14:36:08
sub_03450,asg_0139,stu_0496,sec_0024,2026-09-26 10:58:40
sub_03451,asg_0139,stu_0256,sec_0024,2026-09-27 06:14:32
sub_03452,asg_0139,stu_0087,sec_0024,2026-09-28 12:49:45
sub_03453,asg_0139,stu_0140,sec_0024,2026-09-23 09:30:07
sub_03454,asg_0139,stu_0347,sec_0024,2026-09-28 23:46:52
sub_03455,asg_0139,stu_0653,sec_0024,2026-09-30 06:25:17
sub_03456,asg_0139,stu_0317,sec_0024,2026-09-30 05:25:44
sub_03457,asg_0139,stu_0804,sec_0024,2026-09-28 10:20:13
sub_03458,asg_0139,stu_1391,sec_0024,2026-09-30 13:27:44
sub_03459,asg_0139,stu_1282,sec_0024,2026-09-30 06:19:15
sub_03460,asg_0139,stu_0643,sec_0024,2026-09-27 23:03:44
sub_03461,asg_0139,stu_0620,sec_0024,2026-09-24 17:06:37
sub_03462,asg_0139,stu_0591,sec_0024,2026-09-25 05:53:24
sub_03463,asg_0139,stu_1350,sec_0024,2026-09-24 20:36:22
sub_03464,asg_0139,stu_1018,sec_0024,2026-09-28 06:52:32
sub_03465,asg_0139,stu_1321,sec_0024,2026-09-26 12:32:21
sub_03466,asg_0139,stu_0154,sec_0024,2026-09-26 01:50:11
sub_03467,asg_0139,stu_0033,sec_0024,2026-09-29 08:14:02
sub_03468,asg_0139,stu_0376,sec_0024,2026-09-28 10:53:19
sub_03469,asg_0139,stu_1270,sec_0024,2026-09-25 06:29:36
sub_03470,asg_0139,stu_0624,sec_0024,2026-09-24 14:53:54
sub_03471,asg_0139,stu_1116,sec_0024,2026-09-28 07:07:21
sub_03472,asg_0139,stu_0024,sec_0024,2026-09-30 12:49:25
sub_03473,asg_0139,stu_0106,sec_0024,2026-09-28 19:40:17
sub_03474,asg_0139,stu_0499,sec_0024,2026-09-27 18:45:45
sub_03475,asg_0139,stu_0487,sec_0024,2026-09-26 08:54:18
sub_03476,asg_0139,stu_0864,sec_0024,2026-09-29 09:48:36
sub_03477,asg_0139,stu_0028,sec_0024,2026-09-28 09:43:07
sub_03478,asg_0140,stu_0492,sec_0024,2026-09-30 21:09:31
sub_03479,asg_0140,stu_1205,sec_0024,2026-09-30 21:07:03
sub_03480,asg_0140,stu_0199,sec_0024,2026-09-30 22:04:13
sub_03481,asg_0140,stu_0677,sec_0024,2026-09-30 17:34:43
sub_03482,asg_0140,stu_0450,sec_0024,2026-09-30 09:53:01
sub_03483,asg_0140,stu_0697,sec_0024,2026-09-30 12:49:33
sub_03484,asg_0140,stu_0059,sec_0024,2026-09-30 13:41:17
sub_03485,asg_0140,stu_0087,sec_0024,2026-09-30 15:30:39
sub_03486,asg_0140,stu_0347,sec_0024,2026-09-30 16:13:28
sub_03487,asg_0140,stu_0653,sec_0024,2026-09-30 22:02:17
sub_03488,asg_0140,stu_1282,sec_0024,2026-09-30 19:41:27
sub_03489,asg_0140,stu_0643,sec_0024,2026-09-30 19:38:27
sub_03490,asg_0140,stu_1018,sec_0024,2026-09-30 15:50:01
sub_03491,asg_0140,stu_1321,sec_0024,2026-09-30 13:47:27
sub_03492,asg_0140,stu_0154,sec_0024,2026-09-30 16:16:41
sub_03493,asg_0140,stu_0033,sec_0024,2026-09-30 18:09:38
sub_03494,asg_0140,stu_0376,sec_0024,2026-09-30 19:45:44
sub_03495,asg_0140,stu_1270,sec_0024,2026-09-30 14:53:48
sub_03496,asg_0140,stu_1116,sec_0024,2026-09-30 12:26:20
sub_03497,asg_0140,stu_1076,sec_0024,2026-09-30 14:26:33
sub_03498,asg_0140,stu_0106,sec_0024,2026-09-30 16:35:23
sub_03499,asg_0140,stu_0499,sec_0024,2026-09-30 13:06:58
sub_03500,asg_0140,stu_0487,sec_0024,2026-09-30 13:24:22
sub_03501,asg_0140,stu_0864,sec_0024,2026-09-30 20:04:25
sub_03502,asg_0140,stu_0028,sec_0024,2026-09-30 10:07:33
sub_03503,asg_0141,stu_0492,sec_0024,2026-10-14 06:22:54
sub_03504,asg_0141,stu_0506,sec_0024,2026-10-14 11:03:17
sub_03505,asg_0141,stu_1205,sec_0024,2026-10-14 08:38:46
sub_03506,asg_0141,stu_0199,sec_0024,2026-10-14 17:25:03
sub_03507,asg_0141,stu_0677,sec_0024,2026-10-14 06:17:27
sub_03508,asg_0141,stu_0450,sec_0024,2026-10-14 09:16:24
sub_03509,asg_0141,stu_0395,sec_0024,2026-10-14 08:39:32
sub_03510,asg_0141,stu_0697,sec_0024,2026-10-14 17:18:26
sub_03511,asg_0141,stu_0059,sec_0024,2026-10-14 13:53:36
sub_03512,asg_0141,stu_0496,sec_0024,2026-10-14 15:24:31
sub_03513,asg_0141,stu_0256,sec_0024,2026-10-14 12:09:30
sub_03514,asg_0141,stu_0140,sec_0024,2026-10-14 11:48:21
sub_03515,asg_0141,stu_0653,sec_0024,2026-10-14 12:38:30
sub_03516,asg_0141,stu_0317,sec_0024,2026-10-14 10:05:03
sub_03517,asg_0141,stu_0804,sec_0024,2026-10-14 10:16:48
sub_03518,asg_0141,stu_1391,sec_0024,2026-10-14 09:12:26
sub_03519,asg_0141,stu_1282,sec_0024,2026-10-14 15:59:59
sub_03520,asg_0141,stu_0643,sec_0024,2026-10-14 15:34:06
sub_03521,asg_0141,stu_0620,sec_0024,2026-10-14 06:43:08
sub_03522,asg_0141,stu_0591,sec_0024,2026-10-14 13:00:00
sub_03523,asg_0141,stu_1350,sec_0024,2026-10-14 11:27:17
sub_03524,asg_0141,stu_1321,sec_0024,2026-10-14 08:48:43
sub_03525,asg_0141,stu_0376,sec_0024,2026-10-14 08:47:54
sub_03526,asg_0141,stu_1270,sec_0024,2026-10-14 10:55:53
sub_03527,asg_0141,stu_0624,sec_0024,2026-10-14 15:22:32
sub_03528,asg_0141,stu_1116,sec_0024,2026-10-14 08:03:52
sub_03529,asg_0141,stu_0024,sec_0024,2026-10-14 12:17:05
sub_03530,asg_0141,stu_0106,sec_0024,2026-10-14 17:18:19
sub_03531,asg_0141,stu_0499,sec_0024,2026-10-14 07:26:03
sub_03532,asg_0141,stu_0487,sec_0024,2026-10-14 16:21:47
sub_03533,asg_0141,stu_0864,sec_0024,2026-10-14 06:41:25
sub_03534,asg_0142,stu_0492,sec_0024,2026-11-01 23:21:12
sub_03535,asg_0142,stu_0019,sec_0024,2026-11-02 14:40:18
sub_03536,asg_0142,stu_0506,sec_0024,2026-11-05 16:44:00
sub_03537,asg_0142,stu_1205,sec_0024,2026-11-03 22:09:22
sub_03538,asg_0142,stu_0199,sec_0024,2026-11-04 15:10:14
sub_03539,asg_0142,stu_0677,sec_0024,2026-11-03 01:14:03
sub_03540,asg_0142,stu_1230,sec_0024,2026-10-31 22:30:26
sub_03541,asg_0142,stu_0450,sec_0024,2026-11-04 23:41:23
sub_03542,asg_0142,stu_0395,sec_0024,2026-11-02 03:09:04
sub_03543,asg_0142,stu_1346,sec_0024,2026-11-01 14:04:50
sub_03544,asg_0142,stu_0697,sec_0024,2026-11-02 19:21:22
sub_03545,asg_0142,stu_0059,sec_0024,2026-11-04 20:20:02
sub_03546,asg_0142,stu_0496,sec_0024,2026-11-03 14:43:41
sub_03547,asg_0142,stu_0256,sec_0024,2026-11-01 04:28:33
sub_03548,asg_0142,stu_0087,sec_0024,2026-11-05 10:48:47
sub_03549,asg_0142,stu_0140,sec_0024,2026-11-04 02:38:05
sub_03550,asg_0142,stu_0347,sec_0024,2026-11-02 10:50:19
sub_03551,asg_0142,stu_0653,sec_0024,2026-11-03 14:48:50
sub_03552,asg_0142,stu_0102,sec_0024,2026-10-31 21:58:40
sub_03553,asg_0142,stu_0804,sec_0024,2026-11-05 03:10:58
sub_03554,asg_0142,stu_1391,sec_0024,2026-11-01 13:32:37
sub_03555,asg_0142,stu_1282,sec_0024,2026-11-01 19:24:41
sub_03556,asg_0142,stu_0643,sec_0024,2026-11-01 18:38:16
sub_03557,asg_0142,stu_0620,sec_0024,2026-10-31 19:29:45
sub_03558,asg_0142,stu_0591,sec_0024,2026-11-01 08:36:38
sub_03559,asg_0142,stu_1350,sec_0024,2026-11-02 04:51:38
sub_03560,asg_0142,stu_1018,sec_0024,2026-11-02 10:26:32
sub_03561,asg_0142,stu_1321,sec_0024,2026-11-05 02:34:31
sub_03562,asg_0142,stu_0154,sec_0024,2026-11-03 12:45:07
sub_03563,asg_0142,stu_0033,sec_0024,2026-11-04 20:38:31
sub_03564,asg_0142,stu_0376,sec_0024,2026-11-01 20:43:08
sub_03565,asg_0142,stu_1270,sec_0024,2026-11-01 01:38:32
sub_03566,asg_0142,stu_0624,sec_0024,2026-11-03 14:08:40
sub_03567,asg_0142,stu_1116,sec_0024,2026-11-04 17:21:04
sub_03568,asg_0142,stu_0024,sec_0024,2026-11-04 15:28:27
sub_03569,asg_0142,stu_1076,sec_0024,2026-11-03 00:57:11
sub_03570,asg_0142,stu_0106,sec_0024,2026-11-03 14:29:50
sub_03571,asg_0142,stu_0499,sec_0024,2026-11-02 13:20:03
sub_03572,asg_0142,stu_0864,sec_0024,2026-11-02 08:23:51
sub_03573,asg_0142,stu_0028,sec_0024,2026-11-02 16:28:34
sub_03574,asg_0143,stu_0492,sec_0024,2026-11-18 02:34:56
sub_03575,asg_0143,stu_0019,sec_0024,2026-11-19 10:37:24
sub_03576,asg_0143,stu_0506,sec_0024,2026-11-20 05:57:46
sub_03577,asg_0143,stu_1205,sec_0024,2026-11-19 15:11:54
sub_03578,asg_0143,stu_0199,sec_0024,2026-11-17 16:09:39
sub_03579,asg_0143,stu_0677,sec_0024,2026-11-23 18:28:28
sub_03580,asg_0143,stu_1230,sec_0024,2026-11-23 23:11:44
sub_03581,asg_0143,stu_0450,sec_0024,2026-11-18 19:25:08
sub_03582,asg_0143,stu_0395,sec_0024,2026-11-22 02:08:07
sub_03583,asg_0143,stu_1346,sec_0024,2026-11-19 04:13:27
sub_03584,asg_0143,stu_0697,sec_0024,2026-11-21 19:48:29
sub_03585,asg_0143,stu_0059,sec_0024,2026-11-18 16:08:32
sub_03586,asg_0143,stu_0496,sec_0024,2026-11-23 07:05:42
sub_03587,asg_0143,stu_0256,sec_0024,2026-11-21 17:06:27
sub_03588,asg_0143,stu_0087,sec_0024,2026-11-20 07:49:07
sub_03589,asg_0143,stu_0140,sec_0024,2026-11-18 16:37:40
sub_03590,asg_0143,stu_0653,sec_0024,2026-11-23 09:42:41
sub_03591,asg_0143,stu_0102,sec_0024,2026-11-21 19:43:10
sub_03592,asg_0143,stu_0317,sec_0024,2026-11-21 06:41:25
sub_03593,asg_0143,stu_0804,sec_0024,2026-11-24 23:13:42
sub_03594,asg_0143,stu_1391,sec_0024,2026-11-25 05:17:04
sub_03595,asg_0143,stu_0643,sec_0024,2026-11-17 21:27:38
sub_03596,asg_0143,stu_0620,sec_0024,2026-11-25 04:35:28
sub_03597,asg_0143,stu_1350,sec_0024,2026-11-23 21:53:19
sub_03598,asg_0143,stu_1018,sec_0024,2026-11-25 17:40:43
sub_03599,asg_0143,stu_1321,sec_0024,2026-11-25 07:22:42
sub_03600,asg_0143,stu_0033,sec_0024,2026-11-16 10:03:38
sub_03601,asg_0143,stu_0376,sec_0024,2026-11-23 15:14:49
sub_03602,asg_0143,stu_1270,sec_0024,2026-11-25 16:38:47
sub_03603,asg_0143,stu_1116,sec_0024,2026-11-22 19:40:48
sub_03604,asg_0143,stu_0024,sec_0024,2026-11-25 12:15:23
sub_03605,asg_0143,stu_1076,sec_0024,2026-11-20 15:29:12
sub_03606,asg_0143,stu_0106,sec_0024,2026-11-22 21:00:21
sub_03607,asg_0143,stu_0499,sec_0024,2026-11-25 08:19:25
sub_03608,asg_0143,stu_0487,sec_0024,2026-11-22 04:09:11
sub_03609,asg_0143,stu_0028,sec_0024,2026-11-23 14:30:29
sub_03610,asg_0144,stu_0492,sec_0024,2026-11-25 13:42:47
sub_03611,asg_0144,stu_0199,sec_0024,2026-11-25 12:17:25
sub_03612,asg_0144,stu_0677,sec_0024,2026-11-25 15:57:25
sub_03613,asg_0144,stu_0450,sec_0024,2026-11-25 19:45:38
sub_03614,asg_0144,stu_0395,sec_0024,2026-11-25 08:23:26
sub_03615,asg_0144,stu_0697,sec_0024,2026-11-25 10:06:38
sub_03616,asg_0144,stu_0059,sec_0024,2026-11-25 19:48:59
sub_03617,asg_0144,stu_0256,sec_0024,2026-11-25 16:01:13
sub_03618,asg_0144,stu_0087,sec_0024,2026-11-25 14:42:17
sub_03619,asg_0144,stu_0140,sec_0024,2026-11-25 17:08:43
sub_03620,asg_0144,stu_0347,sec_0024,2026-11-25 18:54:36
sub_03621,asg_0144,stu_0653,sec_0024,2026-11-25 11:08:13
sub_03622,asg_0144,stu_0102,sec_0024,2026-11-25 08:41:11
sub_03623,asg_0144,stu_0317,sec_0024,2026-11-25 13:01:29
sub_03624,asg_0144,stu_0804,sec_0024,2026-11-25 13:28:57
sub_03625,asg_0144,stu_0591,sec_0024,2026-11-25 15:39:22
sub_03626,asg_0144,stu_1350,sec_0024,2026-11-25 16:33:20
sub_03627,asg_0144,stu_1321,sec_0024,2026-11-25 17:18:46
sub_03628,asg_0144,stu_0154,sec_0024,2026-11-25 10:13:39
sub_03629,asg_0144,stu_0033,sec_0024,2026-11-25 12:28:43
sub_03630,asg_0144,stu_0376,sec_0024,2026-11-25 12:03:17
sub_03631,asg_0144,stu_1270,sec_0024,2026-11-25 17:26:05
sub_03632,asg_0144,stu_0624,sec_0024,2026-11-25 14:19:52
sub_03633,asg_0144,stu_1116,sec_0024,2026-11-25 11:17:37
sub_03634,asg_0144,stu_0024,sec_0024,2026-11-25 08:13:54
sub_03635,asg_0144,stu_0106,sec_0024,2026-11-25 20:57:20
sub_03636,asg_0144,stu_0487,sec_0024,2026-11-25 11:51:57
sub_03637,asg_0144,stu_0864,sec_0024,2026-11-25 08:49:57
sub_03638,asg_0144,stu_0028,sec_0024,2026-11-25 10:36:31
sub_03639,asg_0145,stu_1067,sec_0025,2026-09-29 04:03:19
sub_03640,asg_0145,stu_1342,sec_0025,2026-09-24 10:50:29
sub_03641,asg_0145,stu_0736,sec_0025,2026-09-24 09:58:26
sub_03642,asg_0145,stu_1176,sec_0025,2026-10-01 11:00:48
sub_03643,asg_0145,stu_0536,sec_0025,2026-09-24 08:24:59
sub_03644,asg_0145,stu_0277,sec_0025,2026-09-25 15:55:22
sub_03645,asg_0145,stu_1319,sec_0025,2026-09-23 22:53:50
sub_03646,asg_0145,stu_0405,sec_0025,2026-09-24 21:17:39
sub_03647,asg_0145,stu_0145,sec_0025,2026-09-29 01:01:33
sub_03648,asg_0145,stu_0921,sec_0025,2026-09-29 20:59:53
sub_03649,asg_0145,stu_0787,sec_0025,2026-10-01 03:25:35
sub_03650,asg_0145,stu_1220,sec_0025,2026-09-29 13:54:45
sub_03651,asg_0145,stu_0665,sec_0025,2026-09-23 15:27:56
sub_03652,asg_0145,stu_0261,sec_0025,2026-09-27 04:33:51
sub_03653,asg_0145,stu_0426,sec_0025,2026-09-25 05:21:26
sub_03654,asg_0145,stu_0469,sec_0025,2026-09-24 00:04:32
sub_03655,asg_0145,stu_1098,sec_0025,2026-09-28 00:31:26
sub_03656,asg_0145,stu_1370,sec_0025,2026-09-29 07:34:53
sub_03657,asg_0145,stu_0819,sec_0025,2026-10-01 13:45:36
sub_03658,asg_0145,stu_0843,sec_0025,2026-09-26 14:38:39
sub_03659,asg_0145,stu_0920,sec_0025,2026-09-28 18:11:36
sub_03660,asg_0145,stu_0292,sec_0025,2026-09-29 05:03:49
sub_03661,asg_0145,stu_1250,sec_0025,2026-09-28 15:30:32
sub_03662,asg_0145,stu_0023,sec_0025,2026-09-25 22:18:32
sub_03663,asg_0145,stu_0035,sec_0025,2026-09-29 15:08:57
sub_03664,asg_0145,stu_1138,sec_0025,2026-09-27 13:22:23
sub_03665,asg_0145,stu_0411,sec_0025,2026-10-01 04:45:42
sub_03666,asg_0145,stu_0014,sec_0025,2026-09-27 19:52:46
sub_03667,asg_0145,stu_0433,sec_0025,2026-09-29 15:49:36
sub_03668,asg_0145,stu_0385,sec_0025,2026-09-22 06:21:22
sub_03669,asg_0145,stu_0158,sec_0025,2026-09-28 20:28:32
sub_03670,asg_0145,stu_0882,sec_0025,2026-09-28 12:19:02
sub_03671,asg_0145,stu_0128,sec_0025,2026-09-24 07:26:54
sub_03672,asg_0145,stu_1028,sec_0025,2026-09-28 05:40:53
sub_03673,asg_0145,stu_0197,sec_0025,2026-09-25 01:19:52
sub_03674,asg_0146,stu_1154,sec_0025,2026-10-05 13:24:07
sub_03675,asg_0146,stu_1067,sec_0025,2026-10-10 09:11:42
sub_03676,asg_0146,stu_1342,sec_0025,2026-10-11 14:52:37
sub_03677,asg_0146,stu_0736,sec_0025,2026-10-11 14:37:22
sub_03678,asg_0146,stu_1176,sec_0025,2026-10-08 19:25:59
sub_03679,asg_0146,stu_0536,sec_0025,2026-10-09 12:02:44
sub_03680,asg_0146,stu_0277,sec_0025,2026-10-11 13:30:53
sub_03681,asg_0146,stu_1319,sec_0025,2026-10-07 07:26:49
sub_03682,asg_0146,stu_0405,sec_0025,2026-10-08 09:39:28
sub_03683,asg_0146,stu_0145,sec_0025,2026-10-07 03:51:45
sub_03684,asg_0146,stu_0117,sec_0025,2026-10-07 22:41:29
sub_03685,asg_0146,stu_0503,sec_0025,2026-10-09 15:35:15
sub_03686,asg_0146,stu_0921,sec_0025,2026-10-08 23:33:23
sub_03687,asg_0146,stu_0787,sec_0025,2026-10-09 08:34:59
sub_03688,asg_0146,stu_1220,sec_0025,2026-10-07 03:38:30
sub_03689,asg_0146,stu_0665,sec_0025,2026-10-09 10:32:23
sub_03690,asg_0146,stu_0261,sec_0025,2026-10-11 00:08:10
sub_03691,asg_0146,stu_0469,sec_0025,2026-10-08 01:01:12
sub_03692,asg_0146,stu_1098,sec_0025,2026-10-08 08:07:14
sub_03693,asg_0146,stu_1370,sec_0025,2026-10-09 05:04:42
sub_03694,asg_0146,stu_0819,sec_0025,2026-10-11 17:41:37
sub_03695,asg_0146,stu_0843,sec_0025,2026-10-07 10:19:35
sub_03696,asg_0146,stu_0920,sec_0025,2026-10-10 13:24:20
sub_03697,asg_0146,stu_0023,sec_0025,2026-10-07 21:48:09
sub_03698,asg_0146,stu_0035,sec_0025,2026-10-11 21:20:01
sub_03699,asg_0146,stu_1138,sec_0025,2026-10-08 03:39:38
sub_03700,asg_0146,stu_0411,sec_0025,2026-10-05 11:12:35
sub_03701,asg_0146,stu_0014,sec_0025,2026-10-05 04:05:05
sub_03702,asg_0146,stu_0433,sec_0025,2026-10-09 04:10:51
sub_03703,asg_0146,stu_1268,sec_0025,2026-10-07 00:28:56
sub_03704,asg_0146,stu_0385,sec_0025,2026-10-07 17:52:23
sub_03705,asg_0146,stu_0158,sec_0025,2026-10-10 20:57:34
sub_03706,asg_0146,stu_0882,sec_0025,2026-10-06 06:51:37
sub_03707,asg_0146,stu_0128,sec_0025,2026-10-07 11:22:08
sub_03708,asg_0146,stu_1028,sec_0025,2026-10-06 23:56:30
sub_03709,asg_0146,stu_0197,sec_0025,2026-10-11 13:30:42
sub_03710,asg_0146,stu_0161,sec_0025,2026-10-05 12:53:57
sub_03711,asg_0147,stu_1154,sec_0025,2026-10-24 14:16:42
sub_03712,asg_0147,stu_1067,sec_0025,2026-10-21 22:46:27
sub_03713,asg_0147,stu_1342,sec_0025,2026-10-23 13:48:34
sub_03714,asg_0147,stu_0736,sec_0025,2026-10-23 15:51:46
sub_03715,asg_0147,stu_1176,sec_0025,2026-10-23 08:17:27
sub_03716,asg_0147,stu_0536,sec_0025,2026-10-26 16:30:05
sub_03717,asg_0147,stu_0277,sec_0025,2026-10-21 08:01:05
sub_03718,asg_0147,stu_1319,sec_0025,2026-10-25 20:03:06
sub_03719,asg_0147,stu_0145,sec_0025,2026-10-26 13:27:51
sub_03720,asg_0147,stu_0117,sec_0025,2026-10-21 00:13:02
sub_03721,asg_0147,stu_0921,sec_0025,2026-10-23 03:13:29
sub_03722,asg_0147,stu_0787,sec_0025,2026-10-23 17:15:06
sub_03723,asg_0147,stu_1220,sec_0025,2026-10-26 08:14:16
sub_03724,asg_0147,stu_0261,sec_0025,2026-10-24 09:03:05
sub_03725,asg_0147,stu_0426,sec_0025,2026-10-24 14:22:10
sub_03726,asg_0147,stu_0469,sec_0025,2026-10-22 05:52:53
sub_03727,asg_0147,stu_1098,sec_0025,2026-10-21 20:27:31
sub_03728,asg_0147,stu_1370,sec_0025,2026-10-24 07:18:55
sub_03729,asg_0147,stu_0819,sec_0025,2026-10-25 05:32:25
sub_03730,asg_0147,stu_0843,sec_0025,2026-10-26 16:09:11
sub_03731,asg_0147,stu_0920,sec_0025,2026-10-26 15:37:35
sub_03732,asg_0147,stu_0292,sec_0025,2026-10-22 15:58:25
sub_03733,asg_0147,stu_1250,sec_0025,2026-10-25 07:16:30
sub_03734,asg_0147,stu_0023,sec_0025,2026-10-22 05:56:51
sub_03735,asg_0147,stu_0035,sec_0025,2026-10-24 21:32:24
sub_03736,asg_0147,stu_1138,sec_0025,2026-10-26 00:45:36
sub_03737,asg_0147,stu_0411,sec_0025,2026-10-24 08:48:41
sub_03738,asg_0147,stu_0014,sec_0025,2026-10-13 20:00:00
sub_03739,asg_0147,stu_1268,sec_0025,2026-10-18 18:01:02
sub_03740,asg_0147,stu_0385,sec_0025,2026-10-26 15:42:29
sub_03741,asg_0147,stu_0158,sec_0025,2026-10-21 10:01:36
sub_03742,asg_0147,stu_0128,sec_0025,2026-10-20 15:57:43
sub_03743,asg_0147,stu_1028,sec_0025,2026-10-21 02:01:39
sub_03744,asg_0147,stu_0197,sec_0025,2026-10-21 01:54:11
sub_03745,asg_0147,stu_0161,sec_0025,2026-10-23 00:44:14
sub_03746,asg_0148,stu_1154,sec_0025,2026-11-10 18:05:21
sub_03747,asg_0148,stu_1067,sec_0025,2026-11-05 04:49:35
sub_03748,asg_0148,stu_1176,sec_0025,2026-11-10 21:01:26
sub_03749,asg_0148,stu_0277,sec_0025,2026-11-11 20:15:12
sub_03750,asg_0148,stu_1319,sec_0025,2026-11-04 06:25:10
sub_03751,asg_0148,stu_0405,sec_0025,2026-11-12 20:24:46
sub_03752,asg_0148,stu_0145,sec_0025,2026-11-09 17:17:23
sub_03753,asg_0148,stu_0117,sec_0025,2026-11-11 11:17:23
sub_03754,asg_0148,stu_0503,sec_0025,2026-11-08 05:01:37
sub_03755,asg_0148,stu_0921,sec_0025,2026-11-11 10:25:22
sub_03756,asg_0148,stu_0787,sec_0025,2026-11-10 04:33:09
sub_03757,asg_0148,stu_1220,sec_0025,2026-11-07 08:32:17
sub_03758,asg_0148,stu_0665,sec_0025,2026-11-08 08:10:24
sub_03759,asg_0148,stu_0261,sec_0025,2026-11-09 14:56:25
sub_03760,asg_0148,stu_0426,sec_0025,2026-11-10 12:45:29
sub_03761,asg_0148,stu_0469,sec_0025,2026-11-07 06:15:55
sub_03762,asg_0148,stu_1098,sec_0025,2026-11-07 05:00:45
sub_03763,asg_0148,stu_1370,sec_0025,2026-11-10 20:21:41
sub_03764,asg_0148,stu_0292,sec_0025,2026-11-12 10:34:21
sub_03765,asg_0148,stu_1250,sec_0025,2026-11-11 18:43:28
sub_03766,asg_0148,stu_0023,sec_0025,2026-11-07 02:40:14
sub_03767,asg_0148,stu_0035,sec_0025,2026-11-04 20:47:21
sub_03768,asg_0148,stu_1138,sec_0025,2026-11-10 16:53:32
sub_03769,asg_0148,stu_0411,sec_0025,2026-11-12 05:03:16
sub_03770,asg_0148,stu_0014,sec_0025,2026-11-09 01:00:32
sub_03771,asg_0148,stu_0433,sec_0025,2026-11-04 10:47:31
sub_03772,asg_0148,stu_1268,sec_0025,2026-11-04 22:00:55
sub_03773,asg_0148,stu_0385,sec_0025,2026-11-02 14:20:24
sub_03774,asg_0148,stu_0158,sec_0025,2026-11-05 17:51:28
sub_03775,asg_0148,stu_0882,sec_0025,2026-11-09 14:42:53
sub_03776,asg_0148,stu_0128,sec_0025,2026-11-11 06:31:39
sub_03777,asg_0148,stu_1028,sec_0025,2026-11-05 02:25:25
sub_03778,asg_0148,stu_0197,sec_0025,2026-11-09 02:41:03
sub_03779,asg_0148,stu_0161,sec_0025,2026-11-04 07:47:18
sub_03780,asg_0149,stu_1154,sec_0025,2026-11-11 13:07:23
sub_03781,asg_0149,stu_1067,sec_0025,2026-11-11 11:26:26
sub_03782,asg_0149,stu_1176,sec_0025,2026-11-11 18:26:43
sub_03783,asg_0149,stu_0536,sec_0025,2026-11-11 10:44:42
sub_03784,asg_0149,stu_0277,sec_0025,2026-11-11 14:57:11
sub_03785,asg_0149,stu_0405,sec_0025,2026-11-11 11:56:19
sub_03786,asg_0149,stu_0117,sec_0025,2026-11-11 15:55:40
sub_03787,asg_0149,stu_0503,sec_0025,2026-11-11 09:53:06
sub_03788,asg_0149,stu_0921,sec_0025,2026-11-11 18:09:56
sub_03789,asg_0149,stu_0787,sec_0025,2026-11-11 09:01:54
sub_03790,asg_0149,stu_1220,sec_0025,2026-11-11 15:33:56
sub_03791,asg_0149,stu_0665,sec_0025,2026-11-11 08:15:02
sub_03792,asg_0149,stu_0426,sec_0025,2026-11-11 10:30:11
sub_03793,asg_0149,stu_1098,sec_0025,2026-11-11 16:02:38
sub_03794,asg_0149,stu_1370,sec_0025,2026-11-11 15:30:15
sub_03795,asg_0149,stu_0819,sec_0025,2026-11-11 10:57:45
sub_03796,asg_0149,stu_0843,sec_0025,2026-11-11 08:31:25
sub_03797,asg_0149,stu_0920,sec_0025,2026-11-11 10:09:08
sub_03798,asg_0149,stu_0292,sec_0025,2026-11-11 09:44:58
sub_03799,asg_0149,stu_1250,sec_0025,2026-11-11 11:36:48
sub_03800,asg_0149,stu_0035,sec_0025,2026-11-11 13:25:30
sub_03801,asg_0149,stu_0411,sec_0025,2026-11-11 12:46:48
sub_03802,asg_0149,stu_0014,sec_0025,2026-11-10 22:00:00
sub_03803,asg_0149,stu_0433,sec_0025,2026-11-11 10:59:06
sub_03804,asg_0149,stu_1268,sec_0025,2026-11-11 12:36:52
sub_03805,asg_0149,stu_0158,sec_0025,2026-11-11 11:12:55
sub_03806,asg_0149,stu_0882,sec_0025,2026-11-11 16:15:11
sub_03807,asg_0149,stu_0128,sec_0025,2026-11-11 13:15:03
sub_03808,asg_0149,stu_1028,sec_0025,2026-11-11 13:52:11
sub_03809,asg_0149,stu_0197,sec_0025,2026-11-11 09:32:39
sub_03810,asg_0150,stu_1154,sec_0025,2026-11-29 10:27:54
sub_03811,asg_0150,stu_1067,sec_0025,2026-11-30 19:16:07
sub_03812,asg_0150,stu_1342,sec_0025,2026-11-29 01:09:48
sub_03813,asg_0150,stu_0736,sec_0025,2026-11-30 22:42:47
sub_03814,asg_0150,stu_1176,sec_0025,2026-11-29 13:30:57
sub_03815,asg_0150,stu_0536,sec_0025,2026-11-30 21:17:23
sub_03816,asg_0150,stu_0277,sec_0025,2026-11-28 01:04:06
sub_03817,asg_0150,stu_1319,sec_0025,2026-11-30 18:06:02
sub_03818,asg_0150,stu_0405,sec_0025,2026-12-01 14:48:29
sub_03819,asg_0150,stu_0145,sec_0025,2026-11-29 20:52:17
sub_03820,asg_0150,stu_0117,sec_0025,2026-11-28 18:51:59
sub_03821,asg_0150,stu_0503,sec_0025,2026-11-29 11:39:04
sub_03822,asg_0150,stu_0921,sec_0025,2026-11-30 19:48:30
sub_03823,asg_0150,stu_0787,sec_0025,2026-11-30 19:03:45
sub_03824,asg_0150,stu_1220,sec_0025,2026-11-30 22:07:47
sub_03825,asg_0150,stu_0261,sec_0025,2026-12-01 04:18:08
sub_03826,asg_0150,stu_0426,sec_0025,2026-11-29 19:48:22
sub_03827,asg_0150,stu_0469,sec_0025,2026-11-29 10:31:41
sub_03828,asg_0150,stu_1098,sec_0025,2026-11-30 00:31:07
sub_03829,asg_0150,stu_1370,sec_0025,2026-11-29 04:37:33
sub_03830,asg_0150,stu_0819,sec_0025,2026-11-28 14:02:52
sub_03831,asg_0150,stu_0843,sec_0025,2026-11-30 07:33:36
sub_03832,asg_0150,stu_0920,sec_0025,2026-11-28 12:27:19
sub_03833,asg_0150,stu_0292,sec_0025,2026-11-29 07:47:02
sub_03834,asg_0150,stu_1250,sec_0025,2026-11-29 13:35:55
sub_03835,asg_0150,stu_0023,sec_0025,2026-11-29 04:57:13
sub_03836,asg_0150,stu_0035,sec_0025,2026-11-30 05:16:51
sub_03837,asg_0150,stu_1138,sec_0025,2026-11-28 20:23:21
sub_03838,asg_0150,stu_0411,sec_0025,2026-11-28 02:41:56
sub_03839,asg_0150,stu_0014,sec_0025,2026-11-24 21:00:00
sub_03840,asg_0150,stu_0433,sec_0025,2026-11-30 15:34:06
sub_03841,asg_0150,stu_1268,sec_0025,2026-12-01 03:43:50
sub_03842,asg_0150,stu_0385,sec_0025,2026-11-28 00:59:32
sub_03843,asg_0150,stu_0158,sec_0025,2026-11-30 22:01:04
sub_03844,asg_0150,stu_0882,sec_0025,2026-11-28 17:31:09
sub_03845,asg_0150,stu_0128,sec_0025,2026-12-01 05:04:36
sub_03846,asg_0150,stu_1028,sec_0025,2026-11-30 17:45:21
sub_03847,asg_0150,stu_0197,sec_0025,2026-11-28 19:00:07
sub_03848,asg_0150,stu_0161,sec_0025,2026-12-01 14:15:33
sub_03849,asg_0151,stu_0123,sec_0026,2026-09-29 00:25:10
sub_03850,asg_0151,stu_0992,sec_0026,2026-09-28 00:40:19
sub_03851,asg_0151,stu_0068,sec_0026,2026-09-26 23:37:31
sub_03852,asg_0151,stu_1267,sec_0026,2026-09-22 11:32:39
sub_03853,asg_0151,stu_0897,sec_0026,2026-09-29 17:36:31
sub_03854,asg_0151,stu_0549,sec_0026,2026-09-27 02:10:23
sub_03855,asg_0151,stu_1134,sec_0026,2026-09-28 10:42:28
sub_03856,asg_0151,stu_0332,sec_0026,2026-09-23 19:58:36
sub_03857,asg_0151,stu_0821,sec_0026,2026-09-26 20:19:08
sub_03858,asg_0151,stu_0601,sec_0026,2026-09-25 08:17:36
sub_03859,asg_0151,stu_1340,sec_0026,2026-09-22 16:40:02
sub_03860,asg_0151,stu_0816,sec_0026,2026-09-27 05:44:08
sub_03861,asg_0151,stu_0887,sec_0026,2026-09-25 02:54:10
sub_03862,asg_0151,stu_0400,sec_0026,2026-09-27 03:16:07
sub_03863,asg_0151,stu_0466,sec_0026,2026-09-24 00:06:57
sub_03864,asg_0151,stu_0668,sec_0026,2026-09-24 09:41:33
sub_03865,asg_0151,stu_0528,sec_0026,2026-09-23 07:16:29
sub_03866,asg_0151,stu_0319,sec_0026,2026-09-26 00:44:39
sub_03867,asg_0152,stu_0992,sec_0026,2026-10-01 15:35:23
sub_03868,asg_0152,stu_0068,sec_0026,2026-10-01 10:05:41
sub_03869,asg_0152,stu_0549,sec_0026,2026-09-30 18:33:45
sub_03870,asg_0152,stu_0775,sec_0026,2026-10-01 03:04:55
sub_03871,asg_0152,stu_1134,sec_0026,2026-10-01 00:59:17
sub_03872,asg_0152,stu_0821,sec_0026,2026-10-01 12:19:16
sub_03873,asg_0152,stu_1347,sec_0026,2026-10-01 03:32:59
sub_03874,asg_0152,stu_0601,sec_0026,2026-09-30 18:44:18
sub_03875,asg_0152,stu_0816,sec_0026,2026-09-30 21:34:40
sub_03876,asg_0152,stu_0887,sec_0026,2026-10-01 03:15:29
sub_03877,asg_0152,stu_0400,sec_0026,2026-09-30 18:53:43
sub_03878,asg_0152,stu_0466,sec_0026,2026-09-30 17:13:04
sub_03879,asg_0152,stu_0668,sec_0026,2026-10-01 13:11:44
sub_03880,asg_0152,stu_0319,sec_0026,2026-09-30 18:44:37
sub_03881,asg_0152,stu_0464,sec_0026,2026-09-30 23:30:35
sub_03882,asg_0152,stu_0560,sec_0026,2026-10-01 14:37:32
sub_03883,asg_0153,stu_0123,sec_0026,2026-10-28 01:57:53
sub_03884,asg_0153,stu_0992,sec_0026,2026-10-21 13:53:25
sub_03885,asg_0153,stu_0068,sec_0026,2026-10-23 19:22:16
sub_03886,asg_0153,stu_1267,sec_0026,2026-10-29 20:38:42
sub_03887,asg_0153,stu_1324,sec_0026,2026-10-28 02:30:25
sub_03888,asg_0153,stu_0897,sec_0026,2026-10-28 11:06:39
sub_03889,asg_0153,stu_0549,sec_0026,2026-10-29 02:47:51
sub_03890,asg_0153,stu_0775,sec_0026,2026-10-28 13:34:15
sub_03891,asg_0153,stu_1134,sec_0026,2026-10-22 05:23:51
sub_03892,asg_0153,stu_0332,sec_0026,2026-10-26 19:43:29
sub_03893,asg_0153,stu_0821,sec_0026,2026-10-24 13:46:07
sub_03894,asg_0153,stu_1347,sec_0026,2026-10-29 01:11:18
sub_03895,asg_0153,stu_0601,sec_0026,2026-10-29 20:14:05
sub_03896,asg_0153,stu_1340,sec_0026,2026-10-24 12:15:32
sub_03897,asg_0153,stu_0816,sec_0026,2026-10-27 15:01:53
sub_03898,asg_0153,stu_0400,sec_0026,2026-10-28 10:46:02
sub_03899,asg_0153,stu_0466,sec_0026,2026-10-26 03:20:02
sub_03900,asg_0153,stu_0668,sec_0026,2026-10-27 16:26:57
sub_03901,asg_0153,stu_0319,sec_0026,2026-10-28 02:33:15
sub_03902,asg_0153,stu_0560,sec_0026,2026-10-27 12:32:32
sub_03903,asg_0154,stu_0992,sec_0026,2026-10-31 09:32:02
sub_03904,asg_0154,stu_0068,sec_0026,2026-11-03 11:25:00
sub_03905,asg_0154,stu_1267,sec_0026,2026-11-02 03:09:33
sub_03906,asg_0154,stu_1324,sec_0026,2026-10-31 09:27:25
sub_03907,asg_0154,stu_0897,sec_0026,2026-10-31 21:23:46
sub_03908,asg_0154,stu_0549,sec_0026,2026-11-01 05:29:33
sub_03909,asg_0154,stu_0775,sec_0026,2026-11-02 10:20:19
sub_03910,asg_0154,stu_1134,sec_0026,2026-11-02 17:57:04
sub_03911,asg_0154,stu_0332,sec_0026,2026-11-04 07:55:22
sub_03912,asg_0154,stu_0821,sec_0026,2026-11-04 05:43:46
sub_03913,asg_0154,stu_1347,sec_0026,2026-10-31 16:15:57
sub_03914,asg_0154,stu_0601,sec_0026,2026-11-01 11:46:40
sub_03915,asg_0154,stu_1340,sec_0026,2026-10-31 16:44:17
sub_03916,asg_0154,stu_0816,sec_0026,2026-10-31 16:16:03
sub_03917,asg_0154,stu_0887,sec_0026,2026-11-02 15:02:05
sub_03918,asg_0154,stu_0400,sec_0026,2026-11-03 02:28:52
sub_03919,asg_0154,stu_0466,sec_0026,2026-10-31 18:53:17
sub_03920,asg_0154,stu_0668,sec_0026,2026-11-01 01:34:30
sub_03921,asg_0154,stu_0528,sec_0026,2026-11-04 04:02:13
sub_03922,asg_0154,stu_0319,sec_0026,2026-11-04 05:31:06
sub_03923,asg_0154,stu_0464,sec_0026,2026-11-01 06:02:34
sub_03924,asg_0154,stu_0560,sec_0026,2026-11-01 08:15:02
sub_03925,asg_0155,stu_0123,sec_0026,2026-11-20 13:02:33
sub_03926,asg_0155,stu_0068,sec_0026,2026-11-21 18:53:47
sub_03927,asg_0155,stu_1267,sec_0026,2026-11-20 21:37:29
sub_03928,asg_0155,stu_1324,sec_0026,2026-11-21 08:36:19
sub_03929,asg_0155,stu_0897,sec_0026,2026-11-19 18:52:02
sub_03930,asg_0155,stu_0549,sec_0026,2026-11-22 15:19:17
sub_03931,asg_0155,stu_0775,sec_0026,2026-11-21 05:09:40
sub_03932,asg_0155,stu_1134,sec_0026,2026-11-23 15:10:27
sub_03933,asg_0155,stu_0332,sec_0026,2026-11-23 00:48:27
sub_03934,asg_0155,stu_0821,sec_0026,2026-11-18 18:43:46
sub_03935,asg_0155,stu_1347,sec_0026,2026-11-23 01:07:40
sub_03936,asg_0155,stu_0601,sec_0026,2026-11-19 08:21:45
sub_03937,asg_0155,stu_1340,sec_0026,2026-11-24 00:10:08
sub_03938,asg_0155,stu_0816,sec_0026,2026-11-23 02:41:25
sub_03939,asg_0155,stu_0887,sec_0026,2026-11-19 08:21:43
sub_03940,asg_0155,stu_0400,sec_0026,2026-11-24 10:19:37
sub_03941,asg_0155,stu_0466,sec_0026,2026-11-21 23:21:31
sub_03942,asg_0155,stu_0668,sec_0026,2026-11-18 15:42:15
sub_03943,asg_0155,stu_0528,sec_0026,2026-11-22 14:04:21
sub_03944,asg_0155,stu_0319,sec_0026,2026-11-21 11:57:39
sub_03945,asg_0155,stu_0560,sec_0026,2026-11-23 13:04:05
sub_03946,asg_0156,stu_0123,sec_0026,2026-11-25 07:34:03
sub_03947,asg_0156,stu_0992,sec_0026,2026-11-25 18:07:48
sub_03948,asg_0156,stu_0068,sec_0026,2026-11-25 18:12:02
sub_03949,asg_0156,stu_1267,sec_0026,2026-11-25 14:43:06
sub_03950,asg_0156,stu_0549,sec_0026,2026-11-25 14:15:45
sub_03951,asg_0156,stu_1134,sec_0026,2026-11-25 16:54:59
sub_03952,asg_0156,stu_0332,sec_0026,2026-11-25 11:16:35
sub_03953,asg_0156,stu_1347,sec_0026,2026-11-25 19:43:46
sub_03954,asg_0156,stu_1340,sec_0026,2026-11-25 11:43:15
sub_03955,asg_0156,stu_0816,sec_0026,2026-11-25 16:11:39
sub_03956,asg_0156,stu_0466,sec_0026,2026-11-25 17:59:29
sub_03957,asg_0156,stu_0528,sec_0026,2026-11-25 15:35:15
sub_03958,asg_0156,stu_0319,sec_0026,2026-11-25 09:24:14
sub_03959,asg_0156,stu_0560,sec_0026,2026-11-25 17:55:48
sub_03960,asg_0157,stu_0734,sec_0027,2026-09-28 18:37:21
sub_03961,asg_0157,stu_0846,sec_0027,2026-09-25 23:21:00
sub_03962,asg_0157,stu_0764,sec_0027,2026-09-28 13:41:35
sub_03963,asg_0157,stu_0773,sec_0027,2026-09-24 04:36:07
sub_03964,asg_0157,stu_1182,sec_0027,2026-09-23 01:16:19
sub_03965,asg_0157,stu_0486,sec_0027,2026-09-25 08:12:28
sub_03966,asg_0157,stu_0679,sec_0027,2026-09-25 08:37:10
sub_03967,asg_0157,stu_0275,sec_0027,2026-09-27 15:36:58
sub_03968,asg_0157,stu_1308,sec_0027,2026-09-25 12:02:50
sub_03969,asg_0157,stu_0981,sec_0027,2026-09-28 01:03:45
sub_03970,asg_0157,stu_0208,sec_0027,2026-09-26 19:46:37
sub_03971,asg_0157,stu_0546,sec_0027,2026-09-26 05:13:49
sub_03972,asg_0157,stu_0014,sec_0027,2026-09-16 01:00:00
sub_03973,asg_0157,stu_1276,sec_0027,2026-09-22 10:38:24
sub_03974,asg_0157,stu_0180,sec_0027,2026-09-22 21:50:33
sub_03975,asg_0157,stu_0121,sec_0027,2026-09-24 01:45:20
sub_03976,asg_0157,stu_0172,sec_0027,2026-09-23 14:35:57
sub_03977,asg_0157,stu_0980,sec_0027,2026-09-26 07:04:36
sub_03978,asg_0157,stu_0247,sec_0027,2026-09-26 11:33:21
sub_03979,asg_0157,stu_0449,sec_0027,2026-09-27 14:29:37
sub_03980,asg_0157,stu_0025,sec_0027,2026-09-22 22:16:03
sub_03981,asg_0157,stu_0758,sec_0027,2026-09-24 22:20:59
sub_03982,asg_0157,stu_0076,sec_0027,2026-09-21 21:26:15
sub_03983,asg_0157,stu_0087,sec_0027,2026-09-25 15:44:11
sub_03984,asg_0157,stu_0360,sec_0027,2026-09-24 22:08:42
sub_03985,asg_0157,stu_1129,sec_0027,2026-09-26 17:39:11
sub_03986,asg_0157,stu_0162,sec_0027,2026-09-25 22:28:05
sub_03987,asg_0157,stu_0192,sec_0027,2026-09-23 16:09:58
sub_03988,asg_0157,stu_0854,sec_0027,2026-09-23 15:53:06
sub_03989,asg_0157,stu_1362,sec_0027,2026-09-25 13:30:41
sub_03990,asg_0157,stu_0370,sec_0027,2026-09-22 01:43:36
sub_03991,asg_0157,stu_0739,sec_0027,2026-09-28 10:40:04
sub_03992,asg_0157,stu_1384,sec_0027,2026-09-28 03:12:24
sub_03993,asg_0157,stu_0501,sec_0027,2026-09-22 04:20:24
sub_03994,asg_0157,stu_0250,sec_0027,2026-09-21 18:50:25
sub_03995,asg_0157,stu_0906,sec_0027,2026-09-25 02:21:53
sub_03996,asg_0157,stu_0612,sec_0027,2026-09-28 11:00:47
sub_03997,asg_0158,stu_0734,sec_0027,2026-10-04 21:08:41
sub_03998,asg_0158,stu_0846,sec_0027,2026-10-04 10:35:04
sub_03999,asg_0158,stu_0764,sec_0027,2026-10-04 00:02:34
sub_04000,asg_0158,stu_0773,sec_0027,2026-10-04 02:25:22
sub_04001,asg_0158,stu_1182,sec_0027,2026-10-06 21:07:05
sub_04002,asg_0158,stu_0486,sec_0027,2026-10-04 07:32:38
sub_04003,asg_0158,stu_0679,sec_0027,2026-10-05 08:11:38
sub_04004,asg_0158,stu_0275,sec_0027,2026-10-05 13:23:17
sub_04005,asg_0158,stu_0981,sec_0027,2026-10-07 03:48:17
sub_04006,asg_0158,stu_0208,sec_0027,2026-10-05 02:27:04
sub_04007,asg_0158,stu_0546,sec_0027,2026-10-05 09:06:52
sub_04008,asg_0158,stu_0014,sec_0027,2026-09-30 03:00:00
sub_04009,asg_0158,stu_1276,sec_0027,2026-10-04 16:49:44
sub_04010,asg_0158,stu_0180,sec_0027,2026-10-05 09:34:37
sub_04011,asg_0158,stu_0172,sec_0027,2026-10-04 00:26:57
sub_04012,asg_0158,stu_0980,sec_0027,2026-10-07 14:03:00
sub_04013,asg_0158,stu_0247,sec_0027,2026-10-04 23:51:40
sub_04014,asg_0158,stu_0449,sec_0027,2026-10-03 15:13:40
sub_04015,asg_0158,stu_0758,sec_0027,2026-10-04 02:15:20
sub_04016,asg_0158,stu_0087,sec_0027,2026-10-04 23:10:44
sub_04017,asg_0158,stu_0360,sec_0027,2026-10-06 10:42:15
sub_04018,asg_0158,stu_1129,sec_0027,2026-10-05 14:35:22
sub_04019,asg_0158,stu_0162,sec_0027,2026-10-06 03:32:16
sub_04020,asg_0158,stu_0192,sec_0027,2026-10-04 02:07:29
sub_04021,asg_0158,stu_0854,sec_0027,2026-10-04 17:10:46
sub_04022,asg_0158,stu_1362,sec_0027,2026-10-05 03:45:24
sub_04023,asg_0158,stu_0370,sec_0027,2026-10-06 01:34:35
sub_04024,asg_0158,stu_0739,sec_0027,2026-10-06 11:42:12
sub_04025,asg_0158,stu_1384,sec_0027,2026-10-06 00:22:47
sub_04026,asg_0158,stu_0501,sec_0027,2026-10-07 02:50:28
sub_04027,asg_0158,stu_0250,sec_0027,2026-10-07 03:22:31
sub_04028,asg_0158,stu_0906,sec_0027,2026-10-07 00:57:38
sub_04029,asg_0158,stu_0612,sec_0027,2026-10-06 21:45:29
sub_04030,asg_0159,stu_0734,sec_0027,2026-10-22 16:43:09
sub_04031,asg_0159,stu_0846,sec_0027,2026-10-20 08:06:39
sub_04032,asg_0159,stu_0764,sec_0027,2026-10-20 14:36:43
sub_04033,asg_0159,stu_0773,sec_0027,2026-10-24 18:28:28
sub_04034,asg_0159,stu_1182,sec_0027,2026-10-25 07:50:15
sub_04035,asg_0159,stu_1308,sec_0027,2026-10-24 05:27:51
sub_04036,asg_0159,stu_0981,sec_0027,2026-10-20 02:21:30
sub_04037,asg_0159,stu_0208,sec_0027,2026-10-23 23:11:41
sub_04038,asg_0159,stu_0014,sec_0027,2026-10-14 02:00:00
sub_04039,asg_0159,stu_1276,sec_0027,2026-10-20 12:51:39
sub_04040,asg_0159,stu_0180,sec_0027,2026-10-20 11:33:04
sub_04041,asg_0159,stu_0121,sec_0027,2026-10-21 00:30:00
sub_04042,asg_0159,stu_0172,sec_0027,2026-10-20 19:06:09
sub_04043,asg_0159,stu_0980,sec_0027,2026-10-24 20:15:52
sub_04044,asg_0159,stu_0247,sec_0027,2026-10-22 21:44:52
sub_04045,asg_0159,stu_0449,sec_0027,2026-10-21 22:54:54
sub_04046,asg_0159,stu_0758,sec_0027,2026-10-22 23:52:35
sub_04047,asg_0159,stu_0076,sec_0027,2026-10-22 07:08:03
sub_04048,asg_0159,stu_0087,sec_0027,2026-10-23 07:22:05
sub_04049,asg_0159,stu_0360,sec_0027,2026-10-22 02:01:19
sub_04050,asg_0159,stu_1129,sec_0027,2026-10-21 16:37:38
sub_04051,asg_0159,stu_0162,sec_0027,2026-10-20 11:29:56
sub_04052,asg_0159,stu_0192,sec_0027,2026-10-22 06:17:58
sub_04053,asg_0159,stu_0854,sec_0027,2026-10-24 10:09:45
sub_04054,asg_0159,stu_1362,sec_0027,2026-10-22 17:55:16
sub_04055,asg_0159,stu_0370,sec_0027,2026-10-25 08:55:28
sub_04056,asg_0159,stu_0739,sec_0027,2026-10-21 06:33:41
sub_04057,asg_0159,stu_1384,sec_0027,2026-10-24 17:41:35
sub_04058,asg_0159,stu_0501,sec_0027,2026-10-21 03:05:41
sub_04059,asg_0159,stu_0250,sec_0027,2026-10-19 15:41:26
sub_04060,asg_0159,stu_0906,sec_0027,2026-10-20 21:50:50
sub_04061,asg_0159,stu_0612,sec_0027,2026-10-20 20:14:54
sub_04062,asg_0160,stu_0734,sec_0027,2026-10-28 13:54:04
sub_04063,asg_0160,stu_1182,sec_0027,2026-10-28 14:22:27
sub_04064,asg_0160,stu_0486,sec_0027,2026-10-28 16:15:24
sub_04065,asg_0160,stu_1308,sec_0027,2026-10-28 14:43:20
sub_04066,asg_0160,stu_0981,sec_0027,2026-10-28 10:19:28
sub_04067,asg_0160,stu_0208,sec_0027,2026-10-28 04:17:52
sub_04068,asg_0160,stu_0014,sec_0027,2026-10-27 20:00:00
sub_04069,asg_0160,stu_1276,sec_0027,2026-10-28 06:24:10
sub_04070,asg_0160,stu_0180,sec_0027,2026-10-28 16:44:15
sub_04071,asg_0160,stu_0121,sec_0027,2026-10-28 06:46:48
sub_04072,asg_0160,stu_0172,sec_0027,2026-10-28 08:29:32
sub_04073,asg_0160,stu_0980,sec_0027,2026-10-28 16:24:50
sub_04074,asg_0160,stu_0247,sec_0027,2026-10-28 12:27:03
sub_04075,asg_0160,stu_0449,sec_0027,2026-10-28 13:44:17
sub_04076,asg_0160,stu_0025,sec_0027,2026-10-28 13:11:07
sub_04077,asg_0160,stu_0087,sec_0027,2026-10-28 04:42:01
sub_04078,asg_0160,stu_0360,sec_0027,2026-10-28 08:52:10
sub_04079,asg_0160,stu_1129,sec_0027,2026-10-28 13:25:48
sub_04080,asg_0160,stu_0192,sec_0027,2026-10-28 07:45:02
sub_04081,asg_0160,stu_1362,sec_0027,2026-10-28 14:17:00
sub_04082,asg_0160,stu_0739,sec_0027,2026-10-28 14:57:30
sub_04083,asg_0160,stu_0501,sec_0027,2026-10-28 04:29:16
sub_04084,asg_0160,stu_0906,sec_0027,2026-10-28 09:34:36
sub_04085,asg_0160,stu_0612,sec_0027,2026-10-28 09:55:48
sub_04086,asg_0161,stu_0734,sec_0027,2026-11-17 04:53:41
sub_04087,asg_0161,stu_0846,sec_0027,2026-11-18 19:34:00
sub_04088,asg_0161,stu_0764,sec_0027,2026-11-16 03:05:27
sub_04089,asg_0161,stu_0773,sec_0027,2026-11-15 19:41:35
sub_04090,asg_0161,stu_1182,sec_0027,2026-11-17 18:54:49
sub_04091,asg_0161,stu_0486,sec_0027,2026-11-18 21:10:00
sub_04092,asg_0161,stu_0275,sec_0027,2026-11-17 13:07:18
sub_04093,asg_0161,stu_1308,sec_0027,2026-11-17 06:56:06
sub_04094,asg_0161,stu_0981,sec_0027,2026-11-18 23:19:39
sub_04095,asg_0161,stu_0208,sec_0027,2026-11-16 00:26:19
sub_04096,asg_0161,stu_0546,sec_0027,2026-11-15 06:17:07
sub_04097,asg_0161,stu_1276,sec_0027,2026-11-16 00:59:45
sub_04098,asg_0161,stu_0180,sec_0027,2026-11-17 01:48:39
sub_04099,asg_0161,stu_0121,sec_0027,2026-11-15 00:34:37
sub_04100,asg_0161,stu_0172,sec_0027,2026-11-17 22:57:21
sub_04101,asg_0161,stu_0980,sec_0027,2026-11-15 04:43:45
sub_04102,asg_0161,stu_0247,sec_0027,2026-11-17 17:54:21
sub_04103,asg_0161,stu_0449,sec_0027,2026-11-17 20:24:55
sub_04104,asg_0161,stu_0025,sec_0027,2026-11-16 15:05:41
sub_04105,asg_0161,stu_0758,sec_0027,2026-11-09 21:00:00
sub_04106,asg_0161,stu_0087,sec_0027,2026-11-16 14:24:32
sub_04107,asg_0161,stu_0360,sec_0027,2026-11-19 01:11:27
sub_04108,asg_0161,stu_1129,sec_0027,2026-11-14 23:23:07
sub_04109,asg_0161,stu_0162,sec_0027,2026-11-18 16:37:13
sub_04110,asg_0161,stu_0192,sec_0027,2026-11-19 01:17:33
sub_04111,asg_0161,stu_0854,sec_0027,2026-11-15 05:54:11
sub_04112,asg_0161,stu_1362,sec_0027,2026-11-17 01:47:11
sub_04113,asg_0161,stu_0370,sec_0027,2026-11-19 16:58:40
sub_04114,asg_0161,stu_0739,sec_0027,2026-11-19 00:31:32
sub_04115,asg_0161,stu_0501,sec_0027,2026-11-16 11:49:45
sub_04116,asg_0161,stu_0250,sec_0027,2026-11-17 16:10:46
sub_04117,asg_0161,stu_0612,sec_0027,2026-11-16 05:21:10
sub_04118,asg_0162,stu_0734,sec_0027,2026-12-06 03:33:15
sub_04119,asg_0162,stu_0846,sec_0027,2026-12-05 14:54:27
sub_04120,asg_0162,stu_0764,sec_0027,2026-12-07 21:11:08
sub_04121,asg_0162,stu_1182,sec_0027,2026-12-01 20:54:42
sub_04122,asg_0162,stu_0486,sec_0027,2026-12-02 11:59:20
sub_04123,asg_0162,stu_0679,sec_0027,2026-12-05 17:49:49
sub_04124,asg_0162,stu_0275,sec_0027,2026-12-02 00:38:10
sub_04125,asg_0162,stu_1308,sec_0027,2026-12-03 08:33:46
sub_04126,asg_0162,stu_0981,sec_0027,2026-12-04 02:13:24
sub_04127,asg_0162,stu_0546,sec_0027,2026-12-01 22:31:34
sub_04128,asg_0162,stu_0014,sec_0027,2026-11-25 04:00:00
sub_04129,asg_0162,stu_1276,sec_0027,2026-12-02 16:47:00
sub_04130,asg_0162,stu_0180,sec_0027,2026-12-03 20:32:42
sub_04131,asg_0162,stu_0172,sec_0027,2026-12-02 22:27:01
sub_04132,asg_0162,stu_0980,sec_0027,2026-12-02 19:20:40
sub_04133,asg_0162,stu_0449,sec_0027,2026-12-08 12:12:22
sub_04134,asg_0162,stu_0025,sec_0027,2026-12-06 01:37:31
sub_04135,asg_0162,stu_0758,sec_0027,2026-12-02 10:10:18
sub_04136,asg_0162,stu_0076,sec_0027,2026-12-04 00:59:51
sub_04137,asg_0162,stu_0087,sec_0027,2026-12-06 09:17:14
sub_04138,asg_0162,stu_0360,sec_0027,2026-12-08 20:57:03
sub_04139,asg_0162,stu_1129,sec_0027,2026-12-07 06:40:15
sub_04140,asg_0162,stu_0162,sec_0027,2026-12-05 00:39:31
sub_04141,asg_0162,stu_0192,sec_0027,2026-12-02 19:48:33
sub_04142,asg_0162,stu_0854,sec_0027,2026-12-04 04:54:41
sub_04143,asg_0162,stu_1362,sec_0027,2026-12-07 00:27:09
sub_04144,asg_0162,stu_0739,sec_0027,2026-12-08 19:24:04
sub_04145,asg_0162,stu_1384,sec_0027,2026-12-01 15:28:43
sub_04146,asg_0162,stu_0501,sec_0027,2026-12-04 02:54:59
sub_04147,asg_0162,stu_0250,sec_0027,2026-12-03 19:46:37
sub_04148,asg_0162,stu_0906,sec_0027,2026-12-06 06:31:04
sub_04149,asg_0162,stu_0612,sec_0027,2026-12-06 16:08:32
sub_04150,asg_0163,stu_1325,sec_0028,2026-09-22 22:56:54
sub_04151,asg_0163,stu_0566,sec_0028,2026-09-21 21:53:22
sub_04152,asg_0163,stu_1316,sec_0028,2026-09-22 00:55:40
sub_04153,asg_0163,stu_0210,sec_0028,2026-09-22 22:44:03
sub_04154,asg_0163,stu_0689,sec_0028,2026-09-21 14:05:00
sub_04155,asg_0163,stu_0192,sec_0028,2026-09-24 15:07:41
sub_04156,asg_0163,stu_0102,sec_0028,2026-09-24 14:06:53
sub_04157,asg_0163,stu_0091,sec_0028,2026-09-22 09:40:32
sub_04158,asg_0163,stu_0626,sec_0028,2026-09-20 08:22:28
sub_04159,asg_0163,stu_1054,sec_0028,2026-09-19 22:49:16
sub_04160,asg_0163,stu_1051,sec_0028,2026-09-24 09:29:21
sub_04161,asg_0163,stu_0488,sec_0028,2026-09-24 06:58:02
sub_04162,asg_0163,stu_0901,sec_0028,2026-09-22 18:58:54
sub_04163,asg_0163,stu_0116,sec_0028,2026-09-23 14:04:34
sub_04164,asg_0163,stu_0424,sec_0028,2026-09-21 11:34:07
sub_04165,asg_0163,stu_0287,sec_0028,2026-09-24 02:53:37
sub_04166,asg_0163,stu_0970,sec_0028,2026-09-23 11:25:39
sub_04167,asg_0164,stu_1325,sec_0028,2026-10-06 23:18:24
sub_04168,asg_0164,stu_0566,sec_0028,2026-10-06 04:32:27
sub_04169,asg_0164,stu_1316,sec_0028,2026-10-07 01:32:31
sub_04170,asg_0164,stu_0210,sec_0028,2026-10-04 04:30:03
sub_04171,asg_0164,stu_0689,sec_0028,2026-10-06 16:36:55
sub_04172,asg_0164,stu_0192,sec_0028,2026-10-05 21:46:16
sub_04173,asg_0164,stu_0102,sec_0028,2026-10-04 00:06:12
sub_04174,asg_0164,stu_0626,sec_0028,2026-10-06 10:52:57
sub_04175,asg_0164,stu_1054,sec_0028,2026-10-06 08:14:16
sub_04176,asg_0164,stu_1051,sec_0028,2026-10-04 22:21:12
sub_04177,asg_0164,stu_0100,sec_0028,2026-10-05 19:22:15
sub_04178,asg_0164,stu_0488,sec_0028,2026-10-07 06:31:38
sub_04179,asg_0164,stu_0901,sec_0028,2026-10-06 07:34:15
sub_04180,asg_0164,stu_0835,sec_0028,2026-10-06 00:51:53
sub_04181,asg_0164,stu_0116,sec_0028,2026-10-07 01:54:27
sub_04182,asg_0164,stu_0424,sec_0028,2026-10-03 11:20:50
sub_04183,asg_0165,stu_1325,sec_0028,2026-10-23 10:34:00
sub_04184,asg_0165,stu_0566,sec_0028,2026-10-21 19:42:55
sub_04185,asg_0165,stu_1316,sec_0028,2026-10-25 08:12:31
sub_04186,asg_0165,stu_0210,sec_0028,2026-10-25 04:01:19
sub_04187,asg_0165,stu_0689,sec_0028,2026-10-24 19:16:29
sub_04188,asg_0165,stu_0192,sec_0028,2026-10-24 10:11:25
sub_04189,asg_0165,stu_0102,sec_0028,2026-10-26 01:38:04
sub_04190,asg_0165,stu_0091,sec_0028,2026-10-23 23:34:08
sub_04191,asg_0165,stu_0626,sec_0028,2026-10-26 02:30:38
sub_04192,asg_0165,stu_1054,sec_0028,2026-10-20 09:23:01
sub_04193,asg_0165,stu_1051,sec_0028,2026-10-25 00:56:45
sub_04194,asg_0165,stu_0100,sec_0028,2026-10-25 11:37:27
sub_04195,asg_0165,stu_0488,sec_0028,2026-10-25 12:27:47
sub_04196,asg_0165,stu_0901,sec_0028,2026-10-21 17:51:48
sub_04197,asg_0165,stu_0835,sec_0028,2026-10-23 16:10:15
sub_04198,asg_0165,stu_0116,sec_0028,2026-10-24 06:22:47
sub_04199,asg_0165,stu_0424,sec_0028,2026-10-22 23:28:42
sub_04200,asg_0165,stu_0287,sec_0028,2026-10-19 23:48:38
sub_04201,asg_0165,stu_0970,sec_0028,2026-10-25 00:53:58
sub_04202,asg_0166,stu_1325,sec_0028,2026-11-03 09:39:17
sub_04203,asg_0166,stu_0566,sec_0028,2026-11-02 16:12:03
sub_04204,asg_0166,stu_0210,sec_0028,2026-11-02 02:46:21
sub_04205,asg_0166,stu_0689,sec_0028,2026-10-31 02:15:43
sub_04206,asg_0166,stu_0192,sec_0028,2026-10-31 04:04:01
sub_04207,asg_0166,stu_0102,sec_0028,2026-11-03 12:18:41
sub_04208,asg_0166,stu_0091,sec_0028,2026-11-01 16:52:49
sub_04209,asg_0166,stu_0626,sec_0028,2026-11-03 14:11:28
sub_04210,asg_0166,stu_1054,sec_0028,2026-11-01 01:28:27
sub_04211,asg_0166,stu_1051,sec_0028,2026-10-31 05:18:43
sub_04212,asg_0166,stu_0100,sec_0028,2026-11-03 01:46:20
sub_04213,asg_0166,stu_0488,sec_0028,2026-11-01 14:08:06
sub_04214,asg_0166,stu_0901,sec_0028,2026-11-01 20:50:09
sub_04215,asg_0166,stu_0835,sec_0028,2026-10-31 09:48:24
sub_04216,asg_0166,stu_0116,sec_0028,2026-11-02 10:04:45
sub_04217,asg_0166,stu_0424,sec_0028,2026-11-03 09:35:01
sub_04218,asg_0166,stu_0287,sec_0028,2026-11-02 16:24:13
sub_04219,asg_0166,stu_0970,sec_0028,2026-11-01 10:41:23
sub_04220,asg_0167,stu_1325,sec_0028,2026-11-17 11:45:51
sub_04221,asg_0167,stu_0566,sec_0028,2026-11-17 18:44:21
sub_04222,asg_0167,stu_1316,sec_0028,2026-11-20 18:01:49
sub_04223,asg_0167,stu_0210,sec_0028,2026-11-16 13:10:02
sub_04224,asg_0167,stu_0192,sec_0028,2026-11-18 08:35:39
sub_04225,asg_0167,stu_0102,sec_0028,2026-11-16 21:25:28
sub_04226,asg_0167,stu_0091,sec_0028,2026-11-18 11:35:46
sub_04227,asg_0167,stu_0626,sec_0028,2026-11-19 18:05:15
sub_04228,asg_0167,stu_1054,sec_0028,2026-11-19 22:54:34
sub_04229,asg_0167,stu_1051,sec_0028,2026-11-18 07:41:39
sub_04230,asg_0167,stu_0100,sec_0028,2026-11-20 06:43:04
sub_04231,asg_0167,stu_0488,sec_0028,2026-11-15 16:51:13
sub_04232,asg_0167,stu_0901,sec_0028,2026-11-18 20:57:40
sub_04233,asg_0167,stu_0835,sec_0028,2026-11-19 18:50:07
sub_04234,asg_0167,stu_0116,sec_0028,2026-11-18 12:45:07
sub_04235,asg_0167,stu_0424,sec_0028,2026-11-18 15:55:24
sub_04236,asg_0167,stu_0287,sec_0028,2026-11-15 14:57:09
sub_04237,asg_0167,stu_0970,sec_0028,2026-11-20 03:49:04
sub_04238,asg_0168,stu_0689,sec_0028,2026-11-25 16:00:12
sub_04239,asg_0168,stu_0102,sec_0028,2026-11-25 23:01:10
sub_04240,asg_0168,stu_0091,sec_0028,2026-11-25 13:23:12
sub_04241,asg_0168,stu_0626,sec_0028,2026-11-25 20:47:40
sub_04242,asg_0168,stu_1054,sec_0028,2026-11-25 21:24:38
sub_04243,asg_0168,stu_1051,sec_0028,2026-11-25 14:22:45
sub_04244,asg_0168,stu_0100,sec_0028,2026-11-25 12:29:42
sub_04245,asg_0168,stu_0488,sec_0028,2026-11-25 18:32:08
sub_04246,asg_0168,stu_0901,sec_0028,2026-11-25 18:23:09
sub_04247,asg_0168,stu_0835,sec_0028,2026-11-25 15:29:20
sub_04248,asg_0168,stu_0116,sec_0028,2026-11-25 10:55:49
sub_04249,asg_0168,stu_0424,sec_0028,2026-11-25 19:32:32
sub_04250,asg_0168,stu_0287,sec_0028,2026-11-25 23:15:59
sub_04251,asg_0168,stu_0970,sec_0028,2026-11-25 12:23:55
sub_04252,asg_0169,stu_0728,sec_0029,2026-09-25 12:34:47
sub_04253,asg_0169,stu_0064,sec_0029,2026-09-30 04:55:00
sub_04254,asg_0169,stu_1027,sec_0029,2026-09-23 23:00:20
sub_04255,asg_0169,stu_0013,sec_0029,2026-09-28 08:59:59
sub_04256,asg_0169,stu_0470,sec_0029,2026-09-29 04:54:38
sub_04257,asg_0169,stu_0287,sec_0029,2026-09-27 23:48:14
sub_04258,asg_0169,stu_1178,sec_0029,2026-09-24 22:03:26
sub_04259,asg_0169,stu_0892,sec_0029,2026-09-23 21:56:06
sub_04260,asg_0169,stu_1349,sec_0029,2026-09-28 09:37:05
sub_04261,asg_0169,stu_0788,sec_0029,2026-09-27 07:19:48
sub_04262,asg_0169,stu_0909,sec_0029,2026-09-27 13:05:17
sub_04263,asg_0169,stu_1137,sec_0029,2026-09-28 15:34:19
sub_04264,asg_0169,stu_0098,sec_0029,2026-09-25 01:03:31
sub_04265,asg_0169,stu_1138,sec_0029,2026-09-27 22:30:39
sub_04266,asg_0169,stu_1330,sec_0029,2026-09-23 14:36:43
sub_04267,asg_0169,stu_0879,sec_0029,2026-09-23 09:39:32
sub_04268,asg_0169,stu_0658,sec_0029,2026-09-27 20:08:27
sub_04269,asg_0169,stu_1093,sec_0029,2026-09-26 16:06:20
sub_04270,asg_0170,stu_0728,sec_0029,2026-09-30 05:23:36
sub_04271,asg_0170,stu_1027,sec_0029,2026-09-30 11:59:52
sub_04272,asg_0170,stu_0470,sec_0029,2026-09-30 05:22:13
sub_04273,asg_0170,stu_0433,sec_0029,2026-09-30 15:26:29
sub_04274,asg_0170,stu_1349,sec_0029,2026-09-30 15:03:26
sub_04275,asg_0170,stu_0788,sec_0029,2026-09-30 12:38:26
sub_04276,asg_0170,stu_0909,sec_0029,2026-09-30 10:35:46
sub_04277,asg_0170,stu_1137,sec_0029,2026-09-30 05:07:42
sub_04278,asg_0170,stu_0098,sec_0029,2026-09-30 07:09:54
sub_04279,asg_0170,stu_1138,sec_0029,2026-09-30 08:11:27
sub_04280,asg_0170,stu_1330,sec_0029,2026-09-30 16:50:45
sub_04281,asg_0170,stu_0879,sec_0029,2026-09-30 10:31:37
sub_04282,asg_0171,stu_0728,sec_0029,2026-10-18 20:58:02
sub_04283,asg_0171,stu_0064,sec_0029,2026-10-18 19:07:57
sub_04284,asg_0171,stu_1027,sec_0029,2026-10-20 11:19:35
sub_04285,asg_0171,stu_0013,sec_0029,2026-10-21 06:29:34
sub_04286,asg_0171,stu_0470,sec_0029,2026-10-20 01:55:55
sub_04287,asg_0171,stu_0287,sec_0029,2026-10-18 00:21:14
sub_04288,asg_0171,stu_1178,sec_0029,2026-10-17 17:45:44
sub_04289,asg_0171,stu_0433,sec_0029,2026-10-17 17:56:05
sub_04290,asg_0171,stu_0892,sec_0029,2026-10-21 17:30:47
sub_04291,asg_0171,stu_1349,sec_0029,2026-10-21 06:20:34
sub_04292,asg_0171,stu_0788,sec_0029,2026-10-19 12:57:00
sub_04293,asg_0171,stu_0909,sec_0029,2026-10-20 01:13:04
sub_04294,asg_0171,stu_1137,sec_0029,2026-10-18 09:45:22
sub_04295,asg_0171,stu_0098,sec_0029,2026-10-21 07:19:59
sub_04296,asg_0171,stu_1138,sec_0029,2026-10-20 06:48:04
sub_04297,asg_0171,stu_1330,sec_0029,2026-10-13 12:00:00
sub_04298,asg_0171,stu_0879,sec_0029,2026-10-21 17:32:27
sub_04299,asg_0171,stu_0658,sec_0029,2026-10-18 15:09:47
sub_04300,asg_0171,stu_1093,sec_0029,2026-10-21 06:46:22
sub_04301,asg_0172,stu_0728,sec_0029,2026-11-03 21:02:09
sub_04302,asg_0172,stu_0064,sec_0029,2026-11-04 18:43:52
sub_04303,asg_0172,stu_1027,sec_0029,2026-11-08 19:31:08
sub_04304,asg_0172,stu_0013,sec_0029,2026-11-10 06:26:02
sub_04305,asg_0172,stu_1178,sec_0029,2026-11-09 04:10:44
sub_04306,asg_0172,stu_0433,sec_0029,2026-11-08 19:09:44
sub_04307,asg_0172,stu_0892,sec_0029,2026-11-05 06:01:02
sub_04308,asg_0172,stu_1349,sec_0029,2026-11-10 11:34:53
sub_04309,asg_0172,stu_0788,sec_0029,2026-11-05 16:21:36
sub_04310,asg_0172,stu_0909,sec_0029,2026-11-10 11:21:19
sub_04311,asg_0172,stu_1137,sec_0029,2026-11-08 03:45:44
sub_04312,asg_0172,stu_0098,sec_0029,2026-11-09 05:13:28
sub_04313,asg_0172,stu_1138,sec_0029,2026-11-05 17:10:04
sub_04314,asg_0172,stu_1330,sec_0029,2026-11-05 21:56:38
sub_04315,asg_0172,stu_0879,sec_0029,2026-11-10 19:09:24
sub_04316,asg_0172,stu_0658,sec_0029,2026-11-10 15:54:49
sub_04317,asg_0172,stu_1093,sec_0029,2026-11-09 14:31:15
sub_04318,asg_0173,stu_0728,sec_0029,2026-11-11 13:06:57
sub_04319,asg_0173,stu_0064,sec_0029,2026-11-11 05:26:04
sub_04320,asg_0173,stu_1027,sec_0029,2026-11-11 13:33:11
sub_04321,asg_0173,stu_0470,sec_0029,2026-11-11 12:00:23
sub_04322,asg_0173,stu_0287,sec_0029,2026-11-11 04:33:48
sub_04323,asg_0173,stu_1178,sec_0029,2026-11-11 06:57:36
sub_04324,asg_0173,stu_0433,sec_0029,2026-11-11 13:50:45
sub_04325,asg_0173,stu_0892,sec_0029,2026-11-11 04:48:03
sub_04326,asg_0173,stu_0098,sec_0029,2026-11-11 10:41:12
sub_04327,asg_0173,stu_1330,sec_0029,2026-11-11 13:56:43
sub_04328,asg_0173,stu_1093,sec_0029,2026-11-11 09:18:50
sub_04329,asg_0174,stu_0728,sec_0029,2026-12-01 16:54:24
sub_04330,asg_0174,stu_0064,sec_0029,2026-11-30 18:07:25
sub_04331,asg_0174,stu_1027,sec_0029,2026-12-02 15:04:15
sub_04332,asg_0174,stu_0013,sec_0029,2026-12-01 20:55:57
sub_04333,asg_0174,stu_0470,sec_0029,2026-11-29 19:06:23
sub_04334,asg_0174,stu_1178,sec_0029,2026-12-01 12:25:45
sub_04335,asg_0174,stu_0433,sec_0029,2026-12-01 02:41:18
sub_04336,asg_0174,stu_1349,sec_0029,2026-12-02 06:52:20
sub_04337,asg_0174,stu_0788,sec_0029,2026-11-28 23:56:44
sub_04338,asg_0174,stu_0909,sec_0029,2026-11-30 22:12:54
sub_04339,asg_0174,stu_1137,sec_0029,2026-11-30 20:19:00
sub_04340,asg_0174,stu_0098,sec_0029,2026-12-02 23:03:32
sub_04341,asg_0174,stu_1138,sec_0029,2026-12-02 21:25:51
sub_04342,asg_0174,stu_1330,sec_0029,2026-11-29 23:53:28
sub_04343,asg_0174,stu_0879,sec_0029,2026-12-02 12:48:33
sub_04344,asg_0174,stu_0658,sec_0029,2026-12-02 19:09:48
sub_04345,asg_0174,stu_1093,sec_0029,2026-11-28 10:48:33
sub_04346,asg_0175,stu_0931,sec_0030,2026-09-23 00:04:47
sub_04347,asg_0175,stu_1197,sec_0030,2026-09-20 13:50:13
sub_04348,asg_0175,stu_0087,sec_0030,2026-09-19 15:06:38
sub_04349,asg_0175,stu_1155,sec_0030,2026-09-20 10:43:21
sub_04350,asg_0175,stu_0304,sec_0030,2026-09-19 19:52:42
sub_04351,asg_0175,stu_0865,sec_0030,2026-09-21 22:50:55
sub_04352,asg_0175,stu_0116,sec_0030,2026-09-23 13:34:06
sub_04353,asg_0175,stu_1084,sec_0030,2026-09-20 13:13:42
sub_04354,asg_0175,stu_0054,sec_0030,2026-09-20 13:00:58
sub_04355,asg_0175,stu_1045,sec_0030,2026-09-20 10:39:26
sub_04356,asg_0175,stu_1040,sec_0030,2026-09-21 16:08:25
sub_04357,asg_0175,stu_0695,sec_0030,2026-09-19 21:37:33
sub_04358,asg_0175,stu_1090,sec_0030,2026-09-20 20:08:04
sub_04359,asg_0175,stu_1143,sec_0030,2026-09-22 21:02:15
sub_04360,asg_0175,stu_1346,sec_0030,2026-09-20 00:57:57
sub_04361,asg_0175,stu_0440,sec_0030,2026-09-22 00:26:43
sub_04362,asg_0175,stu_0020,sec_0030,2026-09-20 10:55:03
sub_04363,asg_0175,stu_0204,sec_0030,2026-09-20 08:58:54
sub_04364,asg_0175,stu_1362,sec_0030,2026-09-19 09:12:21
sub_04365,asg_0175,stu_0761,sec_0030,2026-09-23 10:15:37
sub_04366,asg_0175,stu_1104,sec_0030,2026-09-21 10:26:35
sub_04367,asg_0175,stu_0576,sec_0030,2026-09-22 11:47:08
sub_04368,asg_0176,stu_0931,sec_0030,2026-10-10 12:07:32
sub_04369,asg_0176,stu_1197,sec_0030,2026-10-08 22:38:20
sub_04370,asg_0176,stu_0087,sec_0030,2026-10-08 12:04:58
sub_04371,asg_0176,stu_1155,sec_0030,2026-10-12 02:11:40
sub_04372,asg_0176,stu_0304,sec_0030,2026-10-10 03:05:01
sub_04373,asg_0176,stu_0865,sec_0030,2026-10-10 08:42:36
sub_04374,asg_0176,stu_0750,sec_0030,2026-10-07 17:42:58
sub_04375,asg_0176,stu_0116,sec_0030,2026-10-12 00:20:10
sub_04376,asg_0176,stu_1084,sec_0030,2026-10-07 20:59:52
sub_04377,asg_0176,stu_0054,sec_0030,2026-10-06 06:25:37
sub_04378,asg_0176,stu_1045,sec_0030,2026-10-11 06:44:00
sub_04379,asg_0176,stu_1040,sec_0030,2026-10-12 20:55:22
sub_04380,asg_0176,stu_0695,sec_0030,2026-10-13 06:34:01
sub_04381,asg_0176,stu_1090,sec_0030,2026-10-12 11:52:11
sub_04382,asg_0176,stu_1143,sec_0030,2026-10-09 03:19:18
sub_04383,asg_0176,stu_1346,sec_0030,2026-10-11 10:46:38
sub_04384,asg_0176,stu_0440,sec_0030,2026-10-09 07:37:25
sub_04385,asg_0176,stu_0020,sec_0030,2026-10-06 20:16:18
sub_04386,asg_0176,stu_0204,sec_0030,2026-10-07 01:17:36
sub_04387,asg_0176,stu_1362,sec_0030,2026-10-10 07:25:44
sub_04388,asg_0176,stu_0761,sec_0030,2026-10-11 02:57:48
sub_04389,asg_0176,stu_1104,sec_0030,2026-10-08 07:32:27
sub_04390,asg_0176,stu_0576,sec_0030,2026-10-07 12:18:24
sub_04391,asg_0177,stu_1197,sec_0030,2026-10-20 03:55:57
sub_04392,asg_0177,stu_0087,sec_0030,2026-10-18 18:06:35
sub_04393,asg_0177,stu_1155,sec_0030,2026-10-18 01:15:40
sub_04394,asg_0177,stu_0304,sec_0030,2026-10-18 15:42:49
sub_04395,asg_0177,stu_0865,sec_0030,2026-10-17 17:25:44
sub_04396,asg_0177,stu_0750,sec_0030,2026-10-19 15:49:00
sub_04397,asg_0177,stu_0116,sec_0030,2026-10-17 13:37:21
sub_04398,asg_0177,stu_1084,sec_0030,2026-10-19 05:56:36
sub_04399,asg_0177,stu_0054,sec_0030,2026-10-19 10:51:55
sub_04400,asg_0177,stu_1045,sec_0030,2026-10-17 11:12:41
sub_04401,asg_0177,stu_1040,sec_0030,2026-10-17 14:06:39
sub_04402,asg_0177,stu_0695,sec_0030,2026-10-19 16:40:20
sub_04403,asg_0177,stu_1090,sec_0030,2026-10-18 14:57:30
sub_04404,asg_0177,stu_1143,sec_0030,2026-10-19 16:53:59
sub_04405,asg_0177,stu_1346,sec_0030,2026-10-20 16:52:59
sub_04406,asg_0177,stu_0440,sec_0030,2026-10-18 02:09:50
sub_04407,asg_0177,stu_0020,sec_0030,2026-10-19 01:05:38
sub_04408,asg_0177,stu_0204,sec_0030,2026-10-18 23:16:32
sub_04409,asg_0177,stu_1362,sec_0030,2026-10-18 06:21:48
sub_04410,asg_0177,stu_0761,sec_0030,2026-10-17 12:33:47
sub_04411,asg_0177,stu_1104,sec_0030,2026-10-17 10:52:44
sub_04412,asg_0177,stu_0576,sec_0030,2026-10-20 07:17:44
sub_04413,asg_0178,stu_0931,sec_0030,2026-10-29 21:21:53
sub_04414,asg_0178,stu_0087,sec_0030,2026-10-29 22:59:47
sub_04415,asg_0178,stu_1155,sec_0030,2026-10-29 09:19:26
sub_04416,asg_0178,stu_0304,sec_0030,2026-10-29 08:55:24
sub_04417,asg_0178,stu_0116,sec_0030,2026-10-29 18:43:04
sub_04418,asg_0178,stu_1084,sec_0030,2026-10-29 20:24:36
sub_04419,asg_0178,stu_0054,sec_0030,2026-10-29 05:12:58
sub_04420,asg_0178,stu_1045,sec_0030,2026-10-29 12:17:55
sub_04421,asg_0178,stu_0695,sec_0030,2026-10-29 06:48:30
sub_04422,asg_0178,stu_1090,sec_0030,2026-10-28 22:48:23
sub_04423,asg_0178,stu_1143,sec_0030,2026-10-29 05:57:00
sub_04424,asg_0178,stu_0440,sec_0030,2026-10-30 00:51:11
sub_04425,asg_0178,stu_0204,sec_0030,2026-10-29 15:02:01
sub_04426,asg_0178,stu_0761,sec_0030,2026-10-29 06:14:00
sub_04427,asg_0178,stu_0576,sec_0030,2026-10-29 23:57:55
sub_04428,asg_0179,stu_0931,sec_0030,2026-11-22 12:31:35
sub_04429,asg_0179,stu_1197,sec_0030,2026-11-17 18:21:46
sub_04430,asg_0179,stu_0087,sec_0030,2026-11-23 02:05:38
sub_04431,asg_0179,stu_1155,sec_0030,2026-11-23 14:28:44
sub_04432,asg_0179,stu_0304,sec_0030,2026-11-21 17:41:49
sub_04433,asg_0179,stu_0865,sec_0030,2026-11-20 21:33:08
sub_04434,asg_0179,stu_0750,sec_0030,2026-11-18 08:02:35
sub_04435,asg_0179,stu_0116,sec_0030,2026-11-19 13:06:07
sub_04436,asg_0179,stu_1084,sec_0030,2026-11-16 21:33:24
sub_04437,asg_0179,stu_0054,sec_0030,2026-11-20 12:27:14
sub_04438,asg_0179,stu_1040,sec_0030,2026-11-17 04:49:57
sub_04439,asg_0179,stu_1090,sec_0030,2026-11-18 06:31:50
sub_04440,asg_0179,stu_1143,sec_0030,2026-11-18 23:17:34
sub_04441,asg_0179,stu_1346,sec_0030,2026-11-21 07:09:49
sub_04442,asg_0179,stu_0440,sec_0030,2026-11-19 03:46:23
sub_04443,asg_0179,stu_0204,sec_0030,2026-11-17 09:23:33
sub_04444,asg_0179,stu_1362,sec_0030,2026-11-20 15:53:02
sub_04445,asg_0179,stu_0761,sec_0030,2026-11-21 19:06:34
sub_04446,asg_0179,stu_1104,sec_0030,2026-11-20 11:50:58
sub_04447,asg_0179,stu_0576,sec_0030,2026-11-18 19:31:10
sub_04448,asg_0180,stu_0931,sec_0030,2026-12-06 20:49:44
sub_04449,asg_0180,stu_1197,sec_0030,2026-12-02 03:04:56
sub_04450,asg_0180,stu_0087,sec_0030,2026-12-04 01:33:27
sub_04451,asg_0180,stu_1155,sec_0030,2026-12-02 00:28:43
sub_04452,asg_0180,stu_0865,sec_0030,2026-12-02 05:17:02
sub_04453,asg_0180,stu_0750,sec_0030,2026-12-06 04:46:08
sub_04454,asg_0180,stu_0054,sec_0030,2026-12-06 16:17:55
sub_04455,asg_0180,stu_1040,sec_0030,2026-12-04 13:01:47
sub_04456,asg_0180,stu_0695,sec_0030,2026-12-05 04:43:53
sub_04457,asg_0180,stu_1090,sec_0030,2026-11-30 23:23:27
sub_04458,asg_0180,stu_1346,sec_0030,2026-12-02 06:20:11
sub_04459,asg_0180,stu_0440,sec_0030,2026-12-05 15:09:47
sub_04460,asg_0180,stu_0020,sec_0030,2026-12-05 13:57:18
sub_04461,asg_0180,stu_0204,sec_0030,2026-12-06 20:52:58
sub_04462,asg_0180,stu_1362,sec_0030,2026-12-02 21:56:28
sub_04463,asg_0180,stu_0761,sec_0030,2026-12-01 20:41:54
sub_04464,asg_0180,stu_1104,sec_0030,2026-12-03 00:58:57
sub_04465,asg_0180,stu_0576,sec_0030,2026-12-04 13:17:18
sub_04466,asg_0181,stu_0225,sec_0031,2026-09-16 20:19:40
sub_04467,asg_0181,stu_0558,sec_0031,2026-09-16 14:44:20
sub_04468,asg_0181,stu_0100,sec_0031,2026-09-16 17:05:53
sub_04469,asg_0181,stu_0167,sec_0031,2026-09-16 21:54:37
sub_04470,asg_0181,stu_0591,sec_0031,2026-09-16 19:38:21
sub_04471,asg_0181,stu_0509,sec_0031,2026-09-16 18:54:21
sub_04472,asg_0181,stu_0443,sec_0031,2026-09-16 16:01:41
sub_04473,asg_0181,stu_0022,sec_0031,2026-09-16 13:21:32
sub_04474,asg_0181,stu_0581,sec_0031,2026-09-16 17:23:20
sub_04475,asg_0181,stu_0889,sec_0031,2026-09-16 12:21:16
sub_04476,asg_0181,stu_0694,sec_0031,2026-09-16 12:30:38
sub_04477,asg_0181,stu_1346,sec_0031,2026-09-16 18:23:28
sub_04478,asg_0181,stu_1214,sec_0031,2026-09-16 23:52:54
sub_04479,asg_0181,stu_0300,sec_0031,2026-09-16 15:30:51
sub_04480,asg_0181,stu_1005,sec_0031,2026-09-17 00:29:02
sub_04481,asg_0182,stu_0225,sec_0031,2026-10-01 01:12:13
sub_04482,asg_0182,stu_0558,sec_0031,2026-09-30 21:08:00
sub_04483,asg_0182,stu_0100,sec_0031,2026-09-30 16:18:32
sub_04484,asg_0182,stu_0167,sec_0031,2026-10-01 11:42:48
sub_04485,asg_0182,stu_0591,sec_0031,2026-10-01 08:17:29
sub_04486,asg_0182,stu_0509,sec_0031,2026-10-01 04:59:13
sub_04487,asg_0182,stu_0208,sec_0031,2026-10-01 00:07:03
sub_04488,asg_0182,stu_0443,sec_0031,2026-09-30 22:46:03
sub_04489,asg_0182,stu_0022,sec_0031,2026-09-30 16:42:17
sub_04490,asg_0182,stu_0581,sec_0031,2026-10-01 12:03:02
sub_04491,asg_0182,stu_0889,sec_0031,2026-10-01 12:15:15
sub_04492,asg_0182,stu_0484,sec_0031,2026-10-01 10:19:49
sub_04493,asg_0182,stu_1215,sec_0031,2026-09-30 21:06:36
sub_04494,asg_0182,stu_0694,sec_0031,2026-10-01 12:55:42
sub_04495,asg_0182,stu_1346,sec_0031,2026-10-01 11:10:36
sub_04496,asg_0182,stu_0908,sec_0031,2026-10-01 06:37:35
sub_04497,asg_0182,stu_1214,sec_0031,2026-10-01 01:10:34
sub_04498,asg_0182,stu_1005,sec_0031,2026-09-30 22:47:58
sub_04499,asg_0182,stu_0948,sec_0031,2026-10-01 13:16:25
sub_04500,asg_0183,stu_0225,sec_0031,2026-10-14 15:15:18
sub_04501,asg_0183,stu_0558,sec_0031,2026-10-14 18:53:21
sub_04502,asg_0183,stu_0167,sec_0031,2026-10-14 12:50:40
sub_04503,asg_0183,stu_1282,sec_0031,2026-10-14 23:16:31
sub_04504,asg_0183,stu_0591,sec_0031,2026-10-14 16:44:19
sub_04505,asg_0183,stu_1085,sec_0031,2026-10-14 23:14:22
sub_04506,asg_0183,stu_0509,sec_0031,2026-10-14 18:19:43
sub_04507,asg_0183,stu_0208,sec_0031,2026-10-14 22:43:56
sub_04508,asg_0183,stu_0581,sec_0031,2026-10-14 21:44:05
sub_04509,asg_0183,stu_0889,sec_0031,2026-10-14 19:33:02
sub_04510,asg_0183,stu_0484,sec_0031,2026-10-14 22:07:55
sub_04511,asg_0183,stu_1346,sec_0031,2026-10-14 13:39:11
sub_04512,asg_0183,stu_0908,sec_0031,2026-10-14 22:25:08
sub_04513,asg_0184,stu_0912,sec_0031,2026-10-29 01:13:43
sub_04514,asg_0184,stu_0100,sec_0031,2026-10-29 17:32:58
sub_04515,asg_0184,stu_0167,sec_0031,2026-10-29 04:10:23
sub_04516,asg_0184,stu_1282,sec_0031,2026-10-29 14:59:18
sub_04517,asg_0184,stu_0591,sec_0031,2026-10-29 04:02:47
sub_04518,asg_0184,stu_1085,sec_0031,2026-10-28 20:50:37
sub_04519,asg_0184,stu_0509,sec_0031,2026-10-28 23:37:43
sub_04520,asg_0184,stu_0208,sec_0031,2026-10-29 18:39:58
sub_04521,asg_0184,stu_0443,sec_0031,2026-10-29 08:01:03
sub_04522,asg_0184,stu_0022,sec_0031,2026-10-29 12:40:20
sub_04523,asg_0184,stu_0581,sec_0031,2026-10-28 23:24:45
sub_04524,asg_0184,stu_0484,sec_0031,2026-10-29 08:40:17
sub_04525,asg_0184,stu_1215,sec_0031,2026-10-29 07:55:51
sub_04526,asg_0184,stu_0694,sec_0031,2026-10-29 16:40:03
sub_04527,asg_0184,stu_1214,sec_0031,2026-10-29 19:56:53
sub_04528,asg_0184,stu_1005,sec_0031,2026-10-29 22:52:20
sub_04529,asg_0185,stu_0558,sec_0031,2026-11-11 10:16:14
sub_04530,asg_0185,stu_0912,sec_0031,2026-11-11 13:39:44
sub_04531,asg_0185,stu_0100,sec_0031,2026-11-11 03:55:58
sub_04532,asg_0185,stu_0167,sec_0031,2026-11-11 09:04:46
sub_04533,asg_0185,stu_1282,sec_0031,2026-11-11 03:50:09
sub_04534,asg_0185,stu_0591,sec_0031,2026-11-11 16:16:14
sub_04535,asg_0185,stu_0509,sec_0031,2026-11-11 13:36:31
sub_04536,asg_0185,stu_0208,sec_0031,2026-11-09 18:00:00
sub_04537,asg_0185,stu_0022,sec_0031,2026-11-11 07:22:49
sub_04538,asg_0185,stu_0581,sec_0031,2026-11-11 05:41:41
sub_04539,asg_0185,stu_0889,sec_0031,2026-11-11 12:33:08
sub_04540,asg_0185,stu_0484,sec_0031,2026-11-11 12:36:48
sub_04541,asg_0185,stu_1215,sec_0031,2026-11-11 07:04:12
sub_04542,asg_0185,stu_0951,sec_0031,2026-11-11 02:30:44
sub_04543,asg_0185,stu_0694,sec_0031,2026-11-11 11:16:09
sub_04544,asg_0185,stu_1346,sec_0031,2026-11-11 11:32:56
sub_04545,asg_0185,stu_0908,sec_0031,2026-11-11 13:06:30
sub_04546,asg_0185,stu_0300,sec_0031,2026-11-11 06:07:36
sub_04547,asg_0185,stu_1005,sec_0031,2026-11-11 15:38:38
sub_04548,asg_0186,stu_0225,sec_0031,2026-11-30 08:06:42
sub_04549,asg_0186,stu_0558,sec_0031,2026-12-03 17:33:15
sub_04550,asg_0186,stu_0100,sec_0031,2026-12-01 16:31:50
sub_04551,asg_0186,stu_0167,sec_0031,2026-11-30 01:54:20
sub_04552,asg_0186,stu_1282,sec_0031,2026-12-02 00:19:03
sub_04553,asg_0186,stu_0591,sec_0031,2026-12-04 10:00:36
sub_04554,asg_0186,stu_1085,sec_0031,2026-12-03 16:36:23
sub_04555,asg_0186,stu_0509,sec_0031,2026-12-01 21:15:59
sub_04556,asg_0186,stu_0208,sec_0031,2026-12-02 07:53:03
sub_04557,asg_0186,stu_0443,sec_0031,2026-11-30 08:47:41
sub_04558,asg_0186,stu_0022,sec_0031,2026-12-04 00:01:04
sub_04559,asg_0186,stu_0581,sec_0031,2026-12-01 18:16:55
sub_04560,asg_0186,stu_0484,sec_0031,2026-11-30 18:25:31
sub_04561,asg_0186,stu_1215,sec_0031,2026-11-30 02:00:02
sub_04562,asg_0186,stu_0951,sec_0031,2026-12-04 06:24:56
sub_04563,asg_0186,stu_0694,sec_0031,2026-12-05 10:07:33
sub_04564,asg_0186,stu_1346,sec_0031,2026-12-03 21:02:46
sub_04565,asg_0186,stu_0908,sec_0031,2026-12-05 12:03:35
sub_04566,asg_0186,stu_1214,sec_0031,2026-12-01 06:01:31
sub_04567,asg_0186,stu_0300,sec_0031,2026-12-05 12:41:25
sub_04568,asg_0186,stu_0948,sec_0031,2026-12-01 21:27:45
sub_04569,asg_0187,stu_0963,sec_0032,2026-09-25 16:47:31
sub_04570,asg_0187,stu_1197,sec_0032,2026-09-29 15:51:23
sub_04571,asg_0187,stu_0618,sec_0032,2026-10-01 17:33:13
sub_04572,asg_0187,stu_0052,sec_0032,2026-09-26 13:20:56
sub_04573,asg_0187,stu_0160,sec_0032,2026-10-01 09:49:12
sub_04574,asg_0187,stu_0441,sec_0032,2026-09-29 10:10:13
sub_04575,asg_0187,stu_1195,sec_0032,2026-09-25 08:49:40
sub_04576,asg_0187,stu_1169,sec_0032,2026-09-24 11:57:28
sub_04577,asg_0187,stu_0767,sec_0032,2026-09-24 10:37:07
sub_04578,asg_0187,stu_1324,sec_0032,2026-09-28 16:27:13
sub_04579,asg_0187,stu_0791,sec_0032,2026-09-25 15:18:59
sub_04580,asg_0187,stu_0287,sec_0032,2026-09-26 21:42:09
sub_04581,asg_0187,stu_1297,sec_0032,2026-09-25 14:09:05
sub_04582,asg_0187,stu_0739,sec_0032,2026-10-01 12:42:17
sub_04583,asg_0187,stu_0548,sec_0032,2026-09-28 06:05:01
sub_04584,asg_0187,stu_1178,sec_0032,2026-09-23 19:43:51
sub_04585,asg_0187,stu_0927,sec_0032,2026-09-29 02:13:16
sub_04586,asg_0187,stu_0383,sec_0032,2026-09-23 00:26:58
sub_04587,asg_0187,stu_0122,sec_0032,2026-09-30 10:00:55
sub_04588,asg_0187,stu_1103,sec_0032,2026-09-25 06:21:49
sub_04589,asg_0187,stu_0951,sec_0032,2026-10-01 02:40:05
sub_04590,asg_0187,stu_0836,sec_0032,2026-09-29 12:07:19
sub_04591,asg_0188,stu_0963,sec_0032,2026-09-30 21:22:43
sub_04592,asg_0188,stu_1197,sec_0032,2026-09-30 19:53:18
sub_04593,asg_0188,stu_0618,sec_0032,2026-09-30 15:17:37
sub_04594,asg_0188,stu_0052,sec_0032,2026-09-30 21:52:38
sub_04595,asg_0188,stu_0160,sec_0032,2026-09-30 18:50:57
sub_04596,asg_0188,stu_0441,sec_0032,2026-09-30 18:43:38
sub_04597,asg_0188,stu_1195,sec_0032,2026-09-30 17:12:48
sub_04598,asg_0188,stu_1169,sec_0032,2026-09-30 18:14:09
sub_04599,asg_0188,stu_0767,sec_0032,2026-09-30 17:41:40
sub_04600,asg_0188,stu_1324,sec_0032,2026-09-30 09:29:05
sub_04601,asg_0188,stu_0791,sec_0032,2026-09-30 18:58:59
sub_04602,asg_0188,stu_0287,sec_0032,2026-09-30 17:05:24
sub_04603,asg_0188,stu_1297,sec_0032,2026-09-30 17:05:29
sub_04604,asg_0188,stu_0739,sec_0032,2026-09-30 21:28:23
sub_04605,asg_0188,stu_0548,sec_0032,2026-09-30 13:20:05
sub_04606,asg_0188,stu_1178,sec_0032,2026-09-30 09:18:16
sub_04607,asg_0188,stu_0383,sec_0032,2026-09-30 13:08:33
sub_04608,asg_0188,stu_0122,sec_0032,2026-09-30 17:46:55
sub_04609,asg_0188,stu_1103,sec_0032,2026-09-30 11:08:11
sub_04610,asg_0188,stu_0951,sec_0032,2026-09-30 18:48:47
sub_04611,asg_0189,stu_0963,sec_0032,2026-10-21 02:37:03
sub_04612,asg_0189,stu_1197,sec_0032,2026-10-19 04:52:16
sub_04613,asg_0189,stu_0052,sec_0032,2026-10-20 09:37:06
sub_04614,asg_0189,stu_1195,sec_0032,2026-10-18 08:51:29
sub_04615,asg_0189,stu_1169,sec_0032,2026-10-20 09:18:50
sub_04616,asg_0189,stu_0767,sec_0032,2026-10-21 21:48:26
sub_04617,asg_0189,stu_1324,sec_0032,2026-10-18 07:32:10
sub_04618,asg_0189,stu_0791,sec_0032,2026-10-18 23:45:23
sub_04619,asg_0189,stu_0287,sec_0032,2026-10-18 06:21:00
sub_04620,asg_0189,stu_1297,sec_0032,2026-10-19 19:20:54
sub_04621,asg_0189,stu_0739,sec_0032,2026-10-17 13:46:59
sub_04622,asg_0189,stu_1178,sec_0032,2026-10-18 23:25:29
sub_04623,asg_0189,stu_0927,sec_0032,2026-10-18 18:21:32
sub_04624,asg_0189,stu_0383,sec_0032,2026-10-20 00:21:34
sub_04625,asg_0189,stu_0122,sec_0032,2026-10-21 16:08:43
sub_04626,asg_0189,stu_1103,sec_0032,2026-10-21 21:45:05
sub_04627,asg_0190,stu_0963,sec_0032,2026-10-31 17:45:49
sub_04628,asg_0190,stu_1197,sec_0032,2026-11-03 21:11:24
sub_04629,asg_0190,stu_0618,sec_0032,2026-10-31 12:54:30
sub_04630,asg_0190,stu_0052,sec_0032,2026-11-02 07:49:53
sub_04631,asg_0190,stu_0160,sec_0032,2026-11-03 15:45:50
sub_04632,asg_0190,stu_0441,sec_0032,2026-11-01 16:24:26
sub_04633,asg_0190,stu_1195,sec_0032,2026-11-03 22:08:03
sub_04634,asg_0190,stu_1169,sec_0032,2026-10-31 15:05:06
sub_04635,asg_0190,stu_0767,sec_0032,2026-11-01 19:30:51
sub_04636,asg_0190,stu_1324,sec_0032,2026-10-31 23:10:29
sub_04637,asg_0190,stu_0287,sec_0032,2026-11-01 07:17:59
sub_04638,asg_0190,stu_1297,sec_0032,2026-10-31 16:23:49
sub_04639,asg_0190,stu_0739,sec_0032,2026-11-02 06:18:26
sub_04640,asg_0190,stu_0548,sec_0032,2026-11-01 21:46:45
sub_04641,asg_0190,stu_1178,sec_0032,2026-11-01 18:30:56
sub_04642,asg_0190,stu_0383,sec_0032,2026-11-02 05:05:36
sub_04643,asg_0190,stu_0122,sec_0032,2026-11-01 12:35:31
sub_04644,asg_0190,stu_1103,sec_0032,2026-11-01 11:48:18
sub_04645,asg_0190,stu_0951,sec_0032,2026-11-01 01:03:10
sub_04646,asg_0190,stu_0836,sec_0032,2026-11-02 05:37:42
sub_04647,asg_0191,stu_0963,sec_0032,2026-11-11 17:14:12
sub_04648,asg_0191,stu_1197,sec_0032,2026-11-12 08:44:51
sub_04649,asg_0191,stu_0052,sec_0032,2026-11-11 19:08:06
sub_04650,asg_0191,stu_0441,sec_0032,2026-11-12 12:24:33
sub_04651,asg_0191,stu_1195,sec_0032,2026-11-12 12:48:00
sub_04652,asg_0191,stu_1169,sec_0032,2026-11-12 06:12:43
sub_04653,asg_0191,stu_0767,sec_0032,2026-11-11 23:53:41
sub_04654,asg_0191,stu_0791,sec_0032,2026-11-12 03:26:04
sub_04655,asg_0191,stu_0287,sec_0032,2026-11-12 05:21:31
sub_04656,asg_0191,stu_0739,sec_0032,2026-11-12 05:22:37
sub_04657,asg_0191,stu_0548,sec_0032,2026-11-12 11:22:26
sub_04658,asg_0191,stu_0927,sec_0032,2026-11-11 18:28:54
sub_04659,asg_0191,stu_0122,sec_0032,2026-11-11 20:29:08
sub_04660,asg_0191,stu_1103,sec_0032,2026-11-12 11:56:30
sub_04661,asg_0191,stu_0951,sec_0032,2026-11-12 07:02:01
sub_04662,asg_0191,stu_0836,sec_0032,2026-11-12 10:24:13
sub_04663,asg_0192,stu_0963,sec_0032,2026-12-01 18:51:59
sub_04664,asg_0192,stu_1197,sec_0032,2026-12-02 20:40:54
sub_04665,asg_0192,stu_0618,sec_0032,2026-12-04 16:47:28
sub_04666,asg_0192,stu_0052,sec_0032,2026-11-30 13:40:31
sub_04667,asg_0192,stu_1195,sec_0032,2026-12-01 07:49:47
sub_04668,asg_0192,stu_1169,sec_0032,2026-12-03 15:09:02
sub_04669,asg_0192,stu_0767,sec_0032,2026-12-03 06:26:41
sub_04670,asg_0192,stu_1324,sec_0032,2026-12-06 01:42:24
sub_04671,asg_0192,stu_0791,sec_0032,2026-12-05 17:23:05
sub_04672,asg_0192,stu_0287,sec_0032,2026-12-01 08:17:03
sub_04673,asg_0192,stu_1297,sec_0032,2026-11-30 18:42:25
sub_04674,asg_0192,stu_0739,sec_0032,2026-12-03 00:28:35
sub_04675,asg_0192,stu_0548,sec_0032,2026-12-01 15:37:57
sub_04676,asg_0192,stu_1178,sec_0032,2026-12-05 23:02:20
sub_04677,asg_0192,stu_0927,sec_0032,2026-12-06 04:04:14
sub_04678,asg_0192,stu_0383,sec_0032,2026-12-04 12:47:02
sub_04679,asg_0192,stu_0122,sec_0032,2026-11-30 12:45:14
sub_04680,asg_0192,stu_1103,sec_0032,2026-12-01 15:31:39
sub_04681,asg_0192,stu_0836,sec_0032,2026-12-06 21:37:18
sub_04682,asg_0193,stu_0383,sec_0033,2026-09-17 09:04:53
sub_04683,asg_0193,stu_0847,sec_0033,2026-09-16 18:50:30
sub_04684,asg_0193,stu_0660,sec_0033,2026-09-17 17:14:56
sub_04685,asg_0193,stu_1310,sec_0033,2026-09-17 18:27:53
sub_04686,asg_0193,stu_0574,sec_0033,2026-09-17 12:25:23
sub_04687,asg_0193,stu_1142,sec_0033,2026-09-17 04:13:35
sub_04688,asg_0193,stu_0890,sec_0033,2026-09-17 01:45:17
sub_04689,asg_0193,stu_1043,sec_0033,2026-09-17 12:59:50
sub_04690,asg_0193,stu_0412,sec_0033,2026-09-17 19:28:56
sub_04691,asg_0193,stu_0881,sec_0033,2026-09-17 18:14:59
sub_04692,asg_0193,stu_0806,sec_0033,2026-09-17 07:17:28
sub_04693,asg_0193,stu_0713,sec_0033,2026-09-17 11:07:09
sub_04694,asg_0193,stu_0379,sec_0033,2026-09-17 19:55:03
sub_04695,asg_0193,stu_1205,sec_0033,2026-09-17 02:18:06
sub_04696,asg_0193,stu_0196,sec_0033,2026-09-17 13:05:29
sub_04697,asg_0193,stu_1255,sec_0033,2026-09-17 16:28:21
sub_04698,asg_0193,stu_0458,sec_0033,2026-09-17 07:42:43
sub_04699,asg_0193,stu_0356,sec_0033,2026-09-16 22:20:38
sub_04700,asg_0193,stu_0647,sec_0033,2026-09-17 00:14:35
sub_04701,asg_0193,stu_1012,sec_0033,2026-09-17 07:18:11
sub_04702,asg_0193,stu_0855,sec_0033,2026-09-17 09:06:10
sub_04703,asg_0193,stu_0606,sec_0033,2026-09-17 17:12:55
sub_04704,asg_0193,stu_1148,sec_0033,2026-09-17 18:03:36
sub_04705,asg_0193,stu_1068,sec_0033,2026-09-17 04:13:11
sub_04706,asg_0193,stu_0075,sec_0033,2026-09-17 14:30:07
sub_04707,asg_0193,stu_1052,sec_0033,2026-09-17 04:58:59
sub_04708,asg_0194,stu_0643,sec_0033,2026-10-04 19:47:21
sub_04709,asg_0194,stu_0847,sec_0033,2026-10-07 18:01:01
sub_04710,asg_0194,stu_0660,sec_0033,2026-10-07 13:24:53
sub_04711,asg_0194,stu_0607,sec_0033,2026-10-07 12:33:17
sub_04712,asg_0194,stu_1310,sec_0033,2026-10-04 14:09:50
sub_04713,asg_0194,stu_0466,sec_0033,2026-10-05 09:21:50
sub_04714,asg_0194,stu_0162,sec_0033,2026-10-05 00:45:49
sub_04715,asg_0194,stu_0574,sec_0033,2026-10-08 12:03:55
sub_04716,asg_0194,stu_1142,sec_0033,2026-10-07 16:01:20
sub_04717,asg_0194,stu_0539,sec_0033,2026-10-05 06:58:51
sub_04718,asg_0194,stu_1082,sec_0033,2026-10-06 17:30:54
sub_04719,asg_0194,stu_1043,sec_0033,2026-10-04 18:55:08
sub_04720,asg_0194,stu_0623,sec_0033,2026-10-05 16:37:34
sub_04721,asg_0194,stu_0881,sec_0033,2026-10-07 06:53:45
sub_04722,asg_0194,stu_0806,sec_0033,2026-10-05 13:22:36
sub_04723,asg_0194,stu_0713,sec_0033,2026-10-05 13:29:17
sub_04724,asg_0194,stu_1207,sec_0033,2026-10-08 09:03:28
sub_04725,asg_0194,stu_0779,sec_0033,2026-10-06 22:27:23
sub_04726,asg_0194,stu_1205,sec_0033,2026-10-07 09:12:07
sub_04727,asg_0194,stu_0835,sec_0033,2026-10-07 17:35:15
sub_04728,asg_0194,stu_0196,sec_0033,2026-10-06 19:08:01
sub_04729,asg_0194,stu_1255,sec_0033,2026-10-04 21:28:26
sub_04730,asg_0194,stu_1221,sec_0033,2026-10-08 10:16:10
sub_04731,asg_0194,stu_0458,sec_0033,2026-10-03 21:48:15
sub_04732,asg_0194,stu_0356,sec_0033,2026-10-06 02:11:17
sub_04733,asg_0194,stu_0647,sec_0033,2026-10-07 01:45:40
sub_04734,asg_0194,stu_1075,sec_0033,2026-10-07 07:28:51
sub_04735,asg_0194,stu_0010,sec_0033,2026-10-04 11:45:39
sub_04736,asg_0194,stu_0739,sec_0033,2026-10-04 05:14:05
sub_04737,asg_0194,stu_0226,sec_0033,2026-10-08 03:47:51
sub_04738,asg_0194,stu_1012,sec_0033,2026-10-07 16:50:10
sub_04739,asg_0194,stu_0855,sec_0033,2026-10-07 00:03:31
sub_04740,asg_0194,stu_0606,sec_0033,2026-10-07 20:25:57
sub_04741,asg_0194,stu_0933,sec_0033,2026-10-05 18:33:38
sub_04742,asg_0194,stu_1148,sec_0033,2026-10-08 08:44:17
sub_04743,asg_0194,stu_1068,sec_0033,2026-10-07 01:21:35
sub_04744,asg_0194,stu_1287,sec_0033,2026-10-06 16:42:53
sub_04745,asg_0194,stu_1052,sec_0033,2026-10-08 03:28:06
sub_04746,asg_0195,stu_0643,sec_0033,2026-10-23 04:59:05
sub_04747,asg_0195,stu_0383,sec_0033,2026-10-18 23:39:25
sub_04748,asg_0195,stu_0847,sec_0033,2026-10-22 23:29:33
sub_04749,asg_0195,stu_0660,sec_0033,2026-10-19 11:06:24
sub_04750,asg_0195,stu_0607,sec_0033,2026-10-21 05:45:57
sub_04751,asg_0195,stu_1310,sec_0033,2026-10-24 09:47:56
sub_04752,asg_0195,stu_0466,sec_0033,2026-10-22 22:19:17
sub_04753,asg_0195,stu_0162,sec_0033,2026-10-24 13:38:06
sub_04754,asg_0195,stu_0574,sec_0033,2026-10-19 15:16:19
sub_04755,asg_0195,stu_1142,sec_0033,2026-10-24 05:59:44
sub_04756,asg_0195,stu_0539,sec_0033,2026-10-20 05:56:56
sub_04757,asg_0195,stu_1082,sec_0033,2026-10-19 21:36:19
sub_04758,asg_0195,stu_0890,sec_0033,2026-10-23 12:24:22
sub_04759,asg_0195,stu_1043,sec_0033,2026-10-23 23:40:33
sub_04760,asg_0195,stu_0412,sec_0033,2026-10-19 21:42:07
sub_04761,asg_0195,stu_0623,sec_0033,2026-10-22 15:19:22
sub_04762,asg_0195,stu_0881,sec_0033,2026-10-22 09:57:54
sub_04763,asg_0195,stu_0806,sec_0033,2026-10-23 23:48:34
sub_04764,asg_0195,stu_0780,sec_0033,2026-10-20 02:31:35
sub_04765,asg_0195,stu_0713,sec_0033,2026-10-24 02:14:31
sub_04766,asg_0195,stu_0379,sec_0033,2026-10-19 02:43:19
sub_04767,asg_0195,stu_1207,sec_0033,2026-10-23 02:52:44
sub_04768,asg_0195,stu_0779,sec_0033,2026-10-22 19:46:23
sub_04769,asg_0195,stu_1205,sec_0033,2026-10-22 16:52:49
sub_04770,asg_0195,stu_0835,sec_0033,2026-10-22 10:00:02
sub_04771,asg_0195,stu_0196,sec_0033,2026-10-23 12:28:19
sub_04772,asg_0195,stu_1133,sec_0033,2026-10-24 04:24:58
sub_04773,asg_0195,stu_1255,sec_0033,2026-10-24 09:25:33
sub_04774,asg_0195,stu_1221,sec_0033,2026-10-20 10:18:10
sub_04775,asg_0195,stu_0458,sec_0033,2026-10-18 16:15:55
sub_04776,asg_0195,stu_0356,sec_0033,2026-10-20 21:51:59
sub_04777,asg_0195,stu_0647,sec_0033,2026-10-20 11:32:18
sub_04778,asg_0195,stu_0010,sec_0033,2026-10-21 13:18:19
sub_04779,asg_0195,stu_0739,sec_0033,2026-10-23 04:11:27
sub_04780,asg_0195,stu_0226,sec_0033,2026-10-21 04:27:39
sub_04781,asg_0195,stu_1012,sec_0033,2026-10-19 06:59:20
sub_04782,asg_0195,stu_0855,sec_0033,2026-10-18 21:23:24
sub_04783,asg_0195,stu_0606,sec_0033,2026-10-19 07:35:08
sub_04784,asg_0195,stu_0933,sec_0033,2026-10-22 03:48:39
sub_04785,asg_0195,stu_1148,sec_0033,2026-10-24 07:09:09
sub_04786,asg_0195,stu_1068,sec_0033,2026-10-24 09:16:55
sub_04787,asg_0195,stu_0075,sec_0033,2026-10-20 03:24:47
sub_04788,asg_0195,stu_1287,sec_0033,2026-10-22 14:10:04
sub_04789,asg_0195,stu_1052,sec_0033,2026-10-20 16:14:26
sub_04790,asg_0196,stu_0643,sec_0033,2026-11-03 12:31:49
sub_04791,asg_0196,stu_0383,sec_0033,2026-11-04 06:37:56
sub_04792,asg_0196,stu_0847,sec_0033,2026-11-03 07:45:19
sub_04793,asg_0196,stu_0660,sec_0033,2026-11-03 02:49:11
sub_04794,asg_0196,stu_0607,sec_0033,2026-11-02 12:31:45
sub_04795,asg_0196,stu_1310,sec_0033,2026-11-04 23:29:01
sub_04796,asg_0196,stu_0466,sec_0033,2026-11-06 16:33:53
sub_04797,asg_0196,stu_0162,sec_0033,2026-11-06 11:13:26
sub_04798,asg_0196,stu_0574,sec_0033,2026-11-01 23:17:43
sub_04799,asg_0196,stu_1142,sec_0033,2026-11-06 12:08:46
sub_04800,asg_0196,stu_0539,sec_0033,2026-11-02 08:54:59
sub_04801,asg_0196,stu_1082,sec_0033,2026-11-06 17:40:01
sub_04802,asg_0196,stu_0890,sec_0033,2026-11-05 01:45:59
sub_04803,asg_0196,stu_1043,sec_0033,2026-11-06 03:27:23
sub_04804,asg_0196,stu_0412,sec_0033,2026-11-01 11:01:18
sub_04805,asg_0196,stu_0623,sec_0033,2026-11-02 18:44:24
sub_04806,asg_0196,stu_0881,sec_0033,2026-11-06 16:01:02
sub_04807,asg_0196,stu_0806,sec_0033,2026-11-01 10:18:33
sub_04808,asg_0196,stu_0780,sec_0033,2026-11-02 16:28:55
sub_04809,asg_0196,stu_0713,sec_0033,2026-11-03 13:55:41
sub_04810,asg_0196,stu_0379,sec_0033,2026-11-06 07:30:00
sub_04811,asg_0196,stu_1207,sec_0033,2026-11-03 03:13:10
sub_04812,asg_0196,stu_0779,sec_0033,2026-11-06 07:13:01
sub_04813,asg_0196,stu_1205,sec_0033,2026-11-03 18:36:54
sub_04814,asg_0196,stu_0835,sec_0033,2026-11-06 05:03:09
sub_04815,asg_0196,stu_0196,sec_0033,2026-11-01 21:12:34
sub_04816,asg_0196,stu_1133,sec_0033,2026-11-01 15:34:24
sub_04817,asg_0196,stu_1255,sec_0033,2026-11-06 18:07:44
sub_04818,asg_0196,stu_0458,sec_0033,2026-11-05 08:29:01
sub_04819,asg_0196,stu_0356,sec_0033,2026-11-06 18:00:56
sub_04820,asg_0196,stu_0647,sec_0033,2026-11-02 04:30:54
sub_04821,asg_0196,stu_1075,sec_0033,2026-11-02 04:45:06
sub_04822,asg_0196,stu_0010,sec_0033,2026-11-03 14:23:36
sub_04823,asg_0196,stu_0739,sec_0033,2026-11-05 22:25:37
sub_04824,asg_0196,stu_0226,sec_0033,2026-11-06 19:34:31
sub_04825,asg_0196,stu_1012,sec_0033,2026-11-04 08:18:08
sub_04826,asg_0196,stu_0855,sec_0033,2026-11-04 01:09:56
sub_04827,asg_0196,stu_0606,sec_0033,2026-11-02 05:26:00
sub_04828,asg_0196,stu_0933,sec_0033,2026-11-05 15:34:25
sub_04829,asg_0196,stu_1148,sec_0033,2026-10-27 11:00:00
sub_04830,asg_0196,stu_1068,sec_0033,2026-11-06 19:10:09
sub_04831,asg_0196,stu_0075,sec_0033,2026-11-03 20:20:30
sub_04832,asg_0196,stu_1287,sec_0033,2026-11-03 02:09:42
sub_04833,asg_0196,stu_1052,sec_0033,2026-11-02 03:25:32
sub_04834,asg_0197,stu_0643,sec_0033,2026-11-18 06:55:44
sub_04835,asg_0197,stu_0383,sec_0033,2026-11-19 10:06:09
sub_04836,asg_0197,stu_0660,sec_0033,2026-11-18 23:10:49
sub_04837,asg_0197,stu_0607,sec_0033,2026-11-24 13:18:21
sub_04838,asg_0197,stu_1310,sec_0033,2026-11-22 11:47:48
sub_04839,asg_0197,stu_0466,sec_0033,2026-11-22 04:59:07
sub_04840,asg_0197,stu_0162,sec_0033,2026-11-23 08:28:41
sub_04841,asg_0197,stu_0574,sec_0033,2026-11-24 21:01:59
sub_04842,asg_0197,stu_1142,sec_0033,2026-11-20 21:42:19
sub_04843,asg_0197,stu_0539,sec_0033,2026-11-25 10:56:16
sub_04844,asg_0197,stu_1082,sec_0033,2026-11-20 03:19:49
sub_04845,asg_0197,stu_0890,sec_0033,2026-11-25 17:03:43
sub_04846,asg_0197,stu_1043,sec_0033,2026-11-23 16:36:34
sub_04847,asg_0197,stu_0412,sec_0033,2026-11-20 04:15:10
sub_04848,asg_0197,stu_0623,sec_0033,2026-11-19 10:13:25
sub_04849,asg_0197,stu_0881,sec_0033,2026-11-22 18:07:26
sub_04850,asg_0197,stu_0806,sec_0033,2026-11-20 15:03:14
sub_04851,asg_0197,stu_0780,sec_0033,2026-11-25 21:49:14
sub_04852,asg_0197,stu_0713,sec_0033,2026-11-24 13:09:38
sub_04853,asg_0197,stu_0379,sec_0033,2026-11-24 19:44:56
sub_04854,asg_0197,stu_1207,sec_0033,2026-11-25 08:14:39
sub_04855,asg_0197,stu_0779,sec_0033,2026-11-22 09:00:18
sub_04856,asg_0197,stu_1205,sec_0033,2026-11-19 20:58:38
sub_04857,asg_0197,stu_0835,sec_0033,2026-11-18 21:33:51
sub_04858,asg_0197,stu_0196,sec_0033,2026-11-24 19:56:00
sub_04859,asg_0197,stu_1255,sec_0033,2026-11-25 07:46:44
sub_04860,asg_0197,stu_1221,sec_0033,2026-11-24 03:11:28
sub_04861,asg_0197,stu_0458,sec_0033,2026-11-24 15:35:24
sub_04862,asg_0197,stu_0356,sec_0033,2026-11-25 19:46:52
sub_04863,asg_0197,stu_0647,sec_0033,2026-11-19 18:27:49
sub_04864,asg_0197,stu_1075,sec_0033,2026-11-25 13:24:51
sub_04865,asg_0197,stu_0010,sec_0033,2026-11-22 01:42:44
sub_04866,asg_0197,stu_0739,sec_0033,2026-11-19 15:38:07
sub_04867,asg_0197,stu_0226,sec_0033,2026-11-22 11:57:16
sub_04868,asg_0197,stu_1012,sec_0033,2026-11-19 09:58:14
sub_04869,asg_0197,stu_0855,sec_0033,2026-11-25 01:35:58
sub_04870,asg_0197,stu_0606,sec_0033,2026-11-22 05:55:33
sub_04871,asg_0197,stu_0933,sec_0033,2026-11-18 02:02:47
sub_04872,asg_0197,stu_1148,sec_0033,2026-11-25 15:44:42
sub_04873,asg_0197,stu_1068,sec_0033,2026-11-17 20:47:01
sub_04874,asg_0197,stu_0075,sec_0033,2026-11-24 15:39:29
sub_04875,asg_0197,stu_1287,sec_0033,2026-11-24 12:07:04
sub_04876,asg_0197,stu_1052,sec_0033,2026-11-24 13:54:32
sub_04877,asg_0198,stu_0643,sec_0033,2026-12-10 08:40:13
sub_04878,asg_0198,stu_0383,sec_0033,2026-12-07 09:39:23
sub_04879,asg_0198,stu_0847,sec_0033,2026-12-09 14:36:17
sub_04880,asg_0198,stu_0660,sec_0033,2026-12-05 09:45:29
sub_04881,asg_0198,stu_0607,sec_0033,2026-12-02 19:15:43
sub_04882,asg_0198,stu_1310,sec_0033,2026-12-02 17:27:52
sub_04883,asg_0198,stu_0466,sec_0033,2026-12-02 18:06:44
sub_04884,asg_0198,stu_0162,sec_0033,2026-12-10 12:54:35
sub_04885,asg_0198,stu_0574,sec_0033,2026-12-08 10:15:18
sub_04886,asg_0198,stu_1142,sec_0033,2026-12-05 11:13:34
sub_04887,asg_0198,stu_0539,sec_0033,2026-12-07 08:37:19
sub_04888,asg_0198,stu_1082,sec_0033,2026-12-09 20:49:38
sub_04889,asg_0198,stu_1043,sec_0033,2026-12-05 08:17:55
sub_04890,asg_0198,stu_0412,sec_0033,2026-12-02 13:40:13
sub_04891,asg_0198,stu_0623,sec_0033,2026-12-05 11:42:42
sub_04892,asg_0198,stu_0806,sec_0033,2026-12-03 06:02:45
sub_04893,asg_0198,stu_0780,sec_0033,2026-12-07 22:15:52
sub_04894,asg_0198,stu_0713,sec_0033,2026-12-07 05:37:16
sub_04895,asg_0198,stu_0379,sec_0033,2026-12-04 16:42:17
sub_04896,asg_0198,stu_1207,sec_0033,2026-12-08 03:27:30
sub_04897,asg_0198,stu_0779,sec_0033,2026-12-03 09:51:48
sub_04898,asg_0198,stu_1205,sec_0033,2026-12-04 19:33:30
sub_04899,asg_0198,stu_0835,sec_0033,2026-12-08 07:03:13
sub_04900,asg_0198,stu_0196,sec_0033,2026-12-10 06:43:26
sub_04901,asg_0198,stu_1133,sec_0033,2026-12-07 18:03:50
sub_04902,asg_0198,stu_1255,sec_0033,2026-12-02 11:50:01
sub_04903,asg_0198,stu_1221,sec_0033,2026-12-03 12:49:35
sub_04904,asg_0198,stu_0458,sec_0033,2026-12-04 21:46:13
sub_04905,asg_0198,stu_0356,sec_0033,2026-12-07 00:37:41
sub_04906,asg_0198,stu_0647,sec_0033,2026-12-02 18:52:53
sub_04907,asg_0198,stu_1075,sec_0033,2026-12-02 23:42:58
sub_04908,asg_0198,stu_0010,sec_0033,2026-12-06 14:32:45
sub_04909,asg_0198,stu_0739,sec_0033,2026-12-07 05:00:01
sub_04910,asg_0198,stu_0226,sec_0033,2026-12-03 13:46:40
sub_04911,asg_0198,stu_1012,sec_0033,2026-12-10 19:22:13
sub_04912,asg_0198,stu_0855,sec_0033,2026-12-04 12:18:03
sub_04913,asg_0198,stu_0606,sec_0033,2026-12-03 18:00:13
sub_04914,asg_0198,stu_0933,sec_0033,2026-12-10 21:22:21
sub_04915,asg_0198,stu_1148,sec_0033,2026-12-03 17:48:27
sub_04916,asg_0198,stu_1068,sec_0033,2026-12-02 16:24:33
sub_04917,asg_0198,stu_0075,sec_0033,2026-12-07 03:32:13
sub_04918,asg_0198,stu_1287,sec_0033,2026-12-07 17:35:36
sub_04919,asg_0198,stu_1052,sec_0033,2026-12-04 23:16:09
sub_04920,asg_0199,stu_0301,sec_0034,2026-09-16 16:49:54
sub_04921,asg_0199,stu_0513,sec_0034,2026-09-16 20:54:07
sub_04922,asg_0199,stu_1136,sec_0034,2026-09-16 17:46:18
sub_04923,asg_0199,stu_0355,sec_0034,2026-09-16 09:30:07
sub_04924,asg_0199,stu_0860,sec_0034,2026-09-16 14:59:50
sub_04925,asg_0199,stu_0616,sec_0034,2026-09-16 09:58:11
sub_04926,asg_0199,stu_0392,sec_0034,2026-09-16 10:14:32
sub_04927,asg_0199,stu_0212,sec_0034,2026-09-16 15:54:18
sub_04928,asg_0199,stu_0739,sec_0034,2026-09-16 18:40:16
sub_04929,asg_0199,stu_0953,sec_0034,2026-09-16 11:24:21
sub_04930,asg_0199,stu_0574,sec_0034,2026-09-16 20:37:57
sub_04931,asg_0199,stu_0029,sec_0034,2026-09-16 12:10:39
sub_04932,asg_0199,stu_0543,sec_0034,2026-09-16 14:10:12
sub_04933,asg_0199,stu_0313,sec_0034,2026-09-16 14:51:32
sub_04934,asg_0199,stu_0914,sec_0034,2026-09-15 13:00:00
sub_04935,asg_0199,stu_0827,sec_0034,2026-09-16 18:35:24
sub_04936,asg_0199,stu_0296,sec_0034,2026-09-16 08:04:04
sub_04937,asg_0199,stu_1231,sec_0034,2026-09-16 09:36:14
sub_04938,asg_0199,stu_0578,sec_0034,2026-09-16 13:13:57
sub_04939,asg_0199,stu_1130,sec_0034,2026-09-16 19:38:18
sub_04940,asg_0199,stu_0732,sec_0034,2026-09-16 14:40:21
sub_04941,asg_0199,stu_0808,sec_0034,2026-09-16 15:02:23
sub_04942,asg_0200,stu_0301,sec_0034,2026-10-05 06:11:36
sub_04943,asg_0200,stu_0513,sec_0034,2026-10-05 14:51:26
sub_04944,asg_0200,stu_0989,sec_0034,2026-10-06 01:46:53
sub_04945,asg_0200,stu_1136,sec_0034,2026-10-04 17:57:01
sub_04946,asg_0200,stu_0355,sec_0034,2026-10-05 14:33:18
sub_04947,asg_0200,stu_0860,sec_0034,2026-10-06 20:32:20
sub_04948,asg_0200,stu_0348,sec_0034,2026-10-05 09:30:46
sub_04949,asg_0200,stu_0616,sec_0034,2026-10-06 15:45:20
sub_04950,asg_0200,stu_0392,sec_0034,2026-10-04 00:43:26
sub_04951,asg_0200,stu_0212,sec_0034,2026-10-06 05:02:58
sub_04952,asg_0200,stu_0739,sec_0034,2026-10-03 20:00:24
sub_04953,asg_0200,stu_0953,sec_0034,2026-10-03 18:47:24
sub_04954,asg_0200,stu_0574,sec_0034,2026-10-04 16:28:53
sub_04955,asg_0200,stu_0029,sec_0034,2026-10-03 05:07:02
sub_04956,asg_0200,stu_0543,sec_0034,2026-10-05 20:25:33
sub_04957,asg_0200,stu_0313,sec_0034,2026-10-03 19:18:20
sub_04958,asg_0200,stu_0914,sec_0034,2026-10-03 20:31:12
sub_04959,asg_0200,stu_0827,sec_0034,2026-10-04 09:16:56
sub_04960,asg_0200,stu_0296,sec_0034,2026-10-06 04:55:42
sub_04961,asg_0200,stu_1231,sec_0034,2026-10-06 00:32:05
sub_04962,asg_0200,stu_0578,sec_0034,2026-10-03 15:29:24
sub_04963,asg_0200,stu_0796,sec_0034,2026-10-05 03:13:29
sub_04964,asg_0200,stu_0808,sec_0034,2026-10-05 23:17:01
sub_04965,asg_0201,stu_0513,sec_0034,2026-10-14 11:45:21
sub_04966,asg_0201,stu_0989,sec_0034,2026-10-14 07:31:58
sub_04967,asg_0201,stu_1136,sec_0034,2026-10-14 06:48:06
sub_04968,asg_0201,stu_0355,sec_0034,2026-10-14 15:28:38
sub_04969,asg_0201,stu_0860,sec_0034,2026-10-14 06:32:34
sub_04970,asg_0201,stu_0348,sec_0034,2026-10-14 09:06:58
sub_04971,asg_0201,stu_0616,sec_0034,2026-10-14 16:08:27
sub_04972,asg_0201,stu_0392,sec_0034,2026-10-14 10:37:36
sub_04973,asg_0201,stu_0212,sec_0034,2026-10-14 15:20:31
sub_04974,asg_0201,stu_0739,sec_0034,2026-10-14 07:30:58
sub_04975,asg_0201,stu_0953,sec_0034,2026-10-14 06:14:23
sub_04976,asg_0201,stu_0574,sec_0034,2026-10-14 07:21:08
sub_04977,asg_0201,stu_0029,sec_0034,2026-10-14 14:14:29
sub_04978,asg_0201,stu_0313,sec_0034,2026-10-14 14:04:35
sub_04979,asg_0201,stu_0914,sec_0034,2026-10-14 07:29:32
sub_04980,asg_0201,stu_0827,sec_0034,2026-10-14 09:24:01
sub_04981,asg_0201,stu_0296,sec_0034,2026-10-14 11:12:32
sub_04982,asg_0201,stu_1231,sec_0034,2026-10-14 06:30:34
sub_04983,asg_0201,stu_0578,sec_0034,2026-10-14 15:29:51
sub_04984,asg_0201,stu_0796,sec_0034,2026-10-14 07:43:42
sub_04985,asg_0201,stu_0732,sec_0034,2026-10-14 18:51:16
sub_04986,asg_0201,stu_1134,sec_0034,2026-10-14 07:09:07
sub_04987,asg_0201,stu_0808,sec_0034,2026-10-14 09:25:03
sub_04988,asg_0202,stu_0301,sec_0034,2026-11-06 02:04:10
sub_04989,asg_0202,stu_0513,sec_0034,2026-11-03 05:43:14
sub_04990,asg_0202,stu_0989,sec_0034,2026-11-06 18:26:58
sub_04991,asg_0202,stu_1136,sec_0034,2026-11-06 10:38:14
sub_04992,asg_0202,stu_0860,sec_0034,2026-11-05 13:16:58
sub_04993,asg_0202,stu_0348,sec_0034,2026-11-07 05:00:27
sub_04994,asg_0202,stu_0616,sec_0034,2026-11-06 11:03:58
sub_04995,asg_0202,stu_0392,sec_0034,2026-11-06 00:42:08
sub_04996,asg_0202,stu_0212,sec_0034,2026-11-06 17:22:06
sub_04997,asg_0202,stu_0739,sec_0034,2026-11-05 19:02:43
sub_04998,asg_0202,stu_0953,sec_0034,2026-11-01 20:18:09
sub_04999,asg_0202,stu_0574,sec_0034,2026-11-05 18:26:28
sub_05000,asg_0202,stu_0029,sec_0034,2026-11-06 22:41:34
sub_05001,asg_0202,stu_0543,sec_0034,2026-11-05 16:53:14
sub_05002,asg_0202,stu_0313,sec_0034,2026-11-07 04:02:09
sub_05003,asg_0202,stu_0914,sec_0034,2026-11-02 09:25:52
sub_05004,asg_0202,stu_0827,sec_0034,2026-11-04 15:22:27
sub_05005,asg_0202,stu_0296,sec_0034,2026-11-07 13:22:39
sub_05006,asg_0202,stu_1231,sec_0034,2026-11-06 03:42:54
sub_05007,asg_0202,stu_0578,sec_0034,2026-11-03 12:17:46
sub_05008,asg_0202,stu_1130,sec_0034,2026-11-04 15:46:00
sub_05009,asg_0202,stu_0732,sec_0034,2026-11-04 14:36:03
sub_05010,asg_0203,stu_0301,sec_0034,2026-11-11 14:44:29
sub_05011,asg_0203,stu_0989,sec_0034,2026-11-11 13:21:17
sub_05012,asg_0203,stu_1136,sec_0034,2026-11-11 11:49:58
sub_05013,asg_0203,stu_0355,sec_0034,2026-11-11 19:08:06
sub_05014,asg_0203,stu_0860,sec_0034,2026-11-11 14:31:45
sub_05015,asg_0203,stu_0348,sec_0034,2026-11-11 23:50:50
sub_05016,asg_0203,stu_0392,sec_0034,2026-11-11 20:17:40
sub_05017,asg_0203,stu_0212,sec_0034,2026-11-11 16:30:34
sub_05018,asg_0203,stu_0739,sec_0034,2026-11-11 12:05:38
sub_05019,asg_0203,stu_0953,sec_0034,2026-11-11 23:23:24
sub_05020,asg_0203,stu_0574,sec_0034,2026-11-11 16:48:35
sub_05021,asg_0203,stu_0029,sec_0034,2026-11-11 23:39:39
sub_05022,asg_0203,stu_0543,sec_0034,2026-11-11 22:05:36
sub_05023,asg_0203,stu_0914,sec_0034,2026-11-11 18:20:32
sub_05024,asg_0203,stu_1231,sec_0034,2026-11-11 15:53:47
sub_05025,asg_0203,stu_1130,sec_0034,2026-11-11 17:15:21
sub_05026,asg_0203,stu_0796,sec_0034,2026-11-11 12:33:45
sub_05027,asg_0203,stu_0732,sec_0034,2026-11-11 17:33:51
sub_05028,asg_0203,stu_1134,sec_0034,2026-11-11 12:33:54
sub_05029,asg_0203,stu_0808,sec_0034,2026-11-11 18:13:07
sub_05030,asg_0204,stu_0301,sec_0034,2026-12-03 01:34:46
sub_05031,asg_0204,stu_0513,sec_0034,2026-12-07 06:10:58
sub_05032,asg_0204,stu_0989,sec_0034,2026-12-09 07:55:58
sub_05033,asg_0204,stu_1136,sec_0034,2026-12-03 16:40:48
sub_05034,asg_0204,stu_0355,sec_0034,2026-12-08 11:11:00
sub_05035,asg_0204,stu_0860,sec_0034,2026-12-04 23:26:56
sub_05036,asg_0204,stu_0348,sec_0034,2026-12-03 09:47:31
sub_05037,asg_0204,stu_0616,sec_0034,2026-12-08 23:24:56
sub_05038,asg_0204,stu_0392,sec_0034,2026-11-30 20:46:09
sub_05039,asg_0204,stu_0212,sec_0034,2026-12-05 14:23:33
sub_05040,asg_0204,stu_0953,sec_0034,2026-12-04 12:06:53
sub_05041,asg_0204,stu_0574,sec_0034,2026-12-06 11:09:45
sub_05042,asg_0204,stu_0029,sec_0034,2026-12-07 03:20:22
sub_05043,asg_0204,stu_0543,sec_0034,2026-12-08 21:55:29
sub_05044,asg_0204,stu_0313,sec_0034,2026-12-04 23:22:13
sub_05045,asg_0204,stu_0914,sec_0034,2026-12-08 12:45:51
sub_05046,asg_0204,stu_0827,sec_0034,2026-12-07 15:58:45
sub_05047,asg_0204,stu_0296,sec_0034,2026-12-01 19:24:57
sub_05048,asg_0204,stu_1231,sec_0034,2026-12-04 00:32:19
sub_05049,asg_0204,stu_0578,sec_0034,2026-12-05 19:47:31
sub_05050,asg_0204,stu_1130,sec_0034,2026-12-07 02:03:02
sub_05051,asg_0204,stu_0796,sec_0034,2026-12-09 08:50:31
sub_05052,asg_0204,stu_0732,sec_0034,2026-12-02 08:37:35
sub_05053,asg_0204,stu_1134,sec_0034,2026-12-04 08:11:06
sub_05054,asg_0205,stu_0450,sec_0035,2026-09-16 23:13:33
sub_05055,asg_0205,stu_0229,sec_0035,2026-09-16 16:47:09
sub_05056,asg_0205,stu_0788,sec_0035,2026-09-16 20:48:44
sub_05057,asg_0205,stu_1084,sec_0035,2026-09-16 23:37:28
sub_05058,asg_0205,stu_0133,sec_0035,2026-09-16 11:41:06
sub_05059,asg_0205,stu_1035,sec_0035,2026-09-16 11:15:22
sub_05060,asg_0205,stu_1115,sec_0035,2026-09-16 19:56:43
sub_05061,asg_0205,stu_0440,sec_0035,2026-09-16 18:26:08
sub_05062,asg_0205,stu_0687,sec_0035,2026-09-16 16:49:46
sub_05063,asg_0205,stu_0670,sec_0035,2026-09-16 18:11:53
sub_05064,asg_0205,stu_0714,sec_0035,2026-09-16 12:01:22
sub_05065,asg_0205,stu_0623,sec_0035,2026-09-16 14:46:12
sub_05066,asg_0205,stu_1271,sec_0035,2026-09-16 17:49:07
sub_05067,asg_0205,stu_0285,sec_0035,2026-09-16 22:11:46
sub_05068,asg_0206,stu_0450,sec_0035,2026-09-30 17:45:50
sub_05069,asg_0206,stu_0381,sec_0035,2026-09-30 08:07:49
sub_05070,asg_0206,stu_0229,sec_0035,2026-09-30 08:06:43
sub_05071,asg_0206,stu_0788,sec_0035,2026-09-30 18:13:42
sub_05072,asg_0206,stu_1084,sec_0035,2026-09-30 08:23:20
sub_05073,asg_0206,stu_0133,sec_0035,2026-09-30 10:21:47
sub_05074,asg_0206,stu_1115,sec_0035,2026-09-30 12:39:09
sub_05075,asg_0206,stu_0440,sec_0035,2026-09-30 09:22:51
sub_05076,asg_0206,stu_1314,sec_0035,2026-09-30 07:22:54
sub_05077,asg_0206,stu_0670,sec_0035,2026-09-30 09:46:40
sub_05078,asg_0206,stu_0714,sec_0035,2026-09-30 11:32:35
sub_05079,asg_0206,stu_1271,sec_0035,2026-09-30 19:35:21
sub_05080,asg_0206,stu_0285,sec_0035,2026-09-30 19:25:11
sub_05081,asg_0207,stu_0450,sec_0035,2026-10-21 02:42:09
sub_05082,asg_0207,stu_0381,sec_0035,2026-10-21 17:42:10
sub_05083,asg_0207,stu_0229,sec_0035,2026-10-20 10:23:23
sub_05084,asg_0207,stu_0788,sec_0035,2026-10-20 23:23:07
sub_05085,asg_0207,stu_1084,sec_0035,2026-10-17 21:32:09
sub_05086,asg_0207,stu_0133,sec_0035,2026-10-19 12:00:37
sub_05087,asg_0207,stu_1035,sec_0035,2026-10-20 16:10:44
sub_05088,asg_0207,stu_1115,sec_0035,2026-10-22 01:31:34
sub_05089,asg_0207,stu_0440,sec_0035,2026-10-18 07:15:43
sub_05090,asg_0207,stu_1314,sec_0035,2026-10-18 18:20:05
sub_05091,asg_0207,stu_0687,sec_0035,2026-10-20 22:58:40
sub_05092,asg_0207,stu_0670,sec_0035,2026-10-22 15:11:04
sub_05093,asg_0207,stu_0714,sec_0035,2026-10-22 15:03:55
sub_05094,asg_0207,stu_0623,sec_0035,2026-10-21 12:47:01
sub_05095,asg_0207,stu_1271,sec_0035,2026-10-19 06:37:40
sub_05096,asg_0207,stu_0285,sec_0035,2026-10-18 19:18:34
sub_05097,asg_0207,stu_0619,sec_0035,2026-10-17 23:50:40
sub_05098,asg_0208,stu_0450,sec_0035,2026-11-02 17:57:26
sub_05099,asg_0208,stu_0381,sec_0035,2026-11-03 13:10:07
sub_05100,asg_0208,stu_0229,sec_0035,2026-11-06 20:29:10
sub_05101,asg_0208,stu_0788,sec_0035,2026-11-07 14:44:29
sub_05102,asg_0208,stu_1084,sec_0035,2026-11-02 12:58:28
sub_05103,asg_0208,stu_0133,sec_0035,2026-11-03 15:20:04
sub_05104,asg_0208,stu_1035,sec_0035,2026-11-07 17:42:21
sub_05105,asg_0208,stu_1115,sec_0035,2026-11-06 06:42:01
sub_05106,asg_0208,stu_0440,sec_0035,2026-11-05 16:59:09
sub_05107,asg_0208,stu_1314,sec_0035,2026-11-03 11:52:02
sub_05108,asg_0208,stu_0670,sec_0035,2026-11-06 07:17:41
sub_05109,asg_0208,stu_0714,sec_0035,2026-11-03 07:02:41
sub_05110,asg_0208,stu_0623,sec_0035,2026-11-08 14:22:16
sub_05111,asg_0208,stu_0285,sec_0035,2026-11-08 03:19:45
sub_05112,asg_0208,stu_0148,sec_0035,2026-11-07 02:06:26
sub_05113,asg_0208,stu_0619,sec_0035,2026-11-03 22:12:32
sub_05114,asg_0209,stu_0450,sec_0035,2026-11-23 16:58:15
sub_05115,asg_0209,stu_0381,sec_0035,2026-11-24 20:42:37
sub_05116,asg_0209,stu_0229,sec_0035,2026-11-24 20:43:28
sub_05117,asg_0209,stu_0788,sec_0035,2026-11-21 20:17:13
sub_05118,asg_0209,stu_1084,sec_0035,2026-11-18 06:57:34
sub_05119,asg_0209,stu_0133,sec_0035,2026-11-23 18:30:07
sub_05120,asg_0209,stu_1035,sec_0035,2026-11-23 09:36:09
sub_05121,asg_0209,stu_1115,sec_0035,2026-11-18 00:42:45
sub_05122,asg_0209,stu_0440,sec_0035,2026-11-19 23:15:17
sub_05123,asg_0209,stu_1314,sec_0035,2026-11-19 23:23:45
sub_05124,asg_0209,stu_0687,sec_0035,2026-11-21 07:35:07
sub_05125,asg_0209,stu_0670,sec_0035,2026-11-24 20:09:08
sub_05126,asg_0209,stu_0714,sec_0035,2026-11-20 16:05:16
sub_05127,asg_0209,stu_0623,sec_0035,2026-11-19 12:33:32
sub_05128,asg_0209,stu_1271,sec_0035,2026-11-22 22:44:40
sub_05129,asg_0209,stu_0285,sec_0035,2026-11-25 01:51:17
sub_05130,asg_0209,stu_0148,sec_0035,2026-11-22 13:27:06
sub_05131,asg_0209,stu_0619,sec_0035,2026-11-19 20:23:36
sub_05132,asg_0210,stu_0450,sec_0035,2026-12-03 02:35:39
sub_05133,asg_0210,stu_0381,sec_0035,2026-12-01 16:42:24
sub_05134,asg_0210,stu_0229,sec_0035,2026-12-03 02:46:38
sub_05135,asg_0210,stu_0788,sec_0035,2026-12-02 19:05:14
sub_05136,asg_0210,stu_0133,sec_0035,2026-12-01 11:02:21
sub_05137,asg_0210,stu_1035,sec_0035,2026-12-03 02:43:31
sub_05138,asg_0210,stu_0440,sec_0035,2026-12-05 17:12:56
sub_05139,asg_0210,stu_1314,sec_0035,2026-11-30 06:06:24
sub_05140,asg_0210,stu_0687,sec_0035,2026-12-02 22:27:11
sub_05141,asg_0210,stu_0670,sec_0035,2026-12-04 10:41:03
sub_05142,asg_0210,stu_0714,sec_0035,2026-12-04 18:02:17
sub_05143,asg_0210,stu_0623,sec_0035,2026-12-02 05:47:09
sub_05144,asg_0210,stu_1271,sec_0035,2026-12-04 02:01:04
sub_05145,asg_0210,stu_0285,sec_0035,2026-12-02 05:29:18
sub_05146,asg_0210,stu_0148,sec_0035,2026-12-04 00:48:44
sub_05147,asg_0210,stu_0619,sec_0035,2026-12-02 04:27:45
sub_05148,asg_0211,stu_0754,sec_0036,2026-09-27 10:44:21
sub_05149,asg_0211,stu_0617,sec_0036,2026-09-26 08:34:42
sub_05150,asg_0211,stu_0608,sec_0036,2026-09-26 13:26:43
sub_05151,asg_0211,stu_0748,sec_0036,2026-09-21 11:49:08
sub_05152,asg_0211,stu_1394,sec_0036,2026-09-22 09:11:32
sub_05153,asg_0211,stu_0466,sec_0036,2026-09-27 17:47:57
sub_05154,asg_0211,stu_0411,sec_0036,2026-09-25 12:31:51
sub_05155,asg_0211,stu_0928,sec_0036,2026-09-26 14:06:18
sub_05156,asg_0211,stu_0130,sec_0036,2026-09-25 19:14:01
sub_05157,asg_0211,stu_0876,sec_0036,2026-09-21 05:44:48
sub_05158,asg_0211,stu_1226,sec_0036,2026-09-21 13:31:59
sub_05159,asg_0211,stu_0728,sec_0036,2026-09-23 08:42:49
sub_05160,asg_0211,stu_0014,sec_0036,2026-09-22 05:18:48
sub_05161,asg_0211,stu_0625,sec_0036,2026-09-23 16:41:30
sub_05162,asg_0211,stu_1222,sec_0036,2026-09-26 04:07:00
sub_05163,asg_0211,stu_0028,sec_0036,2026-09-23 07:16:15
sub_05164,asg_0211,stu_0334,sec_0036,2026-09-21 17:46:41
sub_05165,asg_0211,stu_1218,sec_0036,2026-09-24 17:26:20
sub_05166,asg_0211,stu_0192,sec_0036,2026-09-24 23:09:26
sub_05167,asg_0212,stu_0608,sec_0036,2026-09-30 08:33:50
sub_05168,asg_0212,stu_1394,sec_0036,2026-10-01 13:19:53
sub_05169,asg_0212,stu_0466,sec_0036,2026-09-30 14:34:16
sub_05170,asg_0212,stu_0411,sec_0036,2026-10-01 04:26:21
sub_05171,asg_0212,stu_0928,sec_0036,2026-09-30 15:34:42
sub_05172,asg_0212,stu_0876,sec_0036,2026-10-01 10:50:40
sub_05173,asg_0212,stu_1226,sec_0036,2026-10-01 14:53:47
sub_05174,asg_0212,stu_0014,sec_0036,2026-09-29 19:00:00
sub_05175,asg_0212,stu_0625,sec_0036,2026-10-01 13:34:35
sub_05176,asg_0212,stu_0988,sec_0036,2026-10-01 07:20:36
sub_05177,asg_0212,stu_1222,sec_0036,2026-10-01 15:52:06
sub_05178,asg_0212,stu_0028,sec_0036,2026-10-01 06:32:26
sub_05179,asg_0212,stu_0334,sec_0036,2026-10-01 14:44:48
sub_05180,asg_0212,stu_0658,sec_0036,2026-09-30 21:08:33
sub_05181,asg_0212,stu_0192,sec_0036,2026-10-01 06:03:59
sub_05182,asg_0213,stu_0754,sec_0036,2026-10-24 17:06:15
sub_05183,asg_0213,stu_0617,sec_0036,2026-10-21 01:23:52
sub_05184,asg_0213,stu_0608,sec_0036,2026-10-18 03:17:40
sub_05185,asg_0213,stu_0914,sec_0036,2026-10-25 16:33:06
sub_05186,asg_0213,stu_0748,sec_0036,2026-10-21 05:49:15
sub_05187,asg_0213,stu_1394,sec_0036,2026-10-22 07:33:51
sub_05188,asg_0213,stu_0466,sec_0036,2026-10-23 20:49:01
sub_05189,asg_0213,stu_0411,sec_0036,2026-10-20 17:34:01
sub_05190,asg_0213,stu_0928,sec_0036,2026-10-24 17:16:56
sub_05191,asg_0213,stu_0130,sec_0036,2026-10-24 22:58:34
sub_05192,asg_0213,stu_0876,sec_0036,2026-10-25 09:07:11
sub_05193,asg_0213,stu_1226,sec_0036,2026-10-24 14:38:51
sub_05194,asg_0213,stu_0728,sec_0036,2026-10-20 12:17:56
sub_05195,asg_0213,stu_0014,sec_0036,2026-10-21 19:53:01
sub_05196,asg_0213,stu_0625,sec_0036,2026-10-24 00:21:44
sub_05197,asg_0213,stu_0988,sec_0036,2026-10-24 00:25:38
sub_05198,asg_0213,stu_1222,sec_0036,2026-10-24 15:23:19
sub_05199,asg_0213,stu_0028,sec_0036,2026-10-25 13:35:55
sub_05200,asg_0213,stu_0334,sec_0036,2026-10-19 23:01:49
sub_05201,asg_0213,stu_0658,sec_0036,2026-10-24 13:18:42
sub_05202,asg_0213,stu_1218,sec_0036,2026-10-24 13:53:03
sub_05203,asg_0214,stu_0754,sec_0036,2026-10-31 09:37:40
sub_05204,asg_0214,stu_0617,sec_0036,2026-11-02 10:48:47
sub_05205,asg_0214,stu_0608,sec_0036,2026-10-31 17:44:40
sub_05206,asg_0214,stu_0914,sec_0036,2026-11-01 15:23:12
sub_05207,asg_0214,stu_0748,sec_0036,2026-11-03 14:22:38
sub_05208,asg_0214,stu_1394,sec_0036,2026-10-31 08:38:29
sub_05209,asg_0214,stu_0411,sec_0036,2026-11-01 18:40:35
sub_05210,asg_0214,stu_0876,sec_0036,2026-11-04 08:21:29
sub_05211,asg_0214,stu_1226,sec_0036,2026-11-02 14:03:15
sub_05212,asg_0214,stu_0728,sec_0036,2026-11-01 22:45:01
sub_05213,asg_0214,stu_0014,sec_0036,2026-10-27 19:00:00
sub_05214,asg_0214,stu_0625,sec_0036,2026-11-01 17:20:44
sub_05215,asg_0214,stu_0988,sec_0036,2026-11-03 07:50:05
sub_05216,asg_0214,stu_1222,sec_0036,2026-11-02 16:40:04
sub_05217,asg_0214,stu_0028,sec_0036,2026-11-02 15:06:17
sub_05218,asg_0214,stu_0334,sec_0036,2026-11-03 01:00:41
sub_05219,asg_0214,stu_1218,sec_0036,2026-11-02 10:44:54
sub_05220,asg_0214,stu_0192,sec_0036,2026-10-31 21:51:20
sub_05221,asg_0215,stu_0754,sec_0036,2026-11-19 15:40:04
sub_05222,asg_0215,stu_0617,sec_0036,2026-11-18 17:14:30
sub_05223,asg_0215,stu_0748,sec_0036,2026-11-18 23:48:32
sub_05224,asg_0215,stu_1394,sec_0036,2026-11-25 18:27:19
sub_05225,asg_0215,stu_0466,sec_0036,2026-11-25 06:52:27
sub_05226,asg_0215,stu_0411,sec_0036,2026-11-20 14:30:01
sub_05227,asg_0215,stu_0928,sec_0036,2026-11-21 08:25:13
sub_05228,asg_0215,stu_0130,sec_0036,2026-11-22 17:59:26
sub_05229,asg_0215,stu_0876,sec_0036,2026-11-20 16:36:27
sub_05230,asg_0215,stu_1226,sec_0036,2026-11-22 09:26:05
sub_05231,asg_0215,stu_0728,sec_0036,2026-11-23 17:11:30
sub_05232,asg_0215,stu_0014,sec_0036,2026-11-10 23:00:00
sub_05233,asg_0215,stu_0625,sec_0036,2026-11-24 06:22:16
sub_05234,asg_0215,stu_0988,sec_0036,2026-11-25 14:49:48
sub_05235,asg_0215,stu_1222,sec_0036,2026-11-24 11:30:21
sub_05236,asg_0215,stu_0028,sec_0036,2026-11-21 06:59:48
sub_05237,asg_0215,stu_0334,sec_0036,2026-11-21 07:41:48
sub_05238,asg_0215,stu_0658,sec_0036,2026-11-21 16:12:24
sub_05239,asg_0215,stu_1218,sec_0036,2026-11-19 03:20:03
sub_05240,asg_0215,stu_0192,sec_0036,2026-11-23 01:54:46
sub_05241,asg_0216,stu_0754,sec_0036,2026-11-28 21:12:18
sub_05242,asg_0216,stu_0617,sec_0036,2026-12-01 13:30:06
sub_05243,asg_0216,stu_0608,sec_0036,2026-12-01 01:30:48
sub_05244,asg_0216,stu_0914,sec_0036,2026-11-29 06:10:08
sub_05245,asg_0216,stu_1394,sec_0036,2026-12-02 09:07:11
sub_05246,asg_0216,stu_0466,sec_0036,2026-12-03 00:14:36
sub_05247,asg_0216,stu_0411,sec_0036,2026-11-29 05:44:09
sub_05248,asg_0216,stu_0130,sec_0036,2026-12-01 20:58:35
sub_05249,asg_0216,stu_0876,sec_0036,2026-11-30 07:00:11
sub_05250,asg_0216,stu_1226,sec_0036,2026-12-03 10:02:58
sub_05251,asg_0216,stu_0728,sec_0036,2026-12-01 11:44:36
sub_05252,asg_0216,stu_0014,sec_0036,2026-11-24 21:00:00
sub_05253,asg_0216,stu_0625,sec_0036,2026-12-02 00:06:23
sub_05254,asg_0216,stu_0988,sec_0036,2026-12-01 17:13:42
sub_05255,asg_0216,stu_0028,sec_0036,2026-11-29 14:08:18
sub_05256,asg_0216,stu_0334,sec_0036,2026-11-30 21:25:43
sub_05257,asg_0216,stu_0658,sec_0036,2026-12-03 12:20:51
sub_05258,asg_0216,stu_0192,sec_0036,2026-12-01 21:44:31
sub_05259,asg_0217,stu_1093,sec_0037,2026-09-21 19:21:19
sub_05260,asg_0217,stu_0706,sec_0037,2026-09-22 16:01:25
sub_05261,asg_0217,stu_0791,sec_0037,2026-09-27 01:49:53
sub_05262,asg_0217,stu_0177,sec_0037,2026-09-22 19:44:29
sub_05263,asg_0217,stu_0902,sec_0037,2026-09-27 19:53:43
sub_05264,asg_0217,stu_0178,sec_0037,2026-09-28 17:10:27
sub_05265,asg_0217,stu_1188,sec_0037,2026-09-23 14:32:55
sub_05266,asg_0217,stu_0705,sec_0037,2026-09-24 21:09:40
sub_05267,asg_0217,stu_0321,sec_0037,2026-09-25 11:39:32
sub_05268,asg_0217,stu_0270,sec_0037,2026-09-22 09:30:54
sub_05269,asg_0217,stu_0094,sec_0037,2026-09-25 04:30:29
sub_05270,asg_0217,stu_0964,sec_0037,2026-09-22 20:19:24
sub_05271,asg_0217,stu_0607,sec_0037,2026-09-22 12:28:42
sub_05272,asg_0217,stu_1195,sec_0037,2026-09-23 22:13:33
sub_05273,asg_0217,stu_0613,sec_0037,2026-09-27 21:46:00
sub_05274,asg_0217,stu_0729,sec_0037,2026-09-27 18:48:04
sub_05275,asg_0217,stu_1259,sec_0037,2026-09-23 15:10:18
sub_05276,asg_0217,stu_0515,sec_0037,2026-09-24 23:51:58
sub_05277,asg_0217,stu_1197,sec_0037,2026-09-28 05:14:27
sub_05278,asg_0217,stu_0494,sec_0037,2026-09-23 01:07:19
sub_05279,asg_0217,stu_0328,sec_0037,2026-09-27 12:03:43
sub_05280,asg_0217,stu_0783,sec_0037,2026-09-26 17:38:20
sub_05281,asg_0217,stu_0266,sec_0037,2026-09-23 19:53:21
sub_05282,asg_0217,stu_0120,sec_0037,2026-09-24 06:21:41
sub_05283,asg_0217,stu_1091,sec_0037,2026-09-21 18:07:40
sub_05284,asg_0217,stu_0323,sec_0037,2026-09-26 23:57:17
sub_05285,asg_0217,stu_1191,sec_0037,2026-09-25 10:05:17
sub_05286,asg_0217,stu_1121,sec_0037,2026-09-28 09:42:08
sub_05287,asg_0217,stu_0200,sec_0037,2026-09-22 15:41:54
sub_05288,asg_0217,stu_0098,sec_0037,2026-09-26 22:37:31
sub_05289,asg_0217,stu_1029,sec_0037,2026-09-26 19:34:29
sub_05290,asg_0217,stu_1018,sec_0037,2026-09-24 01:51:00
sub_05291,asg_0217,stu_1015,sec_0037,2026-09-25 05:40:05
sub_05292,asg_0217,stu_0456,sec_0037,2026-09-24 09:30:04
sub_05293,asg_0217,stu_0487,sec_0037,2026-09-22 19:19:47
sub_05294,asg_0217,stu_0213,sec_0037,2026-09-27 06:29:42
sub_05295,asg_0217,stu_1115,sec_0037,2026-09-24 20:50:49
sub_05296,asg_0217,stu_0097,sec_0037,2026-09-22 06:08:05
sub_05297,asg_0217,stu_1168,sec_0037,2026-09-22 12:21:56
sub_05298,asg_0217,stu_1190,sec_0037,2026-09-28 09:50:53
sub_05299,asg_0217,stu_0703,sec_0037,2026-09-25 04:42:09
sub_05300,asg_0218,stu_1093,sec_0037,2026-10-08 15:37:55
sub_05301,asg_0218,stu_0791,sec_0037,2026-10-05 00:05:02
sub_05302,asg_0218,stu_0177,sec_0037,2026-10-04 18:06:38
sub_05303,asg_0218,stu_0057,sec_0037,2026-10-07 14:36:45
sub_05304,asg_0218,stu_0902,sec_0037,2026-10-04 20:12:50
sub_05305,asg_0218,stu_0178,sec_0037,2026-10-04 09:39:53
sub_05306,asg_0218,stu_0321,sec_0037,2026-10-03 18:58:31
sub_05307,asg_0218,stu_0270,sec_0037,2026-10-05 02:51:48
sub_05308,asg_0218,stu_0094,sec_0037,2026-10-05 14:14:12
sub_05309,asg_0218,stu_0964,sec_0037,2026-10-07 22:37:55
sub_05310,asg_0218,stu_0607,sec_0037,2026-10-05 19:18:34
sub_05311,asg_0218,stu_1195,sec_0037,2026-10-04 18:38:04
sub_05312,asg_0218,stu_0613,sec_0037,2026-10-08 11:21:16
sub_05313,asg_0218,stu_0729,sec_0037,2026-10-07 09:44:00
sub_05314,asg_0218,stu_1259,sec_0037,2026-10-04 09:18:39
sub_05315,asg_0218,stu_0537,sec_0037,2026-10-04 01:28:28
sub_05316,asg_0218,stu_0515,sec_0037,2026-10-06 23:44:37
sub_05317,asg_0218,stu_1197,sec_0037,2026-10-05 03:43:08
sub_05318,asg_0218,stu_0328,sec_0037,2026-10-06 17:41:07
sub_05319,asg_0218,stu_0369,sec_0037,2026-10-07 09:35:16
sub_05320,asg_0218,stu_0266,sec_0037,2026-10-08 09:16:23
sub_05321,asg_0218,stu_0120,sec_0037,2026-10-04 13:51:38
sub_05322,asg_0218,stu_1091,sec_0037,2026-10-08 04:55:04
sub_05323,asg_0218,stu_0323,sec_0037,2026-10-04 20:41:05
sub_05324,asg_0218,stu_1191,sec_0037,2026-10-08 01:26:41
sub_05325,asg_0218,stu_1010,sec_0037,2026-10-08 15:10:48
sub_05326,asg_0218,stu_0200,sec_0037,2026-10-05 02:56:11
sub_05327,asg_0218,stu_0098,sec_0037,2026-10-06 21:04:43
sub_05328,asg_0218,stu_1029,sec_0037,2026-10-07 02:30:19
sub_05329,asg_0218,stu_1018,sec_0037,2026-10-05 04:37:09
sub_05330,asg_0218,stu_0456,sec_0037,2026-10-05 05:20:54
sub_05331,asg_0218,stu_0487,sec_0037,2026-10-04 11:57:36
sub_05332,asg_0218,stu_0213,sec_0037,2026-10-07 00:42:59
sub_05333,asg_0218,stu_1115,sec_0037,2026-10-07 17:02:47
sub_05334,asg_0218,stu_0097,sec_0037,2026-10-04 20:28:31
sub_05335,asg_0218,stu_1168,sec_0037,2026-10-08 07:18:16
sub_05336,asg_0218,stu_1190,sec_0037,2026-10-07 00:04:19
sub_05337,asg_0218,stu_0703,sec_0037,2026-10-03 21:38:09
sub_05338,asg_0219,stu_1093,sec_0037,2026-10-19 15:41:09
sub_05339,asg_0219,stu_0706,sec_0037,2026-10-17 14:16:10
sub_05340,asg_0219,stu_0791,sec_0037,2026-10-19 22:49:48
sub_05341,asg_0219,stu_0177,sec_0037,2026-10-20 13:46:27
sub_05342,asg_0219,stu_0057,sec_0037,2026-10-17 08:13:46
sub_05343,asg_0219,stu_0902,sec_0037,2026-10-20 01:59:06
sub_05344,asg_0219,stu_0178,sec_0037,2026-10-20 07:46:19
sub_05345,asg_0219,stu_0321,sec_0037,2026-10-19 19:51:37
sub_05346,asg_0219,stu_0270,sec_0037,2026-10-19 13:18:12
sub_05347,asg_0219,stu_0094,sec_0037,2026-10-17 22:37:48
sub_05348,asg_0219,stu_0964,sec_0037,2026-10-20 08:55:00
sub_05349,asg_0219,stu_1195,sec_0037,2026-10-19 05:44:10
sub_05350,asg_0219,stu_0613,sec_0037,2026-10-20 00:15:34
sub_05351,asg_0219,stu_0729,sec_0037,2026-10-19 07:00:25
sub_05352,asg_0219,stu_1259,sec_0037,2026-10-18 13:28:46
sub_05353,asg_0219,stu_0537,sec_0037,2026-10-17 06:04:15
sub_05354,asg_0219,stu_0515,sec_0037,2026-10-17 19:36:47
sub_05355,asg_0219,stu_1197,sec_0037,2026-10-17 13:39:58
sub_05356,asg_0219,stu_0494,sec_0037,2026-10-19 23:10:07
sub_05357,asg_0219,stu_0328,sec_0037,2026-10-18 14:56:19
sub_05358,asg_0219,stu_0783,sec_0037,2026-10-20 12:34:21
sub_05359,asg_0219,stu_0369,sec_0037,2026-10-20 03:35:11
sub_05360,asg_0219,stu_0120,sec_0037,2026-10-19 15:58:05
sub_05361,asg_0219,stu_1091,sec_0037,2026-10-17 19:19:50
sub_05362,asg_0219,stu_0323,sec_0037,2026-10-17 08:18:03
sub_05363,asg_0219,stu_1191,sec_0037,2026-10-20 16:13:49
sub_05364,asg_0219,stu_1010,sec_0037,2026-10-18 11:02:56
sub_05365,asg_0219,stu_1121,sec_0037,2026-10-17 23:35:36
sub_05366,asg_0219,stu_0200,sec_0037,2026-10-20 19:04:12
sub_05367,asg_0219,stu_1029,sec_0037,2026-10-19 15:09:29
sub_05368,asg_0219,stu_1015,sec_0037,2026-10-18 02:13:41
sub_05369,asg_0219,stu_0456,sec_0037,2026-10-17 02:33:46
sub_05370,asg_0219,stu_0487,sec_0037,2026-10-19 06:12:49
sub_05371,asg_0219,stu_1115,sec_0037,2026-10-19 12:59:49
sub_05372,asg_0219,stu_0097,sec_0037,2026-10-17 08:56:08
sub_05373,asg_0219,stu_1168,sec_0037,2026-10-18 06:27:36
sub_05374,asg_0219,stu_1190,sec_0037,2026-10-17 01:03:08
sub_05375,asg_0219,stu_0703,sec_0037,2026-10-17 22:07:07
sub_05376,asg_0220,stu_1093,sec_0037,2026-10-28 12:19:30
sub_05377,asg_0220,stu_0706,sec_0037,2026-10-28 09:36:55
sub_05378,asg_0220,stu_0177,sec_0037,2026-10-28 12:51:35
sub_05379,asg_0220,stu_0057,sec_0037,2026-10-28 15:33:25
sub_05380,asg_0220,stu_0178,sec_0037,2026-10-28 09:31:43
sub_05381,asg_0220,stu_1188,sec_0037,2026-10-28 10:19:18
sub_05382,asg_0220,stu_0705,sec_0037,2026-10-28 11:04:49
sub_05383,asg_0220,stu_0321,sec_0037,2026-10-28 11:26:17
sub_05384,asg_0220,stu_0270,sec_0037,2026-10-28 07:24:41
sub_05385,asg_0220,stu_0094,sec_0037,2026-10-28 13:18:27
sub_05386,asg_0220,stu_0613,sec_0037,2026-10-28 05:02:07
sub_05387,asg_0220,stu_0729,sec_0037,2026-10-28 05:02:02
sub_05388,asg_0220,stu_1259,sec_0037,2026-10-28 10:59:40
sub_05389,asg_0220,stu_0537,sec_0037,2026-10-28 04:11:07
sub_05390,asg_0220,stu_0515,sec_0037,2026-10-28 08:35:01
sub_05391,asg_0220,stu_1197,sec_0037,2026-10-28 05:30:35
sub_05392,asg_0220,stu_0494,sec_0037,2026-10-28 08:07:00
sub_05393,asg_0220,stu_0783,sec_0037,2026-10-28 13:43:44
sub_05394,asg_0220,stu_0369,sec_0037,2026-10-28 16:04:37
sub_05395,asg_0220,stu_0266,sec_0037,2026-10-28 10:53:47
sub_05396,asg_0220,stu_0120,sec_0037,2026-10-28 08:15:12
sub_05397,asg_0220,stu_1091,sec_0037,2026-10-28 13:19:23
sub_05398,asg_0220,stu_0323,sec_0037,2026-10-28 02:47:58
sub_05399,asg_0220,stu_1191,sec_0037,2026-10-28 15:46:59
sub_05400,asg_0220,stu_1121,sec_0037,2026-10-28 16:59:04
sub_05401,asg_0220,stu_1029,sec_0037,2026-10-28 11:41:53
sub_05402,asg_0220,stu_1018,sec_0037,2026-10-28 10:54:38
sub_05403,asg_0220,stu_1015,sec_0037,2026-10-28 08:15:21
sub_05404,asg_0220,stu_0487,sec_0037,2026-10-28 09:59:50
sub_05405,asg_0220,stu_0213,sec_0037,2026-10-28 12:42:08
sub_05406,asg_0220,stu_0097,sec_0037,2026-10-28 11:11:11
sub_05407,asg_0220,stu_1168,sec_0037,2026-10-28 15:25:24
sub_05408,asg_0220,stu_1190,sec_0037,2026-10-28 10:55:36
sub_05409,asg_0221,stu_0706,sec_0037,2026-11-20 23:35:38
sub_05410,asg_0221,stu_0791,sec_0037,2026-11-20 07:26:01
sub_05411,asg_0221,stu_0177,sec_0037,2026-11-23 09:36:06
sub_05412,asg_0221,stu_0057,sec_0037,2026-11-21 02:39:44
sub_05413,asg_0221,stu_0902,sec_0037,2026-11-24 10:25:44
sub_05414,asg_0221,stu_0178,sec_0037,2026-11-20 09:34:56
sub_05415,asg_0221,stu_0705,sec_0037,2026-11-20 16:55:53
sub_05416,asg_0221,stu_0321,sec_0037,2026-11-23 02:12:33
sub_05417,asg_0221,stu_0270,sec_0037,2026-11-22 15:27:25
sub_05418,asg_0221,stu_0964,sec_0037,2026-11-20 09:28:09
sub_05419,asg_0221,stu_0607,sec_0037,2026-11-17 06:10:43
sub_05420,asg_0221,stu_1195,sec_0037,2026-11-19 13:54:53
sub_05421,asg_0221,stu_0613,sec_0037,2026-11-23 22:45:56
sub_05422,asg_0221,stu_0729,sec_0037,2026-11-18 06:10:43
sub_05423,asg_0221,stu_1259,sec_0037,2026-11-18 07:34:11
sub_05424,asg_0221,stu_0537,sec_0037,2026-11-18 18:47:38
sub_05425,asg_0221,stu_0515,sec_0037,2026-11-21 04:48:07
sub_05426,asg_0221,stu_1197,sec_0037,2026-11-19 03:57:58
sub_05427,asg_0221,stu_0494,sec_0037,2026-11-19 06:01:35
sub_05428,asg_0221,stu_0328,sec_0037,2026-11-19 12:38:35
sub_05429,asg_0221,stu_0783,sec_0037,2026-11-22 09:15:36
sub_05430,asg_0221,stu_0369,sec_0037,2026-11-17 20:49:31
sub_05431,asg_0221,stu_0266,sec_0037,2026-11-20 12:13:18
sub_05432,asg_0221,stu_0120,sec_0037,2026-11-17 06:05:52
sub_05433,asg_0221,stu_1091,sec_0037,2026-11-24 10:08:15
sub_05434,asg_0221,stu_0323,sec_0037,2026-11-23 06:34:58
sub_05435,asg_0221,stu_1191,sec_0037,2026-11-21 12:40:14
sub_05436,asg_0221,stu_1010,sec_0037,2026-11-18 20:18:14
sub_05437,asg_0221,stu_1121,sec_0037,2026-11-18 08:30:14
sub_05438,asg_0221,stu_0200,sec_0037,2026-11-18 01:37:06
sub_05439,asg_0221,stu_0098,sec_0037,2026-11-24 04:48:29
sub_05440,asg_0221,stu_1029,sec_0037,2026-11-22 19:51:37
sub_05441,asg_0221,stu_1018,sec_0037,2026-11-20 05:58:02
sub_05442,asg_0221,stu_1015,sec_0037,2026-11-24 06:48:02
sub_05443,asg_0221,stu_0487,sec_0037,2026-11-23 12:06:13
sub_05444,asg_0221,stu_0213,sec_0037,2026-11-23 18:19:13
sub_05445,asg_0221,stu_1115,sec_0037,2026-11-23 04:52:37
sub_05446,asg_0221,stu_0097,sec_0037,2026-11-19 23:13:37
sub_05447,asg_0221,stu_1168,sec_0037,2026-11-17 18:51:22
sub_05448,asg_0221,stu_1190,sec_0037,2026-11-21 12:00:24
sub_05449,asg_0221,stu_0703,sec_0037,2026-11-21 21:20:34
sub_05450,asg_0222,stu_1093,sec_0037,2026-12-03 13:41:38
sub_05451,asg_0222,stu_0706,sec_0037,2026-11-30 22:54:10
sub_05452,asg_0222,stu_0791,sec_0037,2026-12-01 05:11:57
sub_05453,asg_0222,stu_0177,sec_0037,2026-12-02 04:00:53
sub_05454,asg_0222,stu_0057,sec_0037,2026-12-05 02:46:50
sub_05455,asg_0222,stu_0902,sec_0037,2026-12-02 03:06:43
sub_05456,asg_0222,stu_0178,sec_0037,2026-12-04 16:39:06
sub_05457,asg_0222,stu_1188,sec_0037,2026-12-06 15:55:21
sub_05458,asg_0222,stu_0705,sec_0037,2026-12-06 10:05:50
sub_05459,asg_0222,stu_0321,sec_0037,2026-12-04 06:14:09
sub_05460,asg_0222,stu_0270,sec_0037,2026-12-06 21:26:13
sub_05461,asg_0222,stu_0964,sec_0037,2026-12-05 14:49:28
sub_05462,asg_0222,stu_0607,sec_0037,2026-12-05 12:31:47
sub_05463,asg_0222,stu_1195,sec_0037,2026-12-01 17:24:54
sub_05464,asg_0222,stu_0613,sec_0037,2026-12-03 04:22:56
sub_05465,asg_0222,stu_0729,sec_0037,2026-12-02 14:18:54
sub_05466,asg_0222,stu_1259,sec_0037,2026-12-02 05:11:04
sub_05467,asg_0222,stu_0537,sec_0037,2026-12-01 08:17:05
sub_05468,asg_0222,stu_0515,sec_0037,2026-12-06 23:04:57
sub_05469,asg_0222,stu_1197,sec_0037,2026-12-01 16:17:35
sub_05470,asg_0222,stu_0494,sec_0037,2026-12-03 09:03:55
sub_05471,asg_0222,stu_0783,sec_0037,2026-12-05 11:07:19
sub_05472,asg_0222,stu_0369,sec_0037,2026-12-04 02:29:43
sub_05473,asg_0222,stu_0266,sec_0037,2026-12-01 02:56:02
sub_05474,asg_0222,stu_0120,sec_0037,2026-12-04 20:43:26
sub_05475,asg_0222,stu_1091,sec_0037,2026-12-03 05:13:28
sub_05476,asg_0222,stu_0323,sec_0037,2026-12-04 19:53:56
sub_05477,asg_0222,stu_1191,sec_0037,2026-12-04 20:27:30
sub_05478,asg_0222,stu_1121,sec_0037,2026-12-03 10:33:28
sub_05479,asg_0222,stu_0098,sec_0037,2026-12-04 18:24:06
sub_05480,asg_0222,stu_1029,sec_0037,2026-12-02 18:47:42
sub_05481,asg_0222,stu_1018,sec_0037,2026-12-02 02:43:15
sub_05482,asg_0222,stu_1015,sec_0037,2026-12-01 03:41:58
sub_05483,asg_0222,stu_0456,sec_0037,2026-12-05 05:32:34
sub_05484,asg_0222,stu_0487,sec_0037,2026-12-01 16:44:25
sub_05485,asg_0222,stu_0213,sec_0037,2026-12-01 00:17:58
sub_05486,asg_0222,stu_1115,sec_0037,2026-12-04 03:27:01
sub_05487,asg_0222,stu_1168,sec_0037,2026-12-02 21:53:02
sub_05488,asg_0222,stu_1190,sec_0037,2026-12-01 23:24:33
sub_05489,asg_0222,stu_0703,sec_0037,2026-12-03 07:43:23
sub_05490,asg_0223,stu_0477,sec_0038,2026-09-23 22:54:38
sub_05491,asg_0223,stu_1341,sec_0038,2026-09-26 13:49:55
sub_05492,asg_0223,stu_0567,sec_0038,2026-09-24 07:36:02
sub_05493,asg_0223,stu_0525,sec_0038,2026-09-26 13:54:17
sub_05494,asg_0223,stu_0134,sec_0038,2026-09-22 21:31:42
sub_05495,asg_0223,stu_1195,sec_0038,2026-09-21 14:04:47
sub_05496,asg_0223,stu_0104,sec_0038,2026-09-25 09:23:53
sub_05497,asg_0223,stu_0410,sec_0038,2026-09-25 21:01:34
sub_05498,asg_0223,stu_0242,sec_0038,2026-09-23 06:15:50
sub_05499,asg_0223,stu_0098,sec_0038,2026-09-21 21:47:22
sub_05500,asg_0223,stu_0205,sec_0038,2026-09-25 08:20:48
sub_05501,asg_0223,stu_0950,sec_0038,2026-09-21 02:20:43
sub_05502,asg_0223,stu_0642,sec_0038,2026-09-21 07:44:25
sub_05503,asg_0223,stu_0861,sec_0038,2026-09-23 06:20:35
sub_05504,asg_0223,stu_1260,sec_0038,2026-09-22 02:18:10
sub_05505,asg_0223,stu_1309,sec_0038,2026-09-24 20:31:50
sub_05506,asg_0223,stu_0352,sec_0038,2026-09-24 10:33:11
sub_05507,asg_0223,stu_0174,sec_0038,2026-09-22 16:53:28
sub_05508,asg_0223,stu_1112,sec_0038,2026-09-25 22:00:07
sub_05509,asg_0223,stu_1370,sec_0038,2026-09-26 22:36:33
sub_05510,asg_0223,stu_0565,sec_0038,2026-09-24 22:07:13
sub_05511,asg_0223,stu_0243,sec_0038,2026-09-23 20:32:02
sub_05512,asg_0223,stu_0365,sec_0038,2026-09-21 08:06:08
sub_05513,asg_0223,stu_0634,sec_0038,2026-09-22 03:36:54
sub_05514,asg_0223,stu_0380,sec_0038,2026-09-22 15:55:45
sub_05515,asg_0223,stu_0519,sec_0038,2026-09-20 23:13:56
sub_05516,asg_0223,stu_1206,sec_0038,2026-09-22 11:56:52
sub_05517,asg_0223,stu_1270,sec_0038,2026-09-26 22:52:14
sub_05518,asg_0223,stu_0931,sec_0038,2026-09-24 19:05:37
sub_05519,asg_0223,stu_0718,sec_0038,2026-09-20 17:40:52
sub_05520,asg_0223,stu_1030,sec_0038,2026-09-26 02:18:20
sub_05521,asg_0223,stu_0280,sec_0038,2026-09-15 10:00:00
sub_05522,asg_0224,stu_0477,sec_0038,2026-10-08 06:52:45
sub_05523,asg_0224,stu_1341,sec_0038,2026-10-08 21:34:10
sub_05524,asg_0224,stu_0567,sec_0038,2026-10-09 22:51:06
sub_05525,asg_0224,stu_0525,sec_0038,2026-10-05 18:58:22
sub_05526,asg_0224,stu_0134,sec_0038,2026-10-09 09:10:05
sub_05527,asg_0224,stu_1195,sec_0038,2026-10-08 00:54:04
sub_05528,asg_0224,stu_0104,sec_0038,2026-10-09 09:26:03
sub_05529,asg_0224,stu_0410,sec_0038,2026-10-11 17:30:57
sub_05530,asg_0224,stu_0098,sec_0038,2026-10-10 11:30:28
sub_05531,asg_0224,stu_1015,sec_0038,2026-10-05 20:39:13
sub_05532,asg_0224,stu_0205,sec_0038,2026-10-08 12:11:48
sub_05533,asg_0224,stu_0950,sec_0038,2026-10-10 00:58:38
sub_05534,asg_0224,stu_0642,sec_0038,2026-10-11 21:36:53
sub_05535,asg_0224,stu_0861,sec_0038,2026-10-11 01:25:48
sub_05536,asg_0224,stu_1260,sec_0038,2026-10-05 17:26:01
sub_05537,asg_0224,stu_1309,sec_0038,2026-10-06 09:22:00
sub_05538,asg_0224,stu_0352,sec_0038,2026-10-07 06:31:31
sub_05539,asg_0224,stu_0174,sec_0038,2026-10-10 15:14:49
sub_05540,asg_0224,stu_1370,sec_0038,2026-10-05 22:54:45
sub_05541,asg_0224,stu_0565,sec_0038,2026-10-11 22:21:34
sub_05542,asg_0224,stu_0243,sec_0038,2026-10-08 22:23:11
sub_05543,asg_0224,stu_0365,sec_0038,2026-10-11 04:12:59
sub_05544,asg_0224,stu_0634,sec_0038,2026-10-09 21:05:35
sub_05545,asg_0224,stu_0519,sec_0038,2026-10-11 08:09:33
sub_05546,asg_0224,stu_1206,sec_0038,2026-10-05 19:33:13
sub_05547,asg_0224,stu_1270,sec_0038,2026-10-06 12:42:30
sub_05548,asg_0224,stu_0931,sec_0038,2026-10-07 15:10:43
sub_05549,asg_0224,stu_0718,sec_0038,2026-10-09 19:25:17
sub_05550,asg_0224,stu_1030,sec_0038,2026-10-05 18:19:10
sub_05551,asg_0224,stu_0280,sec_0038,2026-10-07 08:08:37
sub_05552,asg_0225,stu_0477,sec_0038,2026-10-24 03:38:51
sub_05553,asg_0225,stu_1341,sec_0038,2026-10-19 10:21:09
sub_05554,asg_0225,stu_0567,sec_0038,2026-10-24 22:49:38
sub_05555,asg_0225,stu_0525,sec_0038,2026-10-19 23:21:21
sub_05556,asg_0225,stu_0134,sec_0038,2026-10-20 07:32:19
sub_05557,asg_0225,stu_1195,sec_0038,2026-10-21 17:52:39
sub_05558,asg_0225,stu_0104,sec_0038,2026-10-23 03:55:19
sub_05559,asg_0225,stu_0410,sec_0038,2026-10-25 18:13:42
sub_05560,asg_0225,stu_0242,sec_0038,2026-10-22 15:23:19
sub_05561,asg_0225,stu_0098,sec_0038,2026-10-25 19:08:03
sub_05562,asg_0225,stu_0205,sec_0038,2026-10-20 15:19:03
sub_05563,asg_0225,stu_0950,sec_0038,2026-10-19 09:45:37
sub_05564,asg_0225,stu_0642,sec_0038,2026-10-21 04:24:35
sub_05565,asg_0225,stu_0861,sec_0038,2026-10-21 17:46:20
sub_05566,asg_0225,stu_1260,sec_0038,2026-10-20 15:52:46
sub_05567,asg_0225,stu_1309,sec_0038,2026-10-24 05:37:53
sub_05568,asg_0225,stu_0352,sec_0038,2026-10-22 13:31:16
sub_05569,asg_0225,stu_0174,sec_0038,2026-10-24 14:49:57
sub_05570,asg_0225,stu_1112,sec_0038,2026-10-23 18:19:38
sub_05571,asg_0225,stu_1370,sec_0038,2026-10-24 15:07:31
sub_05572,asg_0225,stu_0565,sec_0038,2026-10-25 06:00:25
sub_05573,asg_0225,stu_0243,sec_0038,2026-10-19 10:06:22
sub_05574,asg_0225,stu_0365,sec_0038,2026-10-21 09:50:35
sub_05575,asg_0225,stu_0634,sec_0038,2026-10-25 07:47:20
sub_05576,asg_0225,stu_0519,sec_0038,2026-10-22 16:00:56
sub_05577,asg_0225,stu_1206,sec_0038,2026-10-23 23:46:19
sub_05578,asg_0225,stu_1270,sec_0038,2026-10-21 12:01:32
sub_05579,asg_0225,stu_0931,sec_0038,2026-10-23 09:31:46
sub_05580,asg_0225,stu_1030,sec_0038,2026-10-20 04:17:41
sub_05581,asg_0225,stu_0280,sec_0038,2026-10-23 12:58:06
sub_05582,asg_0226,stu_0477,sec_0038,2026-10-28 23:18:58
sub_05583,asg_0226,stu_1341,sec_0038,2026-10-28 18:17:24
sub_05584,asg_0226,stu_0567,sec_0038,2026-10-28 22:36:41
sub_05585,asg_0226,stu_0525,sec_0038,2026-10-29 11:16:04
sub_05586,asg_0226,stu_0134,sec_0038,2026-10-29 04:40:23
sub_05587,asg_0226,stu_1195,sec_0038,2026-10-28 21:49:08
sub_05588,asg_0226,stu_0104,sec_0038,2026-10-28 17:04:48
sub_05589,asg_0226,stu_0242,sec_0038,2026-10-29 15:59:11
sub_05590,asg_0226,stu_0098,sec_0038,2026-10-28 22:33:25
sub_05591,asg_0226,stu_1015,sec_0038,2026-10-28 16:27:31
sub_05592,asg_0226,stu_0205,sec_0038,2026-10-28 19:26:15
sub_05593,asg_0226,stu_0642,sec_0038,2026-10-29 02:13:22
sub_05594,asg_0226,stu_0861,sec_0038,2026-10-29 07:55:57
sub_05595,asg_0226,stu_1260,sec_0038,2026-10-29 10:19:49
sub_05596,asg_0226,stu_1309,sec_0038,2026-10-29 11:04:35
sub_05597,asg_0226,stu_0352,sec_0038,2026-10-29 16:25:31
sub_05598,asg_0226,stu_0565,sec_0038,2026-10-28 21:02:48
sub_05599,asg_0226,stu_0243,sec_0038,2026-10-29 14:16:30
sub_05600,asg_0226,stu_0634,sec_0038,2026-10-29 05:32:59
sub_05601,asg_0226,stu_0519,sec_0038,2026-10-29 10:59:57
sub_05602,asg_0226,stu_1270,sec_0038,2026-10-29 00:16:18
sub_05603,asg_0226,stu_0931,sec_0038,2026-10-28 21:28:04
sub_05604,asg_0226,stu_1030,sec_0038,2026-10-28 16:01:33
sub_05605,asg_0226,stu_0280,sec_0038,2026-10-29 08:46:22
sub_05606,asg_0227,stu_0477,sec_0038,2026-11-11 12:12:37
sub_05607,asg_0227,stu_1341,sec_0038,2026-11-11 07:13:36
sub_05608,asg_0227,stu_0567,sec_0038,2026-11-11 07:52:25
sub_05609,asg_0227,stu_0525,sec_0038,2026-11-11 12:22:00
sub_05610,asg_0227,stu_0134,sec_0038,2026-11-11 09:29:04
sub_05611,asg_0227,stu_1195,sec_0038,2026-11-11 10:07:35
sub_05612,asg_0227,stu_0104,sec_0038,2026-11-11 12:36:55
sub_05613,asg_0227,stu_0410,sec_0038,2026-11-11 13:00:03
sub_05614,asg_0227,stu_0242,sec_0038,2026-11-11 18:13:54
sub_05615,asg_0227,stu_0098,sec_0038,2026-11-11 07:37:10
sub_05616,asg_0227,stu_1015,sec_0038,2026-11-11 11:51:49
sub_05617,asg_0227,stu_0205,sec_0038,2026-11-11 14:44:45
sub_05618,asg_0227,stu_0950,sec_0038,2026-11-11 15:21:09
sub_05619,asg_0227,stu_0642,sec_0038,2026-11-11 17:46:08
sub_05620,asg_0227,stu_0861,sec_0038,2026-11-11 18:23:22
sub_05621,asg_0227,stu_1260,sec_0038,2026-11-11 10:06:16
sub_05622,asg_0227,stu_1309,sec_0038,2026-11-11 10:59:01
sub_05623,asg_0227,stu_0352,sec_0038,2026-11-11 09:06:00
sub_05624,asg_0227,stu_0174,sec_0038,2026-11-11 08:42:58
sub_05625,asg_0227,stu_1112,sec_0038,2026-11-11 11:35:10
sub_05626,asg_0227,stu_1370,sec_0038,2026-11-11 15:36:47
sub_05627,asg_0227,stu_0565,sec_0038,2026-11-11 17:58:19
sub_05628,asg_0227,stu_0243,sec_0038,2026-11-11 13:14:50
sub_05629,asg_0227,stu_0365,sec_0038,2026-11-11 06:25:08
sub_05630,asg_0227,stu_0519,sec_0038,2026-11-11 06:14:06
sub_05631,asg_0227,stu_1206,sec_0038,2026-11-11 10:18:31
sub_05632,asg_0227,stu_1030,sec_0038,2026-11-11 08:46:42
sub_05633,asg_0228,stu_0477,sec_0038,2026-12-07 05:43:09
sub_05634,asg_0228,stu_1341,sec_0038,2026-12-06 19:49:14
sub_05635,asg_0228,stu_0567,sec_0038,2026-12-03 16:45:28
sub_05636,asg_0228,stu_0525,sec_0038,2026-12-07 21:55:21
sub_05637,asg_0228,stu_0134,sec_0038,2026-12-05 04:19:05
sub_05638,asg_0228,stu_1195,sec_0038,2026-12-08 01:19:01
sub_05639,asg_0228,stu_0104,sec_0038,2026-12-04 03:47:25
sub_05640,asg_0228,stu_0410,sec_0038,2026-12-02 00:36:50
sub_05641,asg_0228,stu_0242,sec_0038,2026-12-05 16:53:10
sub_05642,asg_0228,stu_0098,sec_0038,2026-12-07 07:38:13
sub_05643,asg_0228,stu_1015,sec_0038,2026-12-07 13:24:40
sub_05644,asg_0228,stu_0205,sec_0038,2026-12-06 07:09:48
sub_05645,asg_0228,stu_0861,sec_0038,2026-12-05 19:49:50
sub_05646,asg_0228,stu_1260,sec_0038,2026-12-03 21:11:15
sub_05647,asg_0228,stu_0352,sec_0038,2026-12-03 01:03:25
sub_05648,asg_0228,stu_1112,sec_0038,2026-12-01 14:31:47
sub_05649,asg_0228,stu_1370,sec_0038,2026-12-01 06:02:59
sub_05650,asg_0228,stu_0565,sec_0038,2026-12-02 19:41:10
sub_05651,asg_0228,stu_0243,sec_0038,2026-12-01 02:34:31
sub_05652,asg_0228,stu_0365,sec_0038,2026-12-01 18:14:26
sub_05653,asg_0228,stu_0634,sec_0038,2026-12-03 07:44:40
sub_05654,asg_0228,stu_0380,sec_0038,2026-12-04 16:26:34
sub_05655,asg_0228,stu_0519,sec_0038,2026-12-02 08:52:10
sub_05656,asg_0228,stu_1206,sec_0038,2026-12-02 22:19:09
sub_05657,asg_0228,stu_1270,sec_0038,2026-12-02 21:21:29
sub_05658,asg_0228,stu_0931,sec_0038,2026-12-04 17:35:05
sub_05659,asg_0228,stu_0718,sec_0038,2026-12-07 18:48:12
sub_05660,asg_0228,stu_1030,sec_0038,2026-12-08 14:36:53
sub_05661,asg_0228,stu_0280,sec_0038,2026-12-02 22:56:57
sub_05662,asg_0229,stu_0547,sec_0039,2026-09-25 06:54:42
sub_05663,asg_0229,stu_0320,sec_0039,2026-09-15 01:00:00
sub_05664,asg_0229,stu_0499,sec_0039,2026-09-22 18:19:37
sub_05665,asg_0229,stu_0595,sec_0039,2026-09-24 13:17:18
sub_05666,asg_0229,stu_0724,sec_0039,2026-09-26 17:59:56
sub_05667,asg_0229,stu_1017,sec_0039,2026-09-24 03:44:06
sub_05668,asg_0229,stu_0501,sec_0039,2026-09-23 06:12:47
sub_05669,asg_0229,stu_1389,sec_0039,2026-09-25 06:57:17
sub_05670,asg_0229,stu_1257,sec_0039,2026-09-24 02:56:18
sub_05671,asg_0229,stu_1113,sec_0039,2026-09-24 03:56:09
sub_05672,asg_0229,stu_1149,sec_0039,2026-09-26 06:03:21
sub_05673,asg_0229,stu_0217,sec_0039,2026-09-24 22:10:44
sub_05674,asg_0229,stu_1314,sec_0039,2026-09-20 21:44:29
sub_05675,asg_0229,stu_0798,sec_0039,2026-09-24 02:45:39
sub_05676,asg_0229,stu_0349,sec_0039,2026-09-21 07:50:39
sub_05677,asg_0229,stu_0601,sec_0039,2026-09-26 08:15:05
sub_05678,asg_0229,stu_0959,sec_0039,2026-09-26 08:55:01
sub_05679,asg_0229,stu_0209,sec_0039,2026-09-21 16:01:40
sub_05680,asg_0229,stu_1272,sec_0039,2026-09-22 15:02:42
sub_05681,asg_0229,stu_0271,sec_0039,2026-09-24 20:15:58
sub_05682,asg_0229,stu_0716,sec_0039,2026-09-23 03:13:33
sub_05683,asg_0229,stu_1193,sec_0039,2026-09-26 05:44:56
sub_05684,asg_0229,stu_0991,sec_0039,2026-09-20 21:30:33
sub_05685,asg_0229,stu_0769,sec_0039,2026-09-22 02:36:12
sub_05686,asg_0229,stu_1243,sec_0039,2026-09-25 17:37:47
sub_05687,asg_0229,stu_0630,sec_0039,2026-09-21 13:25:29
sub_05688,asg_0229,stu_1352,sec_0039,2026-09-25 19:33:45
sub_05689,asg_0229,stu_1111,sec_0039,2026-09-25 04:55:24
sub_05690,asg_0229,stu_0772,sec_0039,2026-09-21 16:01:44
sub_05691,asg_0229,stu_0781,sec_0039,2026-09-24 13:14:13
sub_05692,asg_0229,stu_0047,sec_0039,2026-09-25 04:43:03
sub_05693,asg_0229,stu_1307,sec_0039,2026-09-21 09:07:27
sub_05694,asg_0229,stu_1127,sec_0039,2026-09-20 21:25:23
sub_05695,asg_0229,stu_0916,sec_0039,2026-09-25 09:49:41
sub_05696,asg_0229,stu_0757,sec_0039,2026-09-24 07:43:52
sub_05697,asg_0230,stu_0547,sec_0039,2026-10-05 16:59:17
sub_05698,asg_0230,stu_0803,sec_0039,2026-10-06 00:44:53
sub_05699,asg_0230,stu_0320,sec_0039,2026-10-04 09:51:35
sub_05700,asg_0230,stu_0499,sec_0039,2026-10-08 13:19:13
sub_05701,asg_0230,stu_0334,sec_0039,2026-10-04 15:55:15
sub_05702,asg_0230,stu_0524,sec_0039,2026-10-08 14:36:26
sub_05703,asg_0230,stu_0595,sec_0039,2026-10-08 04:44:52
sub_05704,asg_0230,stu_1221,sec_0039,2026-10-08 19:41:08
sub_05705,asg_0230,stu_0724,sec_0039,2026-10-08 19:46:45
sub_05706,asg_0230,stu_1017,sec_0039,2026-10-08 04:37:21
sub_05707,asg_0230,stu_0501,sec_0039,2026-10-05 11:07:26
sub_05708,asg_0230,stu_1389,sec_0039,2026-10-07 10:48:01
sub_05709,asg_0230,stu_1365,sec_0039,2026-10-06 04:21:53
sub_05710,asg_0230,stu_1149,sec_0039,2026-10-05 07:51:17
sub_05711,asg_0230,stu_0217,sec_0039,2026-10-06 07:53:25
sub_05712,asg_0230,stu_1314,sec_0039,2026-10-07 19:17:34
sub_05713,asg_0230,stu_1095,sec_0039,2026-10-08 15:01:05
sub_05714,asg_0230,stu_0798,sec_0039,2026-10-04 10:22:35
sub_05715,asg_0230,stu_0349,sec_0039,2026-10-04 03:54:16
sub_05716,asg_0230,stu_0601,sec_0039,2026-10-05 23:45:27
sub_05717,asg_0230,stu_0209,sec_0039,2026-10-06 04:14:19
sub_05718,asg_0230,stu_1272,sec_0039,2026-10-05 15:39:09
sub_05719,asg_0230,stu_0271,sec_0039,2026-10-07 15:51:59
sub_05720,asg_0230,stu_0716,sec_0039,2026-10-07 06:59:46
sub_05721,asg_0230,stu_1193,sec_0039,2026-10-07 05:56:02
sub_05722,asg_0230,stu_0991,sec_0039,2026-10-05 01:13:56
sub_05723,asg_0230,stu_0630,sec_0039,2026-10-05 03:56:03
sub_05724,asg_0230,stu_1120,sec_0039,2026-10-06 23:17:26
sub_05725,asg_0230,stu_1111,sec_0039,2026-10-06 07:31:55
sub_05726,asg_0230,stu_0772,sec_0039,2026-10-05 21:06:20
sub_05727,asg_0230,stu_0781,sec_0039,2026-10-06 23:53:01
sub_05728,asg_0230,stu_0047,sec_0039,2026-10-07 17:25:38
sub_05729,asg_0230,stu_1307,sec_0039,2026-10-07 09:22:33
sub_05730,asg_0230,stu_1127,sec_0039,2026-10-06 11:05:03
sub_05731,asg_0230,stu_0916,sec_0039,2026-10-04 08:17:35
sub_05732,asg_0230,stu_0757,sec_0039,2026-10-08 06:23:15
sub_05733,asg_0231,stu_0803,sec_0039,2026-10-23 09:49:45
sub_05734,asg_0231,stu_0320,sec_0039,2026-10-22 20:08:21
sub_05735,asg_0231,stu_0499,sec_0039,2026-10-21 01:26:30
sub_05736,asg_0231,stu_0334,sec_0039,2026-10-20 13:20:18
sub_05737,asg_0231,stu_0524,sec_0039,2026-10-21 19:08:00
sub_05738,asg_0231,stu_1221,sec_0039,2026-10-20 18:18:50
sub_05739,asg_0231,stu_0724,sec_0039,2026-10-19 17:40:22
sub_05740,asg_0231,stu_1017,sec_0039,2026-10-20 23:51:07
sub_05741,asg_0231,stu_0501,sec_0039,2026-10-23 10:15:55
sub_05742,asg_0231,stu_1389,sec_0039,2026-10-20 11:30:12
sub_05743,asg_0231,stu_1257,sec_0039,2026-10-19 08:40:57
sub_05744,asg_0231,stu_1365,sec_0039,2026-10-23 14:22:16
sub_05745,asg_0231,stu_0217,sec_0039,2026-10-19 01:25:47
sub_05746,asg_0231,stu_1314,sec_0039,2026-10-22 13:37:41
sub_05747,asg_0231,stu_1095,sec_0039,2026-10-22 17:32:20
sub_05748,asg_0231,stu_0349,sec_0039,2026-10-19 17:28:02
sub_05749,asg_0231,stu_0601,sec_0039,2026-10-20 02:02:20
sub_05750,asg_0231,stu_0209,sec_0039,2026-10-23 15:55:43
sub_05751,asg_0231,stu_1272,sec_0039,2026-10-21 08:05:10
sub_05752,asg_0231,stu_0271,sec_0039,2026-10-22 17:28:04
sub_05753,asg_0231,stu_0716,sec_0039,2026-10-17 23:37:40
sub_05754,asg_0231,stu_1193,sec_0039,2026-10-22 15:40:46
sub_05755,asg_0231,stu_0991,sec_0039,2026-10-19 15:29:32
sub_05756,asg_0231,stu_0769,sec_0039,2026-10-21 22:52:49
sub_05757,asg_0231,stu_1120,sec_0039,2026-10-21 05:08:01
sub_05758,asg_0231,stu_1352,sec_0039,2026-10-19 04:56:42
sub_05759,asg_0231,stu_1111,sec_0039,2026-10-18 11:52:09
sub_05760,asg_0231,stu_0772,sec_0039,2026-10-18 21:45:44
sub_05761,asg_0231,stu_0781,sec_0039,2026-10-21 08:30:24
sub_05762,asg_0231,stu_0047,sec_0039,2026-10-21 21:43:25
sub_05763,asg_0231,stu_1127,sec_0039,2026-10-18 16:24:07
sub_05764,asg_0231,stu_0916,sec_0039,2026-10-22 04:44:40
sub_05765,asg_0231,stu_0757,sec_0039,2026-10-23 21:59:15
sub_05766,asg_0232,stu_0547,sec_0039,2026-11-04 05:16:28
sub_05767,asg_0232,stu_0320,sec_0039,2026-11-02 12:01:00
sub_05768,asg_0232,stu_0499,sec_0039,2026-11-01 02:05:38
sub_05769,asg_0232,stu_0334,sec_0039,2026-11-03 13:12:34
sub_05770,asg_0232,stu_0524,sec_0039,2026-11-04 06:53:05
sub_05771,asg_0232,stu_0595,sec_0039,2026-10-31 22:27:49
sub_05772,asg_0232,stu_1221,sec_0039,2026-11-03 08:25:00
sub_05773,asg_0232,stu_0724,sec_0039,2026-11-03 08:08:07
sub_05774,asg_0232,stu_1017,sec_0039,2026-11-03 00:18:36
sub_05775,asg_0232,stu_0501,sec_0039,2026-11-01 05:46:34
sub_05776,asg_0232,stu_1389,sec_0039,2026-11-01 08:42:26
sub_05777,asg_0232,stu_1365,sec_0039,2026-11-02 05:04:36
sub_05778,asg_0232,stu_1113,sec_0039,2026-11-04 00:22:43
sub_05779,asg_0232,stu_1149,sec_0039,2026-11-02 23:59:04
sub_05780,asg_0232,stu_0217,sec_0039,2026-11-04 07:26:59
sub_05781,asg_0232,stu_1314,sec_0039,2026-11-04 13:18:18
sub_05782,asg_0232,stu_1095,sec_0039,2026-11-02 16:52:37
sub_05783,asg_0232,stu_0798,sec_0039,2026-11-02 12:56:14
sub_05784,asg_0232,stu_0349,sec_0039,2026-10-31 21:02:22
sub_05785,asg_0232,stu_0601,sec_0039,2026-11-04 17:21:15
sub_05786,asg_0232,stu_0959,sec_0039,2026-11-02 14:44:06
sub_05787,asg_0232,stu_0209,sec_0039,2026-10-31 20:58:53
sub_05788,asg_0232,stu_1272,sec_0039,2026-11-02 12:03:42
sub_05789,asg_0232,stu_0271,sec_0039,2026-11-04 02:59:00
sub_05790,asg_0232,stu_0716,sec_0039,2026-10-30 15:10:19
sub_05791,asg_0232,stu_1193,sec_0039,2026-10-31 19:24:47
sub_05792,asg_0232,stu_0991,sec_0039,2026-10-31 14:52:36
sub_05793,asg_0232,stu_0769,sec_0039,2026-11-04 16:51:09
sub_05794,asg_0232,stu_1243,sec_0039,2026-11-01 14:27:21
sub_05795,asg_0232,stu_0630,sec_0039,2026-11-01 02:41:18
sub_05796,asg_0232,stu_1120,sec_0039,2026-11-03 08:35:50
sub_05797,asg_0232,stu_1352,sec_0039,2026-11-03 08:54:37
sub_05798,asg_0232,stu_1111,sec_0039,2026-11-02 03:39:11
sub_05799,asg_0232,stu_0772,sec_0039,2026-11-01 02:32:51
sub_05800,asg_0232,stu_0781,sec_0039,2026-11-04 12:40:42
sub_05801,asg_0232,stu_0047,sec_0039,2026-11-04 04:23:29
sub_05802,asg_0232,stu_1307,sec_0039,2026-11-03 15:45:40
sub_05803,asg_0232,stu_1127,sec_0039,2026-11-02 03:11:03
sub_05804,asg_0232,stu_0916,sec_0039,2026-10-31 13:13:17
sub_05805,asg_0232,stu_0757,sec_0039,2026-11-03 21:58:20
sub_05806,asg_0233,stu_0547,sec_0039,2026-11-21 01:36:22
sub_05807,asg_0233,stu_0803,sec_0039,2026-11-23 18:20:50
sub_05808,asg_0233,stu_0320,sec_0039,2026-11-26 08:31:52
sub_05809,asg_0233,stu_0499,sec_0039,2026-11-26 07:22:15
sub_05810,asg_0233,stu_0334,sec_0039,2026-11-20 05:30:07
sub_05811,asg_0233,stu_0524,sec_0039,2026-11-23 22:05:58
sub_05812,asg_0233,stu_0595,sec_0039,2026-11-20 04:57:56
sub_05813,asg_0233,stu_1221,sec_0039,2026-11-21 02:21:17
sub_05814,asg_0233,stu_0724,sec_0039,2026-11-25 12:50:54
sub_05815,asg_0233,stu_1017,sec_0039,2026-11-18 09:41:34
sub_05816,asg_0233,stu_0501,sec_0039,2026-11-22 04:26:22
sub_05817,asg_0233,stu_1389,sec_0039,2026-11-22 19:23:37
sub_05818,asg_0233,stu_1257,sec_0039,2026-11-19 04:43:34
sub_05819,asg_0233,stu_1365,sec_0039,2026-11-22 17:54:28
sub_05820,asg_0233,stu_1113,sec_0039,2026-11-19 07:58:34
sub_05821,asg_0233,stu_1149,sec_0039,2026-11-23 11:53:27
sub_05822,asg_0233,stu_1314,sec_0039,2026-11-23 12:40:34
sub_05823,asg_0233,stu_1095,sec_0039,2026-11-25 15:32:40
sub_05824,asg_0233,stu_0798,sec_0039,2026-11-18 14:11:54
sub_05825,asg_0233,stu_0349,sec_0039,2026-11-22 18:44:35
sub_05826,asg_0233,stu_0601,sec_0039,2026-11-24 17:34:41
sub_05827,asg_0233,stu_0959,sec_0039,2026-11-23 18:56:30
sub_05828,asg_0233,stu_0209,sec_0039,2026-11-23 17:46:39
sub_05829,asg_0233,stu_1272,sec_0039,2026-11-24 12:19:04
sub_05830,asg_0233,stu_0271,sec_0039,2026-11-21 00:43:10
sub_05831,asg_0233,stu_0716,sec_0039,2026-11-17 12:05:05
sub_05832,asg_0233,stu_1193,sec_0039,2026-11-20 20:31:06
sub_05833,asg_0233,stu_0991,sec_0039,2026-11-24 15:16:40
sub_05834,asg_0233,stu_0769,sec_0039,2026-11-18 17:06:37
sub_05835,asg_0233,stu_1243,sec_0039,2026-11-23 07:10:26
sub_05836,asg_0233,stu_0630,sec_0039,2026-11-26 08:03:52
sub_05837,asg_0233,stu_1120,sec_0039,2026-11-18 16:18:25
sub_05838,asg_0233,stu_1352,sec_0039,2026-11-19 06:22:38
sub_05839,asg_0233,stu_1111,sec_0039,2026-11-20 09:30:02
sub_05840,asg_0233,stu_0772,sec_0039,2026-11-23 12:50:29
sub_05841,asg_0233,stu_0781,sec_0039,2026-11-19 12:21:29
sub_05842,asg_0233,stu_1307,sec_0039,2026-11-21 10:41:05
sub_05843,asg_0233,stu_0916,sec_0039,2026-11-25 19:22:42
sub_05844,asg_0233,stu_0757,sec_0039,2026-11-22 06:07:51
sub_05845,asg_0234,stu_0547,sec_0039,2026-11-29 22:57:39
sub_05846,asg_0234,stu_0803,sec_0039,2026-12-01 07:11:06
sub_05847,asg_0234,stu_0320,sec_0039,2026-11-30 07:29:58
sub_05848,asg_0234,stu_0499,sec_0039,2026-11-29 04:02:33
sub_05849,asg_0234,stu_0334,sec_0039,2026-12-02 21:44:38
sub_05850,asg_0234,stu_0524,sec_0039,2026-11-29 12:47:02
sub_05851,asg_0234,stu_0595,sec_0039,2026-11-29 07:13:32
sub_05852,asg_0234,stu_1221,sec_0039,2026-11-30 01:29:05
sub_05853,asg_0234,stu_0724,sec_0039,2026-12-02 06:56:13
sub_05854,asg_0234,stu_1017,sec_0039,2026-11-29 03:25:58
sub_05855,asg_0234,stu_0501,sec_0039,2026-12-02 15:46:14
sub_05856,asg_0234,stu_1389,sec_0039,2026-11-30 04:43:11
sub_05857,asg_0234,stu_1257,sec_0039,2026-11-30 22:28:29
sub_05858,asg_0234,stu_1365,sec_0039,2026-11-28 16:02:12
sub_05859,asg_0234,stu_1113,sec_0039,2026-11-28 18:11:39
sub_05860,asg_0234,stu_1149,sec_0039,2026-11-29 00:45:53
sub_05861,asg_0234,stu_0217,sec_0039,2026-11-29 04:09:37
sub_05862,asg_0234,stu_1314,sec_0039,2026-11-29 11:10:01
sub_05863,asg_0234,stu_1095,sec_0039,2026-12-01 17:28:27
sub_05864,asg_0234,stu_0798,sec_0039,2026-11-29 20:04:49
sub_05865,asg_0234,stu_0349,sec_0039,2026-11-29 12:40:56
sub_05866,asg_0234,stu_0601,sec_0039,2026-12-02 16:59:40
sub_05867,asg_0234,stu_0959,sec_0039,2026-12-01 20:22:47
sub_05868,asg_0234,stu_0209,sec_0039,2026-12-02 11:31:14
sub_05869,asg_0234,stu_1272,sec_0039,2026-12-01 09:08:03
sub_05870,asg_0234,stu_0271,sec_0039,2026-12-02 16:47:02
sub_05871,asg_0234,stu_0716,sec_0039,2026-11-28 20:17:20
sub_05872,asg_0234,stu_1193,sec_0039,2026-12-01 15:59:41
sub_05873,asg_0234,stu_0991,sec_0039,2026-12-02 21:17:59
sub_05874,asg_0234,stu_0769,sec_0039,2026-12-02 04:47:22
sub_05875,asg_0234,stu_1243,sec_0039,2026-11-30 03:11:27
sub_05876,asg_0234,stu_0630,sec_0039,2026-12-01 17:12:15
sub_05877,asg_0234,stu_1120,sec_0039,2026-11-28 15:19:07
sub_05878,asg_0234,stu_1352,sec_0039,2026-12-02 12:38:48
sub_05879,asg_0234,stu_0772,sec_0039,2026-11-29 14:47:57
sub_05880,asg_0234,stu_0781,sec_0039,2026-11-29 15:19:52
sub_05881,asg_0234,stu_0047,sec_0039,2026-11-28 16:55:49
sub_05882,asg_0234,stu_1307,sec_0039,2026-11-30 11:55:33
sub_05883,asg_0234,stu_1127,sec_0039,2026-12-02 13:35:16
sub_05884,asg_0234,stu_0916,sec_0039,2026-12-01 18:31:54
sub_05885,asg_0234,stu_0757,sec_0039,2026-11-30 00:06:41
sub_05886,asg_0235,stu_0459,sec_0040,2026-09-17 19:51:57
sub_05887,asg_0235,stu_0719,sec_0040,2026-09-17 09:40:22
sub_05888,asg_0235,stu_1220,sec_0040,2026-09-17 15:19:56
sub_05889,asg_0235,stu_1395,sec_0040,2026-09-17 14:08:39
sub_05890,asg_0235,stu_1168,sec_0040,2026-09-17 11:48:44
sub_05891,asg_0235,stu_0825,sec_0040,2026-09-17 13:58:38
sub_05892,asg_0235,stu_0474,sec_0040,2026-09-17 08:41:39
sub_05893,asg_0235,stu_0687,sec_0040,2026-09-17 20:17:22
sub_05894,asg_0235,stu_0203,sec_0040,2026-09-17 12:01:48
sub_05895,asg_0235,stu_0444,sec_0040,2026-09-17 18:47:59
sub_05896,asg_0235,stu_0658,sec_0040,2026-09-17 07:26:43
sub_05897,asg_0235,stu_0555,sec_0040,2026-09-17 23:56:16
sub_05898,asg_0235,stu_0558,sec_0040,2026-09-17 16:39:25
sub_05899,asg_0235,stu_1035,sec_0040,2026-09-17 22:52:24
sub_05900,asg_0235,stu_1139,sec_0040,2026-09-17 02:12:54
sub_05901,asg_0235,stu_0412,sec_0040,2026-09-17 10:13:25
sub_05902,asg_0235,stu_0049,sec_0040,2026-09-17 08:01:04
sub_05903,asg_0235,stu_0401,sec_0040,2026-09-17 00:17:29
sub_05904,asg_0235,stu_0794,sec_0040,2026-09-17 07:40:19
sub_05905,asg_0235,stu_1134,sec_0040,2026-09-17 09:47:26
sub_05906,asg_0235,stu_0939,sec_0040,2026-09-17 20:31:45
sub_05907,asg_0235,stu_0275,sec_0040,2026-09-17 15:17:15
sub_05908,asg_0235,stu_0762,sec_0040,2026-09-17 18:05:53
sub_05909,asg_0235,stu_0037,sec_0040,2026-09-17 02:49:48
sub_05910,asg_0235,stu_1066,sec_0040,2026-09-17 06:24:10
sub_05911,asg_0235,stu_0893,sec_0040,2026-09-17 10:26:44
sub_05912,asg_0235,stu_1118,sec_0040,2026-09-17 14:53:19
sub_05913,asg_0235,stu_1109,sec_0040,2026-09-16 22:25:35
sub_05914,asg_0235,stu_0623,sec_0040,2026-09-17 03:54:40
sub_05915,asg_0235,stu_0019,sec_0040,2026-09-17 03:50:58
sub_05916,asg_0236,stu_1071,sec_0040,2026-10-11 04:13:41
sub_05917,asg_0236,stu_0459,sec_0040,2026-10-07 15:00:53
sub_05918,asg_0236,stu_0831,sec_0040,2026-10-09 10:59:34
sub_05919,asg_0236,stu_0672,sec_0040,2026-10-09 04:55:05
sub_05920,asg_0236,stu_0719,sec_0040,2026-10-06 10:01:16
sub_05921,asg_0236,stu_1220,sec_0040,2026-10-13 12:23:55
sub_05922,asg_0236,stu_1395,sec_0040,2026-10-05 23:37:59
sub_05923,asg_0236,stu_1168,sec_0040,2026-10-11 16:13:18
sub_05924,asg_0236,stu_0486,sec_0040,2026-10-10 14:05:33
sub_05925,asg_0236,stu_0825,sec_0040,2026-10-05 17:46:58
sub_05926,asg_0236,stu_0474,sec_0040,2026-10-06 21:42:50
sub_05927,asg_0236,stu_0433,sec_0040,2026-10-10 06:14:47
sub_05928,asg_0236,stu_1055,sec_0040,2026-10-07 10:42:18
sub_05929,asg_0236,stu_0122,sec_0040,2026-10-11 12:41:54
sub_05930,asg_0236,stu_0658,sec_0040,2026-10-13 10:45:16
sub_05931,asg_0236,stu_0555,sec_0040,2026-10-08 06:07:52
sub_05932,asg_0236,stu_0364,sec_0040,2026-10-10 13:26:07
sub_05933,asg_0236,stu_0558,sec_0040,2026-10-08 22:07:33
sub_05934,asg_0236,stu_1213,sec_0040,2026-10-07 06:06:22
sub_05935,asg_0236,stu_1035,sec_0040,2026-10-13 05:57:31
sub_05936,asg_0236,stu_0991,sec_0040,2026-10-12 01:25:56
sub_05937,asg_0236,stu_1139,sec_0040,2026-10-12 03:03:39
sub_05938,asg_0236,stu_0412,sec_0040,2026-10-06 02:57:26
sub_05939,asg_0236,stu_0049,sec_0040,2026-10-10 16:26:22
sub_05940,asg_0236,stu_0401,sec_0040,2026-10-09 07:02:01
sub_05941,asg_0236,stu_0217,sec_0040,2026-10-08 02:47:57
sub_05942,asg_0236,stu_0794,sec_0040,2026-10-06 11:37:37
sub_05943,asg_0236,stu_0939,sec_0040,2026-10-07 22:51:05
sub_05944,asg_0236,stu_0275,sec_0040,2026-10-12 20:11:52
sub_05945,asg_0236,stu_0762,sec_0040,2026-10-11 21:12:44
sub_05946,asg_0236,stu_0037,sec_0040,2026-10-10 11:15:38
sub_05947,asg_0236,stu_1066,sec_0040,2026-10-04 21:29:42
sub_05948,asg_0236,stu_0893,sec_0040,2026-10-08 19:24:43
sub_05949,asg_0236,stu_1118,sec_0040,2026-10-11 06:45:27
sub_05950,asg_0236,stu_1109,sec_0040,2026-10-11 04:00:50
sub_05951,asg_0236,stu_0623,sec_0040,2026-10-13 01:38:28
sub_05952,asg_0236,stu_0019,sec_0040,2026-10-12 22:20:31
sub_05953,asg_0236,stu_1303,sec_0040,2026-10-08 08:21:34
sub_05954,asg_0237,stu_1071,sec_0040,2026-10-18 20:41:31
sub_05955,asg_0237,stu_0459,sec_0040,2026-10-22 10:07:47
sub_05956,asg_0237,stu_0831,sec_0040,2026-10-20 04:05:47
sub_05957,asg_0237,stu_0672,sec_0040,2026-10-18 15:38:17
sub_05958,asg_0237,stu_0719,sec_0040,2026-10-18 09:28:01
sub_05959,asg_0237,stu_1220,sec_0040,2026-10-18 23:49:48
sub_05960,asg_0237,stu_1395,sec_0040,2026-10-19 06:40:48
sub_05961,asg_0237,stu_0486,sec_0040,2026-10-22 12:49:56
sub_05962,asg_0237,stu_0825,sec_0040,2026-10-18 07:19:07
sub_05963,asg_0237,stu_0474,sec_0040,2026-10-23 05:59:16
sub_05964,asg_0237,stu_0433,sec_0040,2026-10-19 11:09:55
sub_05965,asg_0237,stu_0172,sec_0040,2026-10-20 23:18:07
sub_05966,asg_0237,stu_1055,sec_0040,2026-10-20 07:06:03
sub_05967,asg_0237,stu_0687,sec_0040,2026-10-23 03:16:21
sub_05968,asg_0237,stu_0203,sec_0040,2026-10-18 23:41:36
sub_05969,asg_0237,stu_0444,sec_0040,2026-10-23 10:11:18
sub_05970,asg_0237,stu_0658,sec_0040,2026-10-22 03:12:45
sub_05971,asg_0237,stu_0555,sec_0040,2026-10-23 14:20:06
sub_05972,asg_0237,stu_0558,sec_0040,2026-10-23 10:40:37
sub_05973,asg_0237,stu_1213,sec_0040,2026-10-22 09:18:57
sub_05974,asg_0237,stu_1035,sec_0040,2026-10-19 10:44:44
sub_05975,asg_0237,stu_0991,sec_0040,2026-10-20 11:48:08
sub_05976,asg_0237,stu_1139,sec_0040,2026-10-20 10:36:46
sub_05977,asg_0237,stu_0412,sec_0040,2026-10-22 00:34:30
sub_05978,asg_0237,stu_0049,sec_0040,2026-10-20 02:07:22
sub_05979,asg_0237,stu_0401,sec_0040,2026-10-22 18:32:26
sub_05980,asg_0237,stu_0217,sec_0040,2026-10-19 13:34:28
sub_05981,asg_0237,stu_0794,sec_0040,2026-10-19 02:55:43
sub_05982,asg_0237,stu_0939,sec_0040,2026-10-23 09:49:32
sub_05983,asg_0237,stu_0275,sec_0040,2026-10-23 18:17:14
sub_05984,asg_0237,stu_0037,sec_0040,2026-10-17 18:17:53
sub_05985,asg_0237,stu_1066,sec_0040,2026-10-20 09:13:58
sub_05986,asg_0237,stu_0893,sec_0040,2026-10-22 07:47:02
sub_05987,asg_0237,stu_1118,sec_0040,2026-10-20 04:49:59
sub_05988,asg_0237,stu_1109,sec_0040,2026-10-23 18:13:55
sub_05989,asg_0237,stu_0623,sec_0040,2026-10-22 15:34:10
sub_05990,asg_0237,stu_0019,sec_0040,2026-10-13 23:00:00
sub_05991,asg_0237,stu_1303,sec_0040,2026-10-22 00:14:48
sub_05992,asg_0238,stu_1071,sec_0040,2026-11-03 17:06:23
sub_05993,asg_0238,stu_0459,sec_0040,2026-10-31 13:29:02
sub_05994,asg_0238,stu_0831,sec_0040,2026-11-06 02:38:25
sub_05995,asg_0238,stu_0672,sec_0040,2026-11-03 17:10:39
sub_05996,asg_0238,stu_0719,sec_0040,2026-11-06 04:30:24
sub_05997,asg_0238,stu_1220,sec_0040,2026-11-03 14:14:52
sub_05998,asg_0238,stu_1395,sec_0040,2026-11-07 09:02:43
sub_05999,asg_0238,stu_0486,sec_0040,2026-11-06 05:22:22
sub_06000,asg_0238,stu_0474,sec_0040,2026-11-02 20:37:11
sub_06001,asg_0238,stu_0172,sec_0040,2026-11-02 04:24:04
sub_06002,asg_0238,stu_1055,sec_0040,2026-11-04 14:28:38
sub_06003,asg_0238,stu_0687,sec_0040,2026-11-02 14:05:42
sub_06004,asg_0238,stu_0122,sec_0040,2026-11-03 09:12:15
sub_06005,asg_0238,stu_0444,sec_0040,2026-11-06 04:41:52
sub_06006,asg_0238,stu_0658,sec_0040,2026-11-04 20:12:56
sub_06007,asg_0238,stu_0555,sec_0040,2026-11-01 21:04:57
sub_06008,asg_0238,stu_0364,sec_0040,2026-11-06 19:52:40
sub_06009,asg_0238,stu_0558,sec_0040,2026-11-06 21:13:08
sub_06010,asg_0238,stu_1213,sec_0040,2026-11-04 08:02:28
sub_06011,asg_0238,stu_0991,sec_0040,2026-11-03 07:08:10
sub_06012,asg_0238,stu_1139,sec_0040,2026-11-02 22:48:25
sub_06013,asg_0238,stu_0412,sec_0040,2026-11-06 01:31:39
sub_06014,asg_0238,stu_0049,sec_0040,2026-11-06 08:34:49
sub_06015,asg_0238,stu_0401,sec_0040,2026-11-01 17:11:52
sub_06016,asg_0238,stu_0217,sec_0040,2026-11-04 21:20:31
sub_06017,asg_0238,stu_0794,sec_0040,2026-11-02 04:39:03
sub_06018,asg_0238,stu_0939,sec_0040,2026-11-04 13:34:33
sub_06019,asg_0238,stu_0275,sec_0040,2026-11-04 03:05:41
sub_06020,asg_0238,stu_0762,sec_0040,2026-11-05 00:14:10
sub_06021,asg_0238,stu_0037,sec_0040,2026-11-03 22:12:19
sub_06022,asg_0238,stu_1066,sec_0040,2026-11-02 20:48:02
sub_06023,asg_0238,stu_0893,sec_0040,2026-11-06 16:07:11
sub_06024,asg_0238,stu_1118,sec_0040,2026-11-05 14:42:12
sub_06025,asg_0238,stu_1109,sec_0040,2026-11-06 19:05:45
sub_06026,asg_0238,stu_0623,sec_0040,2026-11-04 18:45:27
sub_06027,asg_0238,stu_0019,sec_0040,2026-11-01 18:50:11
sub_06028,asg_0238,stu_1303,sec_0040,2026-11-05 17:44:13
sub_06029,asg_0239,stu_1071,sec_0040,2026-11-12 10:26:00
sub_06030,asg_0239,stu_0831,sec_0040,2026-11-12 06:21:45
sub_06031,asg_0239,stu_0719,sec_0040,2026-11-12 01:08:51
sub_06032,asg_0239,stu_1168,sec_0040,2026-11-12 11:47:36
sub_06033,asg_0239,stu_0486,sec_0040,2026-11-12 06:26:29
sub_06034,asg_0239,stu_0825,sec_0040,2026-11-11 18:17:48
sub_06035,asg_0239,stu_0433,sec_0040,2026-11-12 03:05:48
sub_06036,asg_0239,stu_1055,sec_0040,2026-11-12 16:39:49
sub_06037,asg_0239,stu_0687,sec_0040,2026-11-12 18:29:42
sub_06038,asg_0239,stu_0203,sec_0040,2026-11-12 12:25:45
sub_06039,asg_0239,stu_0444,sec_0040,2026-11-12 18:38:04
sub_06040,asg_0239,stu_0658,sec_0040,2026-11-12 09:13:42
sub_06041,asg_0239,stu_0555,sec_0040,2026-11-12 03:33:59
sub_06042,asg_0239,stu_0364,sec_0040,2026-11-12 06:36:47
sub_06043,asg_0239,stu_0558,sec_0040,2026-11-12 18:35:56
sub_06044,asg_0239,stu_1035,sec_0040,2026-11-12 15:23:14
sub_06045,asg_0239,stu_1139,sec_0040,2026-11-12 01:16:47
sub_06046,asg_0239,stu_0412,sec_0040,2026-11-12 02:54:35
sub_06047,asg_0239,stu_0217,sec_0040,2026-11-12 05:55:23
sub_06048,asg_0239,stu_0794,sec_0040,2026-11-11 23:41:54
sub_06049,asg_0239,stu_1134,sec_0040,2026-11-12 05:34:54
sub_06050,asg_0239,stu_0939,sec_0040,2026-11-12 14:06:16
sub_06051,asg_0239,stu_0275,sec_0040,2026-11-12 09:18:47
sub_06052,asg_0239,stu_0762,sec_0040,2026-11-12 15:14:20
sub_06053,asg_0239,stu_0037,sec_0040,2026-11-11 19:06:59
sub_06054,asg_0239,stu_1066,sec_0040,2026-11-12 05:53:43
sub_06055,asg_0239,stu_0893,sec_0040,2026-11-12 16:00:33
sub_06056,asg_0239,stu_1109,sec_0040,2026-11-12 09:53:40
sub_06057,asg_0239,stu_0623,sec_0040,2026-11-12 16:39:14
sub_06058,asg_0240,stu_1071,sec_0040,2026-11-25 08:53:06
sub_06059,asg_0240,stu_0459,sec_0040,2026-11-25 15:25:00
sub_06060,asg_0240,stu_0831,sec_0040,2026-11-25 14:47:33
sub_06061,asg_0240,stu_0719,sec_0040,2026-11-25 06:44:38
sub_06062,asg_0240,stu_1395,sec_0040,2026-11-25 10:58:54
sub_06063,asg_0240,stu_0486,sec_0040,2026-11-25 07:33:47
sub_06064,asg_0240,stu_0474,sec_0040,2026-11-25 11:49:54
sub_06065,asg_0240,stu_0433,sec_0040,2026-11-25 12:21:07
sub_06066,asg_0240,stu_0172,sec_0040,2026-11-25 09:24:26
sub_06067,asg_0240,stu_1055,sec_0040,2026-11-25 12:16:17
sub_06068,asg_0240,stu_0687,sec_0040,2026-11-25 09:28:49
sub_06069,asg_0240,stu_0203,sec_0040,2026-11-25 11:44:14
sub_06070,asg_0240,stu_0444,sec_0040,2026-11-25 04:10:22
sub_06071,asg_0240,stu_0555,sec_0040,2026-11-25 15:57:17
sub_06072,asg_0240,stu_0364,sec_0040,2026-11-25 04:16:21
sub_06073,asg_0240,stu_0558,sec_0040,2026-11-25 08:46:46
sub_06074,asg_0240,stu_1035,sec_0040,2026-11-25 09:00:18
sub_06075,asg_0240,stu_1139,sec_0040,2026-11-25 06:09:13
sub_06076,asg_0240,stu_0412,sec_0040,2026-11-25 14:47:19
sub_06077,asg_0240,stu_0401,sec_0040,2026-11-25 11:44:00
sub_06078,asg_0240,stu_0217,sec_0040,2026-11-25 06:56:24
sub_06079,asg_0240,stu_0794,sec_0040,2026-11-25 06:02:55
sub_06080,asg_0240,stu_1134,sec_0040,2026-11-25 13:59:19
sub_06081,asg_0240,stu_0939,sec_0040,2026-11-25 15:39:16
sub_06082,asg_0240,stu_0275,sec_0040,2026-11-25 03:57:49
sub_06083,asg_0240,stu_0762,sec_0040,2026-11-25 08:35:23
sub_06084,asg_0240,stu_1066,sec_0040,2026-11-25 10:26:56
sub_06085,asg_0240,stu_1118,sec_0040,2026-11-25 14:11:31
sub_06086,asg_0240,stu_1109,sec_0040,2026-11-25 10:07:34
sub_06087,asg_0240,stu_0623,sec_0040,2026-11-25 04:24:12
sub_06088,asg_0240,stu_0019,sec_0040,2026-11-24 20:00:00
sub_06089,asg_0240,stu_1303,sec_0040,2026-11-25 08:08:58
